,gameNumber,gameName,price,prizeamount,startDate,endDate,lastdatetoclaim,overallodds,Winning Tickets At Start,Winning Tickets Unclaimed,dateexported,prizeodds,gameURL,tierLevel,topprize,topprizeodds,topprizeremain,topprizeavail,extrachances,secondChance
0,1496,Strike It Rich,20.0,500000,2025-07-01 00:00:00,2099-12-31 00:00:00,2099-12-31 00:00:00,3.06,7,7,2025-07-20 12:01:02.337000,310958.6,https://www.arizonalottery.com/scratchers/1496-strike-it-rich/,1,500000.0,310958.6,7.0,,,
1,1496,Strike It Rich,20.0,10000,2025-07-01 00:00:00,2099-12-31 00:00:00,2099-12-31 00:00:00,3.06,10,9,2025-07-20 12:01:02.337000,217671.0,https://www.arizonalottery.com/scratchers/1496-strike-it-rich/,2,500000.0,310958.6,7.0,,,
2,1496,Strike It Rich,20.0,1000,2025-07-01 00:00:00,2099-12-31 00:00:00,2099-12-31 00:00:00,3.06,185,177,2025-07-20 12:01:02.337000,11766.0,https://www.arizonalottery.com/scratchers/1496-strike-it-rich/,3,500000.0,310958.6,7.0,,,
3,1496,Strike It Rich,20.0,500,2025-07-01 00:00:00,2099-12-31 00:00:00,2099-12-31 00:00:00,3.06,7234,6693,2025-07-20 12:01:02.337000,300.9,https://www.arizonalottery.com/scratchers/1496-strike-it-rich/,4,500000.0,310958.6,7.0,,,
4,1496,Strike It Rich,20.0,200,2025-07-01 00:00:00,2099-12-31 00:00:00,2099-12-31 00:00:00,3.06,15794,14622,2025-07-20 12:01:02.337000,137.82,https://www.arizonalottery.com/scratchers/1496-strike-it-rich/,5,500000.0,310958.6,7.0,,,
5,1496,Strike It Rich,20.0,100,2025-07-01 00:00:00,2099-12-31 00:00:00,2099-12-31 00:00:00,3.06,45322,42033,2025-07-20 12:01:02.337000,48.03,https://www.arizonalottery.com/scratchers/1496-strike-it-rich/,6,500000.0,310958.6,7.0,,,
6,1496,Strike It Rich,20.0,50,2025-07-01 00:00:00,2099-12-31 00:00:00,2099-12-31 00:00:00,3.06,62406,57904,2025-07-20 12:01:02.337000,34.88,https://www.arizonalottery.com/scratchers/1496-strike-it-rich/,7,500000.0,310958.6,7.0,,,
7,1496,Strike It Rich,20.0,40,2025-07-01 00:00:00,2099-12-31 00:00:00,2099-12-31 00:00:00,3.06,73101,67822,2025-07-20 12:01:02.337000,29.78,https://www.arizonalottery.com/scratchers/1496-strike-it-rich/,8,500000.0,310958.6,7.0,,,
8,1496,Strike It Rich,20.0,25,2025-07-01 00:00:00,2099-12-31 00:00:00,2099-12-31 00:00:00,3.06,199572,185547,2025-07-20 12:01:02.337000,10.91,https://www.arizonalottery.com/scratchers/1496-strike-it-rich/,9,500000.0,310958.6,7.0,,,
9,1496,Strike It Rich,20.0,20,2025-07-01 00:00:00,2099-12-31 00:00:00,2099-12-31 00:00:00,3.06,308327,286633,2025-07-20 12:01:02.337000,7.06,https://www.arizonalottery.com/scratchers/1496-strike-it-rich/,10,500000.0,310958.6,7.0,,,
10,1495,NASCAR,10.0,100000,2025-07-01 00:00:00,2099-12-31 00:00:00,2099-12-31 00:00:00,3.48,4,4,2025-07-20 12:01:02.140000,507855.0,https://www.arizonalottery.com/scratchers/1495-nascar/,1,100000.0,507855.0,4.0,,,
11,1495,NASCAR,10.0,1000,2025-07-01 00:00:00,2099-12-31 00:00:00,2099-12-31 00:00:00,3.48,68,59,2025-07-20 12:01:02.140000,29873.82,https://www.arizonalottery.com/scratchers/1495-nascar/,2,100000.0,507855.0,4.0,,,
12,1495,NASCAR,10.0,500,2025-07-01 00:00:00,2099-12-31 00:00:00,2099-12-31 00:00:00,3.48,510,471,2025-07-20 12:01:02.140000,3983.18,https://www.arizonalottery.com/scratchers/1495-nascar/,3,100000.0,507855.0,4.0,,,
13,1495,NASCAR,10.0,250,2025-07-01 00:00:00,2099-12-31 00:00:00,2099-12-31 00:00:00,3.48,1007,952,2025-07-20 12:01:02.140000,2017.3,https://www.arizonalottery.com/scratchers/1495-nascar/,4,100000.0,507855.0,4.0,,,
14,1495,NASCAR,10.0,200,2025-07-01 00:00:00,2099-12-31 00:00:00,2099-12-31 00:00:00,3.48,2185,2032,2025-07-20 12:01:02.140000,929.71,https://www.arizonalottery.com/scratchers/1495-nascar/,5,100000.0,507855.0,4.0,,,
15,1495,NASCAR,10.0,100,2025-07-01 00:00:00,2099-12-31 00:00:00,2099-12-31 00:00:00,3.48,33857,31672,2025-07-20 12:01:02.140000,60.0,https://www.arizonalottery.com/scratchers/1495-nascar/,6,100000.0,507855.0,4.0,,,
16,1495,NASCAR,10.0,50,2025-07-01 00:00:00,2099-12-31 00:00:00,2099-12-31 00:00:00,3.48,47399,44457,2025-07-20 12:01:02.140000,42.86,https://www.arizonalottery.com/scratchers/1495-nascar/,7,100000.0,507855.0,4.0,,,
17,1495,NASCAR,10.0,25,2025-07-01 00:00:00,2099-12-31 00:00:00,2099-12-31 00:00:00,3.48,50796,47442,2025-07-20 12:01:02.140000,39.99,https://www.arizonalottery.com/scratchers/1495-nascar/,8,100000.0,507855.0,4.0,,,
18,1495,NASCAR,10.0,20,2025-07-01 00:00:00,2099-12-31 00:00:00,2099-12-31 00:00:00,3.48,93112,87231,2025-07-20 12:01:02.140000,21.82,https://www.arizonalottery.com/scratchers/1495-nascar/,9,100000.0,507855.0,4.0,,,
19,1495,NASCAR,10.0,15,2025-07-01 00:00:00,2099-12-31 00:00:00,2099-12-31 00:00:00,3.48,135407,127214,2025-07-20 12:01:02.140000,15.0,https://www.arizonalottery.com/scratchers/1495-nascar/,10,100000.0,507855.0,4.0,,,
20,1495,NASCAR,10.0,10,2025-07-01 00:00:00,2099-12-31 00:00:00,2099-12-31 00:00:00,3.48,220076,206709,2025-07-20 12:01:02.140000,9.23,https://www.arizonalottery.com/scratchers/1495-nascar/,11,100000.0,507855.0,4.0,,,
21,1492,Instant Cash,5.0,50000,2025-07-01 00:00:00,2099-12-31 00:00:00,2099-12-31 00:00:00,3.67,7,6,2025-07-20 12:01:01.723000,317708.6,https://www.arizonalottery.com/scratchers/1492-instant-cash/,1,50000.0,317708.6,6.0,,,
22,1492,Instant Cash,5.0,1000,2025-07-01 00:00:00,2099-12-31 00:00:00,2099-12-31 00:00:00,3.67,20,20,2025-07-20 12:01:01.723000,111198.0,https://www.arizonalottery.com/scratchers/1492-instant-cash/,2,50000.0,317708.6,6.0,,,
23,1492,Instant Cash,5.0,500,2025-07-01 00:00:00,2099-12-31 00:00:00,2099-12-31 00:00:00,3.67,93,83,2025-07-20 12:01:01.723000,23913.55,https://www.arizonalottery.com/scratchers/1492-instant-cash/,3,50000.0,317708.6,6.0,,,
24,1492,Instant Cash,5.0,250,2025-07-01 00:00:00,2099-12-31 00:00:00,2099-12-31 00:00:00,3.67,367,331,2025-07-20 12:01:01.723000,6059.84,https://www.arizonalottery.com/scratchers/1492-instant-cash/,4,50000.0,317708.6,6.0,,,
25,1492,Instant Cash,5.0,100,2025-07-01 00:00:00,2099-12-31 00:00:00,2099-12-31 00:00:00,3.67,2760,2424,2025-07-20 12:01:01.723000,805.78,https://www.arizonalottery.com/scratchers/1492-instant-cash/,5,50000.0,317708.6,6.0,,,
26,1492,Instant Cash,5.0,50,2025-07-01 00:00:00,2099-12-31 00:00:00,2099-12-31 00:00:00,3.67,8169,7235,2025-07-20 12:01:01.723000,272.24,https://www.arizonalottery.com/scratchers/1492-instant-cash/,6,50000.0,317708.6,6.0,,,
27,1492,Instant Cash,5.0,40,2025-07-01 00:00:00,2099-12-31 00:00:00,2099-12-31 00:00:00,3.67,19284,17081,2025-07-20 12:01:01.723000,115.33,https://www.arizonalottery.com/scratchers/1492-instant-cash/,7,50000.0,317708.6,6.0,,,
28,1492,Instant Cash,5.0,25,2025-07-01 00:00:00,2099-12-31 00:00:00,2099-12-31 00:00:00,3.67,37066,32925,2025-07-20 12:01:01.723000,60.0,https://www.arizonalottery.com/scratchers/1492-instant-cash/,8,50000.0,317708.6,6.0,,,
29,1492,Instant Cash,5.0,20,2025-07-01 00:00:00,2099-12-31 00:00:00,2099-12-31 00:00:00,3.67,74132,66019,2025-07-20 12:01:01.723000,30.0,https://www.arizonalottery.com/scratchers/1492-instant-cash/,9,50000.0,317708.6,6.0,,,
30,1492,Instant Cash,5.0,10,2025-07-01 00:00:00,2099-12-31 00:00:00,2099-12-31 00:00:00,3.67,194562,173979,2025-07-20 12:01:01.723000,11.43,https://www.arizonalottery.com/scratchers/1492-instant-cash/,10,50000.0,317708.6,6.0,,,
31,1492,Instant Cash,5.0,5,2025-07-01 00:00:00,2099-12-31 00:00:00,2099-12-31 00:00:00,3.67,268816,241546,2025-07-20 12:01:01.723000,8.27,https://www.arizonalottery.com/scratchers/1492-instant-cash/,11,50000.0,317708.6,6.0,,,
32,1491,Million Dollar Crossword,30.0,1000000,2025-06-03 00:00:00,2099-12-31 00:00:00,2099-12-31 00:00:00,2.3,7,7,2025-07-20 12:01:01.497000,319711.4,https://www.arizonalottery.com/scratchers/1491-million-dollar-crossword/,1,1000000.0,319711.4,7.0,,,
33,1491,Million Dollar Crossword,30.0,25000,2025-06-03 00:00:00,2099-12-31 00:00:00,2099-12-31 00:00:00,2.3,12,11,2025-07-20 12:01:01.497000,186498.3,https://www.arizonalottery.com/scratchers/1491-million-dollar-crossword/,2,1000000.0,319711.4,7.0,,,
34,1491,Million Dollar Crossword,30.0,5000,2025-06-03 00:00:00,2099-12-31 00:00:00,2099-12-31 00:00:00,2.3,24,21,2025-07-20 12:01:01.497000,93249.17,https://www.arizonalottery.com/scratchers/1491-million-dollar-crossword/,3,1000000.0,319711.4,7.0,,,
35,1491,Million Dollar Crossword,30.0,2500,2025-06-03 00:00:00,2099-12-31 00:00:00,2099-12-31 00:00:00,2.3,76,67,2025-07-20 12:01:01.497000,29447.11,https://www.arizonalottery.com/scratchers/1491-million-dollar-crossword/,4,1000000.0,319711.4,7.0,,,
36,1491,Million Dollar Crossword,30.0,1000,2025-06-03 00:00:00,2099-12-31 00:00:00,2099-12-31 00:00:00,2.3,186,168,2025-07-20 12:01:01.497000,12032.15,https://www.arizonalottery.com/scratchers/1491-million-dollar-crossword/,5,1000000.0,319711.4,7.0,,,
37,1491,Million Dollar Crossword,30.0,500,2025-06-03 00:00:00,2099-12-31 00:00:00,2099-12-31 00:00:00,2.3,6564,5850,2025-07-20 12:01:01.497000,340.95,https://www.arizonalottery.com/scratchers/1491-million-dollar-crossword/,6,1000000.0,319711.4,7.0,,,
38,1491,Million Dollar Crossword,30.0,250,2025-06-03 00:00:00,2099-12-31 00:00:00,2099-12-31 00:00:00,2.3,12140,10797,2025-07-20 12:01:01.497000,184.35,https://www.arizonalottery.com/scratchers/1491-million-dollar-crossword/,7,1000000.0,319711.4,7.0,,,
39,1491,Million Dollar Crossword,30.0,100,2025-06-03 00:00:00,2099-12-31 00:00:00,2099-12-31 00:00:00,2.3,37272,33287,2025-07-20 12:01:01.497000,60.04,https://www.arizonalottery.com/scratchers/1491-million-dollar-crossword/,8,1000000.0,319711.4,7.0,,,
40,1491,Million Dollar Crossword,30.0,75,2025-06-03 00:00:00,2099-12-31 00:00:00,2099-12-31 00:00:00,2.3,74694,66746,2025-07-20 12:01:01.497000,29.96,https://www.arizonalottery.com/scratchers/1491-million-dollar-crossword/,9,1000000.0,319711.4,7.0,,,
41,1491,Million Dollar Crossword,30.0,50,2025-06-03 00:00:00,2099-12-31 00:00:00,2099-12-31 00:00:00,2.3,204968,183040,2025-07-20 12:01:01.497000,10.92,https://www.arizonalottery.com/scratchers/1491-million-dollar-crossword/,10,1000000.0,319711.4,7.0,,,
42,1491,Million Dollar Crossword,30.0,40,2025-06-03 00:00:00,2099-12-31 00:00:00,2099-12-31 00:00:00,2.3,278008,248694,2025-07-20 12:01:01.497000,8.05,https://www.arizonalottery.com/scratchers/1491-million-dollar-crossword/,11,1000000.0,319711.4,7.0,,,
43,1491,Million Dollar Crossword,30.0,30,2025-06-03 00:00:00,2099-12-31 00:00:00,2099-12-31 00:00:00,2.3,357991,320686,2025-07-20 12:01:01.497000,6.25,https://www.arizonalottery.com/scratchers/1491-million-dollar-crossword/,12,1000000.0,319711.4,7.0,,,
44,1493,Ka Pow,10.0,100000,2025-06-03 00:00:00,2099-12-31 00:00:00,2099-12-31 00:00:00,3.43,7,6,2025-07-20 12:01:01.937000,296194.3,https://www.arizonalottery.com/scratchers/1493-ka-pow/,1,100000.0,296194.3,6.0,,,
45,1493,Ka Pow,10.0,10000,2025-06-03 00:00:00,2099-12-31 00:00:00,2099-12-31 00:00:00,3.43,10,7,2025-07-20 12:01:01.937000,207336.0,https://www.arizonalottery.com/scratchers/1493-ka-pow/,2,100000.0,296194.3,6.0,,,
46,1493,Ka Pow,10.0,1000,2025-06-03 00:00:00,2099-12-31 00:00:00,2099-12-31 00:00:00,3.43,71,56,2025-07-20 12:01:01.937000,29202.25,https://www.arizonalottery.com/scratchers/1493-ka-pow/,3,100000.0,296194.3,6.0,,,
47,1493,Ka Pow,10.0,500,2025-06-03 00:00:00,2099-12-31 00:00:00,2099-12-31 00:00:00,3.43,694,543,2025-07-20 12:01:01.937000,2987.55,https://www.arizonalottery.com/scratchers/1493-ka-pow/,4,100000.0,296194.3,6.0,,,
48,1493,Ka Pow,10.0,200,2025-06-03 00:00:00,2099-12-31 00:00:00,2099-12-31 00:00:00,3.43,2095,1647,2025-07-20 12:01:01.937000,989.67,https://www.arizonalottery.com/scratchers/1493-ka-pow/,5,100000.0,296194.3,6.0,,,
49,1493,Ka Pow,10.0,100,2025-06-03 00:00:00,2099-12-31 00:00:00,2099-12-31 00:00:00,3.43,34005,26717,2025-07-20 12:01:01.937000,60.97,https://www.arizonalottery.com/scratchers/1493-ka-pow/,6,100000.0,296194.3,6.0,,,
50,1493,Ka Pow,10.0,50,2025-06-03 00:00:00,2099-12-31 00:00:00,2099-12-31 00:00:00,3.43,48404,37931,2025-07-20 12:01:01.937000,42.83,https://www.arizonalottery.com/scratchers/1493-ka-pow/,7,100000.0,296194.3,6.0,,,
51,1493,Ka Pow,10.0,25,2025-06-03 00:00:00,2099-12-31 00:00:00,2099-12-31 00:00:00,3.43,69112,54512,2025-07-20 12:01:01.937000,30.0,https://www.arizonalottery.com/scratchers/1493-ka-pow/,8,100000.0,296194.3,6.0,,,
52,1493,Ka Pow,10.0,20,2025-06-03 00:00:00,2099-12-31 00:00:00,2099-12-31 00:00:00,3.43,86387,68208,2025-07-20 12:01:01.937000,24.0,https://www.arizonalottery.com/scratchers/1493-ka-pow/,9,100000.0,296194.3,6.0,,,
53,1493,Ka Pow,10.0,15,2025-06-03 00:00:00,2099-12-31 00:00:00,2099-12-31 00:00:00,3.43,138249,109445,2025-07-20 12:01:01.937000,15.0,https://www.arizonalottery.com/scratchers/1493-ka-pow/,10,100000.0,296194.3,6.0,,,
54,1493,Ka Pow,10.0,10,2025-06-03 00:00:00,2099-12-31 00:00:00,2099-12-31 00:00:00,3.43,224567,178512,2025-07-20 12:01:01.937000,9.23,https://www.arizonalottery.com/scratchers/1493-ka-pow/,11,100000.0,296194.3,6.0,,,
55,1498,Cosmic Cash Lines,3.0,20000,2025-06-03 00:00:00,2099-12-31 00:00:00,2099-12-31 00:00:00,3.75,10,8,2025-07-20 12:01:02.523000,272400.0,https://www.arizonalottery.com/scratchers/1498-cosmic-cash-lines/,1,20000.0,272400.0,8.0,,,
56,1498,Cosmic Cash Lines,3.0,1000,2025-06-03 00:00:00,2099-12-31 00:00:00,2099-12-31 00:00:00,3.75,23,21,2025-07-20 12:01:02.523000,118434.8,https://www.arizonalottery.com/scratchers/1498-cosmic-cash-lines/,2,20000.0,272400.0,8.0,,,
57,1498,Cosmic Cash Lines,3.0,500,2025-06-03 00:00:00,2099-12-31 00:00:00,2099-12-31 00:00:00,3.75,46,38,2025-07-20 12:01:02.523000,59217.39,https://www.arizonalottery.com/scratchers/1498-cosmic-cash-lines/,3,20000.0,272400.0,8.0,,,
58,1498,Cosmic Cash Lines,3.0,100,2025-06-03 00:00:00,2099-12-31 00:00:00,2099-12-31 00:00:00,3.75,1817,1402,2025-07-20 12:01:02.523000,1499.17,https://www.arizonalottery.com/scratchers/1498-cosmic-cash-lines/,4,20000.0,272400.0,8.0,,,
59,1498,Cosmic Cash Lines,3.0,50,2025-06-03 00:00:00,2099-12-31 00:00:00,2099-12-31 00:00:00,3.75,7814,6146,2025-07-20 12:01:02.523000,348.61,https://www.arizonalottery.com/scratchers/1498-cosmic-cash-lines/,5,20000.0,272400.0,8.0,,,
60,1498,Cosmic Cash Lines,3.0,30,2025-06-03 00:00:00,2099-12-31 00:00:00,2099-12-31 00:00:00,3.75,22707,17918,2025-07-20 12:01:02.523000,119.96,https://www.arizonalottery.com/scratchers/1498-cosmic-cash-lines/,6,20000.0,272400.0,8.0,,,
61,1498,Cosmic Cash Lines,3.0,20,2025-06-03 00:00:00,2099-12-31 00:00:00,2099-12-31 00:00:00,3.75,34028,26931,2025-07-20 12:01:02.523000,80.05,https://www.arizonalottery.com/scratchers/1498-cosmic-cash-lines/,7,20000.0,272400.0,8.0,,,
62,1498,Cosmic Cash Lines,3.0,10,2025-06-03 00:00:00,2099-12-31 00:00:00,2099-12-31 00:00:00,3.75,61327,48951,2025-07-20 12:01:02.523000,44.42,https://www.arizonalottery.com/scratchers/1498-cosmic-cash-lines/,8,20000.0,272400.0,8.0,,,
63,1498,Cosmic Cash Lines,3.0,6,2025-06-03 00:00:00,2099-12-31 00:00:00,2099-12-31 00:00:00,3.75,102137,81970,2025-07-20 12:01:02.523000,26.67,https://www.arizonalottery.com/scratchers/1498-cosmic-cash-lines/,9,20000.0,272400.0,8.0,,,
64,1498,Cosmic Cash Lines,3.0,5,2025-06-03 00:00:00,2099-12-31 00:00:00,2099-12-31 00:00:00,3.75,163445,132111,2025-07-20 12:01:02.523000,16.67,https://www.arizonalottery.com/scratchers/1498-cosmic-cash-lines/,10,20000.0,272400.0,8.0,,,
65,1498,Cosmic Cash Lines,3.0,3,2025-06-03 00:00:00,2099-12-31 00:00:00,2099-12-31 00:00:00,3.75,333703,271234,2025-07-20 12:01:02.523000,8.16,https://www.arizonalottery.com/scratchers/1498-cosmic-cash-lines/,11,20000.0,272400.0,8.0,,,
66,1500,JURASSIC PARK,5.0,50000,2025-06-03 00:00:00,2099-12-31 00:00:00,2099-12-31 00:00:00,3.52,5,2,2025-07-20 12:01:02.727000,414672.0,https://www.arizonalottery.com/scratchers/1500-jurassic-park/,1,50000.0,414672.0,2.0,,,
67,1500,JURASSIC PARK,5.0,500,2025-06-03 00:00:00,2099-12-31 00:00:00,2099-12-31 00:00:00,3.52,84,44,2025-07-20 12:01:02.727000,24682.86,https://www.arizonalottery.com/scratchers/1500-jurassic-park/,2,50000.0,414672.0,2.0,,,
68,1500,JURASSIC PARK,5.0,200,2025-06-03 00:00:00,2099-12-31 00:00:00,2099-12-31 00:00:00,3.52,501,319,2025-07-20 12:01:02.727000,4138.44,https://www.arizonalottery.com/scratchers/1500-jurassic-park/,3,50000.0,414672.0,2.0,,,
69,1500,JURASSIC PARK,5.0,100,2025-06-03 00:00:00,2099-12-31 00:00:00,2099-12-31 00:00:00,3.52,2958,1776,2025-07-20 12:01:02.727000,700.93,https://www.arizonalottery.com/scratchers/1500-jurassic-park/,4,50000.0,414672.0,2.0,,,
70,1500,JURASSIC PARK,5.0,50,2025-06-03 00:00:00,2099-12-31 00:00:00,2099-12-31 00:00:00,3.52,10865,6567,2025-07-20 12:01:02.727000,190.83,https://www.arizonalottery.com/scratchers/1500-jurassic-park/,5,50000.0,414672.0,2.0,,,
71,1500,JURASSIC PARK,5.0,40,2025-06-03 00:00:00,2099-12-31 00:00:00,2099-12-31 00:00:00,3.52,19759,12104,2025-07-20 12:01:02.727000,104.93,https://www.arizonalottery.com/scratchers/1500-jurassic-park/,6,50000.0,414672.0,2.0,,,
72,1500,JURASSIC PARK,5.0,25,2025-06-03 00:00:00,2099-12-31 00:00:00,2099-12-31 00:00:00,3.52,25035,15471,2025-07-20 12:01:02.727000,82.82,https://www.arizonalottery.com/scratchers/1500-jurassic-park/,7,50000.0,414672.0,2.0,,,
73,1500,JURASSIC PARK,5.0,20,2025-06-03 00:00:00,2099-12-31 00:00:00,2099-12-31 00:00:00,3.52,41787,25952,2025-07-20 12:01:02.727000,49.62,https://www.arizonalottery.com/scratchers/1500-jurassic-park/,8,50000.0,414672.0,2.0,,,
74,1500,JURASSIC PARK,5.0,10,2025-06-03 00:00:00,2099-12-31 00:00:00,2099-12-31 00:00:00,3.52,217132,136740,2025-07-20 12:01:02.727000,9.55,https://www.arizonalottery.com/scratchers/1500-jurassic-park/,9,50000.0,414672.0,2.0,,,
75,1500,JURASSIC PARK,5.0,5,2025-06-03 00:00:00,2099-12-31 00:00:00,2099-12-31 00:00:00,3.52,250669,161672,2025-07-20 12:01:02.727000,8.27,https://www.arizonalottery.com/scratchers/1500-jurassic-park/,10,50000.0,414672.0,2.0,,,
76,1487,EASY $100S,2.0,10000,2025-05-06 00:00:00,2099-12-31 00:00:00,2099-12-31 00:00:00,4.28,5,1,2025-07-20 12:01:00.823000,458490.0,https://www.arizonalottery.com/scratchers/1487-easy-100s/,1,10000.0,458490.0,1.0,,,
77,1487,EASY $100S,2.0,100,2025-05-06 00:00:00,2099-12-31 00:00:00,2099-12-31 00:00:00,4.28,3976,1938,2025-07-20 12:01:00.823000,576.57,https://www.arizonalottery.com/scratchers/1487-easy-100s/,2,10000.0,458490.0,1.0,,,
78,1487,EASY $100S,2.0,40,2025-05-06 00:00:00,2099-12-31 00:00:00,2099-12-31 00:00:00,4.28,4006,1983,2025-07-20 12:01:00.823000,572.25,https://www.arizonalottery.com/scratchers/1487-easy-100s/,3,10000.0,458490.0,1.0,,,
79,1487,EASY $100S,2.0,20,2025-05-06 00:00:00,2099-12-31 00:00:00,2099-12-31 00:00:00,4.28,15283,7716,2025-07-20 12:01:00.823000,150.0,https://www.arizonalottery.com/scratchers/1487-easy-100s/,4,10000.0,458490.0,1.0,,,
80,1487,EASY $100S,2.0,10,2025-05-06 00:00:00,2099-12-31 00:00:00,2099-12-31 00:00:00,4.28,45849,23775,2025-07-20 12:01:00.823000,50.0,https://www.arizonalottery.com/scratchers/1487-easy-100s/,5,10000.0,458490.0,1.0,,,
81,1487,EASY $100S,2.0,5,2025-05-06 00:00:00,2099-12-31 00:00:00,2099-12-31 00:00:00,4.28,95521,50970,2025-07-20 12:01:00.823000,24.0,https://www.arizonalottery.com/scratchers/1487-easy-100s/,6,10000.0,458490.0,1.0,,,
82,1487,EASY $100S,2.0,4,2025-05-06 00:00:00,2099-12-31 00:00:00,2099-12-31 00:00:00,4.28,126102,67951,2025-07-20 12:01:00.823000,18.18,https://www.arizonalottery.com/scratchers/1487-easy-100s/,7,10000.0,458490.0,1.0,,,
83,1487,EASY $100S,2.0,2,2025-05-06 00:00:00,2099-12-31 00:00:00,2099-12-31 00:00:00,4.28,244489,135719,2025-07-20 12:01:00.823000,9.38,https://www.arizonalottery.com/scratchers/1487-easy-100s/,8,10000.0,458490.0,1.0,,,
84,1488,State Forty Eight,5.0,48000,2025-05-06 00:00:00,2099-12-31 00:00:00,2099-12-31 00:00:00,3.66,5,4,2025-07-20 12:01:00.967000,402504.0,https://www.arizonalottery.com/scratchers/1488-state-forty-eight/,1,48000.0,402504.0,4.0,,,
85,1488,State Forty Eight,5.0,1000,2025-05-06 00:00:00,2099-12-31 00:00:00,2099-12-31 00:00:00,3.66,16,9,2025-07-20 12:01:00.967000,125782.5,https://www.arizonalottery.com/scratchers/1488-state-forty-eight/,2,48000.0,402504.0,4.0,,,
86,1488,State Forty Eight,5.0,480,2025-05-06 00:00:00,2099-12-31 00:00:00,2099-12-31 00:00:00,3.66,505,279,2025-07-20 12:01:00.967000,3985.19,https://www.arizonalottery.com/scratchers/1488-state-forty-eight/,3,48000.0,402504.0,4.0,,,
87,1488,State Forty Eight,5.0,100,2025-05-06 00:00:00,2099-12-31 00:00:00,2099-12-31 00:00:00,3.66,4285,2355,2025-07-20 12:01:00.967000,469.67,https://www.arizonalottery.com/scratchers/1488-state-forty-eight/,4,48000.0,402504.0,4.0,,,
88,1488,State Forty Eight,5.0,48,2025-05-06 00:00:00,2099-12-31 00:00:00,2099-12-31 00:00:00,3.66,33542,18602,2025-07-20 12:01:00.967000,60.0,https://www.arizonalottery.com/scratchers/1488-state-forty-eight/,5,48000.0,402504.0,4.0,,,
89,1488,State Forty Eight,5.0,20,2025-05-06 00:00:00,2099-12-31 00:00:00,2099-12-31 00:00:00,3.66,50329,28142,2025-07-20 12:01:00.967000,39.99,https://www.arizonalottery.com/scratchers/1488-state-forty-eight/,6,48000.0,402504.0,4.0,,,
90,1488,State Forty Eight,5.0,10,2025-05-06 00:00:00,2099-12-31 00:00:00,2099-12-31 00:00:00,3.66,218007,123868,2025-07-20 12:01:00.967000,9.23,https://www.arizonalottery.com/scratchers/1488-state-forty-eight/,7,48000.0,402504.0,4.0,,,
91,1488,State Forty Eight,5.0,5,2025-05-06 00:00:00,2099-12-31 00:00:00,2099-12-31 00:00:00,3.66,243170,140658,2025-07-20 12:01:00.967000,8.28,https://www.arizonalottery.com/scratchers/1488-state-forty-eight/,8,48000.0,402504.0,4.0,,,
92,1481,PAC-MAN,5.0,50000,2025-04-01 00:00:00,2099-12-31 00:00:00,2099-12-31 00:00:00,3.67,8,4,2025-07-20 12:00:59.617000,330277.5,https://www.arizonalottery.com/scratchers/1481-pac-man/,1,50000.0,330277.5,4.0,,,
93,1481,PAC-MAN,5.0,1000,2025-04-01 00:00:00,2099-12-31 00:00:00,2099-12-31 00:00:00,3.67,21,13,2025-07-20 12:00:59.617000,125820.0,https://www.arizonalottery.com/scratchers/1481-pac-man/,2,50000.0,330277.5,4.0,,,
94,1481,PAC-MAN,5.0,500,2025-04-01 00:00:00,2099-12-31 00:00:00,2099-12-31 00:00:00,3.67,111,65,2025-07-20 12:00:59.617000,23803.78,https://www.arizonalottery.com/scratchers/1481-pac-man/,3,50000.0,330277.5,4.0,,,
95,1481,PAC-MAN,5.0,250,2025-04-01 00:00:00,2099-12-31 00:00:00,2099-12-31 00:00:00,3.67,334,192,2025-07-20 12:00:59.617000,7910.84,https://www.arizonalottery.com/scratchers/1481-pac-man/,4,50000.0,330277.5,4.0,,,
96,1481,PAC-MAN,5.0,100,2025-04-01 00:00:00,2099-12-31 00:00:00,2099-12-31 00:00:00,3.67,2663,1534,2025-07-20 12:00:59.617000,992.2,https://www.arizonalottery.com/scratchers/1481-pac-man/,5,50000.0,330277.5,4.0,,,
97,1481,PAC-MAN,5.0,50,2025-04-01 00:00:00,2099-12-31 00:00:00,2099-12-31 00:00:00,3.67,11864,6748,2025-07-20 12:00:59.617000,222.71,https://www.arizonalottery.com/scratchers/1481-pac-man/,6,50000.0,330277.5,4.0,,,
98,1481,PAC-MAN,5.0,40,2025-04-01 00:00:00,2099-12-31 00:00:00,2099-12-31 00:00:00,3.67,22693,13006,2025-07-20 12:00:59.617000,116.43,https://www.arizonalottery.com/scratchers/1481-pac-man/,7,50000.0,330277.5,4.0,,,
99,1481,PAC-MAN,5.0,25,2025-04-01 00:00:00,2099-12-31 00:00:00,2099-12-31 00:00:00,3.67,44037,25632,2025-07-20 12:00:59.617000,60.0,https://www.arizonalottery.com/scratchers/1481-pac-man/,8,50000.0,330277.5,4.0,,,
100,1481,PAC-MAN,5.0,20,2025-04-01 00:00:00,2099-12-31 00:00:00,2099-12-31 00:00:00,3.67,88074,50979,2025-07-20 12:00:59.617000,30.0,https://www.arizonalottery.com/scratchers/1481-pac-man/,9,50000.0,330277.5,4.0,,,
101,1481,PAC-MAN,5.0,10,2025-04-01 00:00:00,2099-12-31 00:00:00,2099-12-31 00:00:00,3.67,231182,136384,2025-07-20 12:00:59.617000,11.43,https://www.arizonalottery.com/scratchers/1481-pac-man/,10,50000.0,330277.5,4.0,,,
102,1481,PAC-MAN,5.0,5,2025-04-01 00:00:00,2099-12-31 00:00:00,2099-12-31 00:00:00,3.67,319249,191912,2025-07-20 12:00:59.617000,8.28,https://www.arizonalottery.com/scratchers/1481-pac-man/,11,50000.0,330277.5,4.0,,,
103,1485,"$100,000 MAX",10.0,100000,2025-04-01 00:00:00,2099-12-31 00:00:00,2099-12-31 00:00:00,3.43,7,6,2025-07-20 12:01:00.387000,305100.0,https://www.arizonalottery.com/scratchers/1485-100-000-max/,1,100000.0,305100.0,6.0,,,
104,1485,"$100,000 MAX",10.0,10000,2025-04-01 00:00:00,2099-12-31 00:00:00,2099-12-31 00:00:00,3.43,10,7,2025-07-20 12:01:00.387000,213570.0,https://www.arizonalottery.com/scratchers/1485-100-000-max/,2,100000.0,305100.0,6.0,,,
105,1485,"$100,000 MAX",10.0,1000,2025-04-01 00:00:00,2099-12-31 00:00:00,2099-12-31 00:00:00,3.43,70,47,2025-07-20 12:01:00.387000,30510.0,https://www.arizonalottery.com/scratchers/1485-100-000-max/,3,100000.0,305100.0,6.0,,,
106,1485,"$100,000 MAX",10.0,500,2025-04-01 00:00:00,2099-12-31 00:00:00,2099-12-31 00:00:00,3.43,1080,679,2025-07-20 12:01:00.387000,1977.5,https://www.arizonalottery.com/scratchers/1485-100-000-max/,4,100000.0,305100.0,6.0,,,
107,1485,"$100,000 MAX",10.0,250,2025-04-01 00:00:00,2099-12-31 00:00:00,2099-12-31 00:00:00,3.43,2669,1669,2025-07-20 12:01:00.387000,800.19,https://www.arizonalottery.com/scratchers/1485-100-000-max/,5,100000.0,305100.0,6.0,,,
108,1485,"$100,000 MAX",10.0,100,2025-04-01 00:00:00,2099-12-31 00:00:00,2099-12-31 00:00:00,3.43,15168,9397,2025-07-20 12:01:00.387000,140.8,https://www.arizonalottery.com/scratchers/1485-100-000-max/,6,100000.0,305100.0,6.0,,,
109,1485,"$100,000 MAX",10.0,75,2025-04-01 00:00:00,2099-12-31 00:00:00,2099-12-31 00:00:00,3.43,24909,15406,2025-07-20 12:01:00.387000,85.74,https://www.arizonalottery.com/scratchers/1485-100-000-max/,7,100000.0,305100.0,6.0,,,
110,1485,"$100,000 MAX",10.0,50,2025-04-01 00:00:00,2099-12-31 00:00:00,2099-12-31 00:00:00,3.43,43968,27315,2025-07-20 12:01:00.387000,48.57,https://www.arizonalottery.com/scratchers/1485-100-000-max/,8,100000.0,305100.0,6.0,,,
111,1485,"$100,000 MAX",10.0,25,2025-04-01 00:00:00,2099-12-31 00:00:00,2099-12-31 00:00:00,3.43,71190,44344,2025-07-20 12:01:00.387000,30.0,https://www.arizonalottery.com/scratchers/1485-100-000-max/,9,100000.0,305100.0,6.0,,,
112,1485,"$100,000 MAX",10.0,20,2025-04-01 00:00:00,2099-12-31 00:00:00,2099-12-31 00:00:00,3.43,88970,55420,2025-07-20 12:01:00.387000,24.0,https://www.arizonalottery.com/scratchers/1485-100-000-max/,10,100000.0,305100.0,6.0,,,
113,1485,"$100,000 MAX",10.0,15,2025-04-01 00:00:00,2099-12-31 00:00:00,2099-12-31 00:00:00,3.43,142415,89045,2025-07-20 12:01:00.387000,15.0,https://www.arizonalottery.com/scratchers/1485-100-000-max/,11,100000.0,305100.0,6.0,,,
114,1485,"$100,000 MAX",10.0,10,2025-04-01 00:00:00,2099-12-31 00:00:00,2099-12-31 00:00:00,3.43,231350,145676,2025-07-20 12:01:00.387000,9.23,https://www.arizonalottery.com/scratchers/1485-100-000-max/,12,100000.0,305100.0,6.0,,,
115,1490,Loaded CASH EXPLOSION®,20.0,25000000,2025-04-01 00:00:00,2099-12-31 00:00:00,2099-12-31 00:00:00,3.1,4,4,2025-07-20 12:01:01.337000,2763465.0,https://www.arizonalottery.com/scratchers/1490-loaded-cash-explosion/,1,25000000.0,2763465.0,4.0,,,
116,1490,Loaded CASH EXPLOSION®,20.0,1000,2025-04-01 00:00:00,2099-12-31 00:00:00,2099-12-31 00:00:00,3.1,21001,18584,2025-07-20 12:01:01.337000,526.35,https://www.arizonalottery.com/scratchers/1490-loaded-cash-explosion/,2,25000000.0,2763465.0,4.0,,,
117,1490,Loaded CASH EXPLOSION®,20.0,500,2025-04-01 00:00:00,2099-12-31 00:00:00,2099-12-31 00:00:00,3.1,36884,32544,2025-07-20 12:01:01.337000,299.69,https://www.arizonalottery.com/scratchers/1490-loaded-cash-explosion/,3,25000000.0,2763465.0,4.0,,,
118,1490,Loaded CASH EXPLOSION®,20.0,200,2025-04-01 00:00:00,2099-12-31 00:00:00,2099-12-31 00:00:00,3.1,73755,65098,2025-07-20 12:01:01.337000,149.87,https://www.arizonalottery.com/scratchers/1490-loaded-cash-explosion/,4,25000000.0,2763465.0,4.0,,,
119,1490,Loaded CASH EXPLOSION®,20.0,100,2025-04-01 00:00:00,2099-12-31 00:00:00,2099-12-31 00:00:00,3.1,165783,146363,2025-07-20 12:01:01.337000,66.68,https://www.arizonalottery.com/scratchers/1490-loaded-cash-explosion/,5,25000000.0,2763465.0,4.0,,,
120,1490,Loaded CASH EXPLOSION®,20.0,50,2025-04-01 00:00:00,2099-12-31 00:00:00,2099-12-31 00:00:00,3.1,506819,447552,2025-07-20 12:01:01.337000,21.81,https://www.arizonalottery.com/scratchers/1490-loaded-cash-explosion/,6,25000000.0,2763465.0,4.0,,,
121,1490,Loaded CASH EXPLOSION®,20.0,30,2025-04-01 00:00:00,2099-12-31 00:00:00,2099-12-31 00:00:00,3.1,1105386,976763,2025-07-20 12:01:01.337000,10.0,https://www.arizonalottery.com/scratchers/1490-loaded-cash-explosion/,7,25000000.0,2763465.0,4.0,,,
122,1490,Loaded CASH EXPLOSION®,20.0,20,2025-04-01 00:00:00,2099-12-31 00:00:00,2099-12-31 00:00:00,3.1,1658074,1467672,2025-07-20 12:01:01.337000,6.67,https://www.arizonalottery.com/scratchers/1490-loaded-cash-explosion/,8,25000000.0,2763465.0,4.0,,,
123,1483,Loteria Grande,5.0,50000,2025-03-04 00:00:00,2099-12-31 00:00:00,2099-12-31 00:00:00,3.42,9,3,2025-07-20 12:00:59.967000,322700.0,https://www.arizonalottery.com/scratchers/1483-loteria-grande/,1,50000.0,322700.0,3.0,,,
124,1483,Loteria Grande,5.0,1000,2025-03-04 00:00:00,2099-12-31 00:00:00,2099-12-31 00:00:00,3.42,48,16,2025-07-20 12:00:59.967000,60506.25,https://www.arizonalottery.com/scratchers/1483-loteria-grande/,2,50000.0,322700.0,3.0,,,
125,1483,Loteria Grande,5.0,500,2025-03-04 00:00:00,2099-12-31 00:00:00,2099-12-31 00:00:00,3.42,120,52,2025-07-20 12:00:59.967000,24202.5,https://www.arizonalottery.com/scratchers/1483-loteria-grande/,3,50000.0,322700.0,3.0,,,
126,1483,Loteria Grande,5.0,250,2025-03-04 00:00:00,2099-12-31 00:00:00,2099-12-31 00:00:00,3.42,475,205,2025-07-20 12:00:59.967000,6114.32,https://www.arizonalottery.com/scratchers/1483-loteria-grande/,4,50000.0,322700.0,3.0,,,
127,1483,Loteria Grande,5.0,100,2025-03-04 00:00:00,2099-12-31 00:00:00,2099-12-31 00:00:00,3.42,2768,1196,2025-07-20 12:00:59.967000,1049.24,https://www.arizonalottery.com/scratchers/1483-loteria-grande/,5,50000.0,322700.0,3.0,,,
128,1483,Loteria Grande,5.0,75,2025-03-04 00:00:00,2099-12-31 00:00:00,2099-12-31 00:00:00,3.42,4863,2087,2025-07-20 12:00:59.967000,597.22,https://www.arizonalottery.com/scratchers/1483-loteria-grande/,6,50000.0,322700.0,3.0,,,
129,1483,Loteria Grande,5.0,50,2025-03-04 00:00:00,2099-12-31 00:00:00,2099-12-31 00:00:00,3.42,12117,5241,2025-07-20 12:00:59.967000,239.69,https://www.arizonalottery.com/scratchers/1483-loteria-grande/,7,50000.0,322700.0,3.0,,,
130,1483,Loteria Grande,5.0,40,2025-03-04 00:00:00,2099-12-31 00:00:00,2099-12-31 00:00:00,3.42,18907,8150,2025-07-20 12:00:59.967000,153.61,https://www.arizonalottery.com/scratchers/1483-loteria-grande/,8,50000.0,322700.0,3.0,,,
131,1483,Loteria Grande,5.0,25,2025-03-04 00:00:00,2099-12-31 00:00:00,2099-12-31 00:00:00,3.42,24184,10642,2025-07-20 12:00:59.967000,120.09,https://www.arizonalottery.com/scratchers/1483-loteria-grande/,9,50000.0,322700.0,3.0,,,
132,1483,Loteria Grande,5.0,20,2025-03-04 00:00:00,2099-12-31 00:00:00,2099-12-31 00:00:00,3.42,48405,21471,2025-07-20 12:00:59.967000,60.0,https://www.arizonalottery.com/scratchers/1483-loteria-grande/,10,50000.0,322700.0,3.0,,,
133,1483,Loteria Grande,5.0,15,2025-03-04 00:00:00,2099-12-31 00:00:00,2099-12-31 00:00:00,3.42,96847,43324,2025-07-20 12:00:59.967000,29.99,https://www.arizonalottery.com/scratchers/1483-loteria-grande/,11,50000.0,322700.0,3.0,,,
134,1483,Loteria Grande,5.0,10,2025-03-04 00:00:00,2099-12-31 00:00:00,2099-12-31 00:00:00,3.42,205682,93328,2025-07-20 12:00:59.967000,14.12,https://www.arizonalottery.com/scratchers/1483-loteria-grande/,12,50000.0,322700.0,3.0,,,
135,1483,Loteria Grande,5.0,5,2025-03-04 00:00:00,2099-12-31 00:00:00,2099-12-31 00:00:00,3.42,435705,202422,2025-07-20 12:00:59.967000,6.67,https://www.arizonalottery.com/scratchers/1483-loteria-grande/,13,50000.0,322700.0,3.0,,,
136,1484,Rock Out,2.0,10000,2025-03-04 00:00:00,2099-12-31 00:00:00,2099-12-31 00:00:00,4.28,5,3,2025-07-20 12:01:00.197000,478140.0,https://www.arizonalottery.com/scratchers/1484-rock-out/,1,10000.0,478140.0,3.0,,,
137,1484,Rock Out,2.0,500,2025-03-04 00:00:00,2099-12-31 00:00:00,2099-12-31 00:00:00,4.28,60,36,2025-07-20 12:01:00.197000,39845.0,https://www.arizonalottery.com/scratchers/1484-rock-out/,2,10000.0,478140.0,3.0,,,
138,1484,Rock Out,2.0,200,2025-03-04 00:00:00,2099-12-31 00:00:00,2099-12-31 00:00:00,4.28,201,112,2025-07-20 12:01:00.197000,11894.03,https://www.arizonalottery.com/scratchers/1484-rock-out/,3,10000.0,478140.0,3.0,,,
139,1484,Rock Out,2.0,100,2025-03-04 00:00:00,2099-12-31 00:00:00,2099-12-31 00:00:00,4.28,1580,877,2025-07-20 12:01:00.197000,1513.1,https://www.arizonalottery.com/scratchers/1484-rock-out/,4,10000.0,478140.0,3.0,,,
140,1484,Rock Out,2.0,40,2025-03-04 00:00:00,2099-12-31 00:00:00,2099-12-31 00:00:00,4.28,6763,3678,2025-07-20 12:01:00.197000,353.5,https://www.arizonalottery.com/scratchers/1484-rock-out/,5,10000.0,478140.0,3.0,,,
141,1484,Rock Out,2.0,20,2025-03-04 00:00:00,2099-12-31 00:00:00,2099-12-31 00:00:00,4.28,19929,11157,2025-07-20 12:01:00.197000,119.96,https://www.arizonalottery.com/scratchers/1484-rock-out/,6,10000.0,478140.0,3.0,,,
142,1484,Rock Out,2.0,10,2025-03-04 00:00:00,2099-12-31 00:00:00,2099-12-31 00:00:00,4.28,51779,29263,2025-07-20 12:01:00.197000,46.17,https://www.arizonalottery.com/scratchers/1484-rock-out/,7,10000.0,478140.0,3.0,,,
143,1484,Rock Out,2.0,5,2025-03-04 00:00:00,2099-12-31 00:00:00,2099-12-31 00:00:00,4.28,95595,54590,2025-07-20 12:01:00.197000,25.01,https://www.arizonalottery.com/scratchers/1484-rock-out/,8,10000.0,478140.0,3.0,,,
144,1484,Rock Out,2.0,4,2025-03-04 00:00:00,2099-12-31 00:00:00,2099-12-31 00:00:00,4.28,127537,74328,2025-07-20 12:01:00.197000,18.75,https://www.arizonalottery.com/scratchers/1484-rock-out/,9,10000.0,478140.0,3.0,,,
145,1484,Rock Out,2.0,2,2025-03-04 00:00:00,2099-12-31 00:00:00,2099-12-31 00:00:00,4.28,255045,151808,2025-07-20 12:01:00.197000,9.37,https://www.arizonalottery.com/scratchers/1484-rock-out/,10,10000.0,478140.0,3.0,,,
146,1486,Bank On It,10.0,100000,2025-03-04 00:00:00,2099-12-31 00:00:00,2099-12-31 00:00:00,3.48,7,3,2025-07-20 12:01:00.647000,298380.0,https://www.arizonalottery.com/scratchers/1486-bank-on-it/,1,100000.0,298380.0,3.0,,,
147,1486,Bank On It,10.0,10000,2025-03-04 00:00:00,2099-12-31 00:00:00,2099-12-31 00:00:00,3.48,10,4,2025-07-20 12:01:00.647000,208866.0,https://www.arizonalottery.com/scratchers/1486-bank-on-it/,2,100000.0,298380.0,3.0,,,
148,1486,Bank On It,10.0,1000,2025-03-04 00:00:00,2099-12-31 00:00:00,2099-12-31 00:00:00,3.48,68,34,2025-07-20 12:01:00.647000,30715.59,https://www.arizonalottery.com/scratchers/1486-bank-on-it/,3,100000.0,298380.0,3.0,,,
149,1486,Bank On It,10.0,500,2025-03-04 00:00:00,2099-12-31 00:00:00,2099-12-31 00:00:00,3.48,1219,606,2025-07-20 12:01:00.647000,1713.42,https://www.arizonalottery.com/scratchers/1486-bank-on-it/,4,100000.0,298380.0,3.0,,,
150,1486,Bank On It,10.0,100,2025-03-04 00:00:00,2099-12-31 00:00:00,2099-12-31 00:00:00,3.48,41759,20837,2025-07-20 12:01:00.647000,50.02,https://www.arizonalottery.com/scratchers/1486-bank-on-it/,5,100000.0,298380.0,3.0,,,
151,1486,Bank On It,10.0,50,2025-03-04 00:00:00,2099-12-31 00:00:00,2099-12-31 00:00:00,3.48,52629,26311,2025-07-20 12:01:00.647000,39.69,https://www.arizonalottery.com/scratchers/1486-bank-on-it/,6,100000.0,298380.0,3.0,,,
152,1486,Bank On It,10.0,20,2025-03-04 00:00:00,2099-12-31 00:00:00,2099-12-31 00:00:00,3.48,121833,62001,2025-07-20 12:01:00.647000,17.14,https://www.arizonalottery.com/scratchers/1486-bank-on-it/,7,100000.0,298380.0,3.0,,,
153,1486,Bank On It,10.0,15,2025-03-04 00:00:00,2099-12-31 00:00:00,2099-12-31 00:00:00,3.48,156635,80696,2025-07-20 12:01:00.647000,13.33,https://www.arizonalottery.com/scratchers/1486-bank-on-it/,8,100000.0,298380.0,3.0,,,
154,1486,Bank On It,10.0,10,2025-03-04 00:00:00,2099-12-31 00:00:00,2099-12-31 00:00:00,3.48,226297,117171,2025-07-20 12:01:00.647000,9.23,https://www.arizonalottery.com/scratchers/1486-bank-on-it/,9,100000.0,298380.0,3.0,,,
155,1478,Sunken Treasure Crossword,5.0,50000,2025-02-04 00:00:00,2099-12-31 00:00:00,2099-12-31 00:00:00,3.48,24,12,2025-07-20 12:00:59.137000,348282.2,https://www.arizonalottery.com/scratchers/1478-sunken-treasure-crossword/,1,50000.0,348282.2,12.0,,,
156,1478,Sunken Treasure Crossword,5.0,2500,2025-02-04 00:00:00,2099-12-31 00:00:00,2099-12-31 00:00:00,3.48,134,72,2025-07-20 12:00:59.137000,62378.9,https://www.arizonalottery.com/scratchers/1478-sunken-treasure-crossword/,2,50000.0,348282.2,12.0,,,
157,1478,Sunken Treasure Crossword,5.0,500,2025-02-04 00:00:00,2099-12-31 00:00:00,2099-12-31 00:00:00,3.48,654,350,2025-07-20 12:00:59.137000,12781.0,https://www.arizonalottery.com/scratchers/1478-sunken-treasure-crossword/,3,50000.0,348282.2,12.0,,,
158,1478,Sunken Treasure Crossword,5.0,100,2025-02-04 00:00:00,2099-12-31 00:00:00,2099-12-31 00:00:00,3.48,9916,5442,2025-07-20 12:00:59.137000,842.96,https://www.arizonalottery.com/scratchers/1478-sunken-treasure-crossword/,4,50000.0,348282.2,12.0,,,
159,1478,Sunken Treasure Crossword,5.0,50,2025-02-04 00:00:00,2099-12-31 00:00:00,2099-12-31 00:00:00,3.48,53018,29309,2025-07-20 12:00:59.137000,157.66,https://www.arizonalottery.com/scratchers/1478-sunken-treasure-crossword/,5,50000.0,348282.2,12.0,,,
160,1478,Sunken Treasure Crossword,5.0,30,2025-02-04 00:00:00,2099-12-31 00:00:00,2099-12-31 00:00:00,3.48,65860,36505,2025-07-20 12:00:59.137000,126.92,https://www.arizonalottery.com/scratchers/1478-sunken-treasure-crossword/,6,50000.0,348282.2,12.0,,,
161,1478,Sunken Treasure Crossword,5.0,20,2025-02-04 00:00:00,2099-12-31 00:00:00,2099-12-31 00:00:00,3.48,362541,201741,2025-07-20 12:00:59.137000,23.06,https://www.arizonalottery.com/scratchers/1478-sunken-treasure-crossword/,7,50000.0,348282.2,12.0,,,
162,1478,Sunken Treasure Crossword,5.0,10,2025-02-04 00:00:00,2099-12-31 00:00:00,2099-12-31 00:00:00,3.48,725036,407870,2025-07-20 12:00:59.137000,11.53,https://www.arizonalottery.com/scratchers/1478-sunken-treasure-crossword/,8,50000.0,348282.2,12.0,,,
163,1478,Sunken Treasure Crossword,5.0,5,2025-02-04 00:00:00,2099-12-31 00:00:00,2099-12-31 00:00:00,3.48,1054466,607742,2025-07-20 12:00:59.137000,7.93,https://www.arizonalottery.com/scratchers/1478-sunken-treasure-crossword/,9,50000.0,348282.2,12.0,,,
164,1482,"$100,000 Mega Cash",10.0,100000,2025-02-04 00:00:00,2099-12-31 00:00:00,2099-12-31 00:00:00,3.53,7,2,2025-07-20 12:00:59.800000,299040.0,https://www.arizonalottery.com/scratchers/1482-100-000-mega-cash/,1,100000.0,299040.0,2.0,,,
165,1482,"$100,000 Mega Cash",10.0,10000,2025-02-04 00:00:00,2099-12-31 00:00:00,2099-12-31 00:00:00,3.53,10,6,2025-07-20 12:00:59.800000,209328.0,https://www.arizonalottery.com/scratchers/1482-100-000-mega-cash/,2,100000.0,299040.0,2.0,,,
166,1482,"$100,000 Mega Cash",10.0,1000,2025-02-04 00:00:00,2099-12-31 00:00:00,2099-12-31 00:00:00,3.53,70,25,2025-07-20 12:00:59.800000,29904.0,https://www.arizonalottery.com/scratchers/1482-100-000-mega-cash/,3,100000.0,299040.0,2.0,,,
167,1482,"$100,000 Mega Cash",10.0,500,2025-02-04 00:00:00,2099-12-31 00:00:00,2099-12-31 00:00:00,3.53,1241,419,2025-07-20 12:00:59.800000,1686.77,https://www.arizonalottery.com/scratchers/1482-100-000-mega-cash/,4,100000.0,299040.0,2.0,,,
168,1482,"$100,000 Mega Cash",10.0,250,2025-02-04 00:00:00,2099-12-31 00:00:00,2099-12-31 00:00:00,3.53,3513,1165,2025-07-20 12:00:59.800000,595.87,https://www.arizonalottery.com/scratchers/1482-100-000-mega-cash/,5,100000.0,299040.0,2.0,,,
169,1482,"$100,000 Mega Cash",10.0,100,2025-02-04 00:00:00,2099-12-31 00:00:00,2099-12-31 00:00:00,3.53,25440,8707,2025-07-20 12:00:59.800000,82.28,https://www.arizonalottery.com/scratchers/1482-100-000-mega-cash/,6,100000.0,299040.0,2.0,,,
170,1482,"$100,000 Mega Cash",10.0,50,2025-02-04 00:00:00,2099-12-31 00:00:00,2099-12-31 00:00:00,3.53,57533,19638,2025-07-20 12:00:59.800000,36.38,https://www.arizonalottery.com/scratchers/1482-100-000-mega-cash/,7,100000.0,299040.0,2.0,,,
171,1482,"$100,000 Mega Cash",10.0,25,2025-02-04 00:00:00,2099-12-31 00:00:00,2099-12-31 00:00:00,3.53,113304,39274,2025-07-20 12:00:59.800000,18.47,https://www.arizonalottery.com/scratchers/1482-100-000-mega-cash/,8,100000.0,299040.0,2.0,,,
172,1482,"$100,000 Mega Cash",10.0,15,2025-02-04 00:00:00,2099-12-31 00:00:00,2099-12-31 00:00:00,3.53,165828,58249,2025-07-20 12:00:59.800000,12.62,https://www.arizonalottery.com/scratchers/1482-100-000-mega-cash/,9,100000.0,299040.0,2.0,,,
173,1482,"$100,000 Mega Cash",10.0,10,2025-02-04 00:00:00,2099-12-31 00:00:00,2099-12-31 00:00:00,3.53,226810,80506,2025-07-20 12:00:59.800000,9.23,https://www.arizonalottery.com/scratchers/1482-100-000-mega-cash/,10,100000.0,299040.0,2.0,,,
174,1480,"$5,000,000 Luxe",50.0,5000000,2025-02-04 00:00:00,2099-12-31 00:00:00,2099-12-31 00:00:00,2.83,4,4,2025-07-20 12:00:59.467000,1326532.0,https://www.arizonalottery.com/scratchers/1480-5-000-000-luxe/,1,5000000.0,1326532.0,4.0,,,
175,1480,"$5,000,000 Luxe",50.0,100000,2025-02-04 00:00:00,2099-12-31 00:00:00,2099-12-31 00:00:00,2.83,8,6,2025-07-20 12:00:59.467000,663266.2,https://www.arizonalottery.com/scratchers/1480-5-000-000-luxe/,2,5000000.0,1326532.0,4.0,,,
176,1480,"$5,000,000 Luxe",50.0,10000,2025-02-04 00:00:00,2099-12-31 00:00:00,2099-12-31 00:00:00,2.83,296,239,2025-07-20 12:00:59.467000,17926.11,https://www.arizonalottery.com/scratchers/1480-5-000-000-luxe/,3,5000000.0,1326532.0,4.0,,,
177,1480,"$5,000,000 Luxe",50.0,1000,2025-02-04 00:00:00,2099-12-31 00:00:00,2099-12-31 00:00:00,2.83,4940,4078,2025-07-20 12:00:59.467000,1074.12,https://www.arizonalottery.com/scratchers/1480-5-000-000-luxe/,4,5000000.0,1326532.0,4.0,,,
178,1480,"$5,000,000 Luxe",50.0,500,2025-02-04 00:00:00,2099-12-31 00:00:00,2099-12-31 00:00:00,2.83,49101,40170,2025-07-20 12:00:59.467000,108.07,https://www.arizonalottery.com/scratchers/1480-5-000-000-luxe/,5,5000000.0,1326532.0,4.0,,,
179,1480,"$5,000,000 Luxe",50.0,200,2025-02-04 00:00:00,2099-12-31 00:00:00,2099-12-31 00:00:00,2.83,127802,104588,2025-07-20 12:00:59.467000,41.52,https://www.arizonalottery.com/scratchers/1480-5-000-000-luxe/,6,5000000.0,1326532.0,4.0,,,
180,1480,"$5,000,000 Luxe",50.0,100,2025-02-04 00:00:00,2099-12-31 00:00:00,2099-12-31 00:00:00,2.83,442063,361739,2025-07-20 12:00:59.467000,12.0,https://www.arizonalottery.com/scratchers/1480-5-000-000-luxe/,7,5000000.0,1326532.0,4.0,,,
181,1480,"$5,000,000 Luxe",50.0,75,2025-02-04 00:00:00,2099-12-31 00:00:00,2099-12-31 00:00:00,2.83,1252968,1025369,2025-07-20 12:00:59.467000,4.23,https://www.arizonalottery.com/scratchers/1480-5-000-000-luxe/,8,5000000.0,1326532.0,4.0,,,
182,1475,MONOPOLY 100X,20.0,500000,2024-12-30 00:00:00,2099-12-31 00:00:00,2099-12-31 00:00:00,3.03,10,7,2025-07-20 12:00:58.780000,309939.0,https://www.arizonalottery.com/scratchers/1475-monopoly-100x/,1,500000.0,309939.0,7.0,,,
183,1475,MONOPOLY 100X,20.0,10000,2024-12-30 00:00:00,2099-12-31 00:00:00,2099-12-31 00:00:00,3.03,16,8,2025-07-20 12:00:58.780000,193711.9,https://www.arizonalottery.com/scratchers/1475-monopoly-100x/,2,500000.0,309939.0,7.0,,,
184,1475,MONOPOLY 100X,20.0,1000,2024-12-30 00:00:00,2099-12-31 00:00:00,2099-12-31 00:00:00,3.03,263,151,2025-07-20 12:00:58.780000,11784.75,https://www.arizonalottery.com/scratchers/1475-monopoly-100x/,3,500000.0,309939.0,7.0,,,
185,1475,MONOPOLY 100X,20.0,500,2024-12-30 00:00:00,2099-12-31 00:00:00,2099-12-31 00:00:00,3.03,9009,5008,2025-07-20 12:00:58.780000,344.03,https://www.arizonalottery.com/scratchers/1475-monopoly-100x/,4,500000.0,309939.0,7.0,,,
186,1475,MONOPOLY 100X,20.0,200,2024-12-30 00:00:00,2099-12-31 00:00:00,2099-12-31 00:00:00,3.03,25871,14490,2025-07-20 12:00:58.780000,119.8,https://www.arizonalottery.com/scratchers/1475-monopoly-100x/,5,500000.0,309939.0,7.0,,,
187,1475,MONOPOLY 100X,20.0,100,2024-12-30 00:00:00,2099-12-31 00:00:00,2099-12-31 00:00:00,3.03,58424,32515,2025-07-20 12:00:58.780000,53.05,https://www.arizonalottery.com/scratchers/1475-monopoly-100x/,6,500000.0,309939.0,7.0,,,
188,1475,MONOPOLY 100X,20.0,50,2024-12-30 00:00:00,2099-12-31 00:00:00,2099-12-31 00:00:00,3.03,86608,48387,2025-07-20 12:00:58.780000,35.79,https://www.arizonalottery.com/scratchers/1475-monopoly-100x/,7,500000.0,309939.0,7.0,,,
189,1475,MONOPOLY 100X,20.0,40,2024-12-30 00:00:00,2099-12-31 00:00:00,2099-12-31 00:00:00,3.03,95053,52869,2025-07-20 12:00:58.780000,32.61,https://www.arizonalottery.com/scratchers/1475-monopoly-100x/,8,500000.0,309939.0,7.0,,,
190,1475,MONOPOLY 100X,20.0,30,2024-12-30 00:00:00,2099-12-31 00:00:00,2099-12-31 00:00:00,3.03,103313,57662,2025-07-20 12:00:58.780000,30.0,https://www.arizonalottery.com/scratchers/1475-monopoly-100x/,9,500000.0,309939.0,7.0,,,
191,1475,MONOPOLY 100X,20.0,25,2024-12-30 00:00:00,2099-12-31 00:00:00,2099-12-31 00:00:00,3.03,206626,116067,2025-07-20 12:00:58.780000,15.0,https://www.arizonalottery.com/scratchers/1475-monopoly-100x/,10,500000.0,309939.0,7.0,,,
192,1475,MONOPOLY 100X,20.0,20,2024-12-30 00:00:00,2099-12-31 00:00:00,2099-12-31 00:00:00,3.03,439066,245957,2025-07-20 12:00:58.780000,7.06,https://www.arizonalottery.com/scratchers/1475-monopoly-100x/,11,500000.0,309939.0,7.0,,,
193,1471,MONOPOLY 5X,1.0,1000,2024-12-30 00:00:00,2099-12-31 00:00:00,2099-12-31 00:00:00,4.38,14,6,2025-07-20 12:00:58.037000,555428.6,https://www.arizonalottery.com/scratchers/1471-monopoly-5x/,1,1000.0,555428.6,6.0,,,
194,1471,MONOPOLY 5X,1.0,500,2024-12-30 00:00:00,2099-12-31 00:00:00,2099-12-31 00:00:00,4.38,27,10,2025-07-20 12:00:58.037000,288000.0,https://www.arizonalottery.com/scratchers/1471-monopoly-5x/,2,1000.0,555428.6,6.0,,,
195,1471,MONOPOLY 5X,1.0,100,2024-12-30 00:00:00,2099-12-31 00:00:00,2099-12-31 00:00:00,4.38,646,299,2025-07-20 12:00:58.037000,12037.15,https://www.arizonalottery.com/scratchers/1471-monopoly-5x/,3,1000.0,555428.6,6.0,,,
196,1471,MONOPOLY 5X,1.0,50,2024-12-30 00:00:00,2099-12-31 00:00:00,2099-12-31 00:00:00,4.38,5423,2402,2025-07-20 12:00:58.037000,1433.89,https://www.arizonalottery.com/scratchers/1471-monopoly-5x/,4,1000.0,555428.6,6.0,,,
197,1471,MONOPOLY 5X,1.0,25,2024-12-30 00:00:00,2099-12-31 00:00:00,2099-12-31 00:00:00,4.38,6450,2861,2025-07-20 12:00:58.037000,1205.58,https://www.arizonalottery.com/scratchers/1471-monopoly-5x/,5,1000.0,555428.6,6.0,,,
198,1471,MONOPOLY 5X,1.0,20,2024-12-30 00:00:00,2099-12-31 00:00:00,2099-12-31 00:00:00,4.38,19470,8961,2025-07-20 12:00:58.037000,399.38,https://www.arizonalottery.com/scratchers/1471-monopoly-5x/,6,1000.0,555428.6,6.0,,,
199,1471,MONOPOLY 5X,1.0,10,2024-12-30 00:00:00,2099-12-31 00:00:00,2099-12-31 00:00:00,4.38,64805,30441,2025-07-20 12:00:58.037000,119.99,https://www.arizonalottery.com/scratchers/1471-monopoly-5x/,7,1000.0,555428.6,6.0,,,
200,1471,MONOPOLY 5X,1.0,5,2024-12-30 00:00:00,2099-12-31 00:00:00,2099-12-31 00:00:00,4.38,103745,50366,2025-07-20 12:00:58.037000,74.95,https://www.arizonalottery.com/scratchers/1471-monopoly-5x/,8,1000.0,555428.6,6.0,,,
201,1471,MONOPOLY 5X,1.0,4,2024-12-30 00:00:00,2099-12-31 00:00:00,2099-12-31 00:00:00,4.38,155437,76477,2025-07-20 12:00:58.037000,50.03,https://www.arizonalottery.com/scratchers/1471-monopoly-5x/,9,1000.0,555428.6,6.0,,,
202,1471,MONOPOLY 5X,1.0,2,2024-12-30 00:00:00,2099-12-31 00:00:00,2099-12-31 00:00:00,4.38,460118,234646,2025-07-20 12:00:58.037000,16.9,https://www.arizonalottery.com/scratchers/1471-monopoly-5x/,10,1000.0,555428.6,6.0,,,
203,1471,MONOPOLY 5X,1.0,1,2024-12-30 00:00:00,2099-12-31 00:00:00,2099-12-31 00:00:00,4.38,959030,505610,2025-07-20 12:00:58.037000,8.11,https://www.arizonalottery.com/scratchers/1471-monopoly-5x/,11,1000.0,555428.6,6.0,,,
204,1469,Blackjack Tripler,5.0,50000,2024-12-03 00:00:00,2099-12-31 00:00:00,2099-12-31 00:00:00,3.71,7,3,2025-07-20 12:00:57.220000,316268.6,https://www.arizonalottery.com/scratchers/1469-blackjack-tripler/,1,50000.0,316268.6,3.0,,,
205,1469,Blackjack Tripler,5.0,1500,2024-12-03 00:00:00,2099-12-31 00:00:00,2099-12-31 00:00:00,3.71,18,6,2025-07-20 12:00:57.220000,122993.3,https://www.arizonalottery.com/scratchers/1469-blackjack-tripler/,2,50000.0,316268.6,3.0,,,
206,1469,Blackjack Tripler,5.0,500,2024-12-03 00:00:00,2099-12-31 00:00:00,2099-12-31 00:00:00,3.71,94,29,2025-07-20 12:00:57.220000,23551.91,https://www.arizonalottery.com/scratchers/1469-blackjack-tripler/,3,50000.0,316268.6,3.0,,,
207,1469,Blackjack Tripler,5.0,300,2024-12-03 00:00:00,2099-12-31 00:00:00,2099-12-31 00:00:00,3.71,372,125,2025-07-20 12:00:57.220000,5951.29,https://www.arizonalottery.com/scratchers/1469-blackjack-tripler/,4,50000.0,316268.6,3.0,,,
208,1469,Blackjack Tripler,5.0,100,2024-12-03 00:00:00,2099-12-31 00:00:00,2099-12-31 00:00:00,3.71,2203,678,2025-07-20 12:00:57.220000,1004.94,https://www.arizonalottery.com/scratchers/1469-blackjack-tripler/,5,50000.0,316268.6,3.0,,,
209,1469,Blackjack Tripler,5.0,75,2024-12-03 00:00:00,2099-12-31 00:00:00,2099-12-31 00:00:00,3.71,3930,1249,2025-07-20 12:00:57.220000,563.33,https://www.arizonalottery.com/scratchers/1469-blackjack-tripler/,6,50000.0,316268.6,3.0,,,
210,1469,Blackjack Tripler,5.0,50,2024-12-03 00:00:00,2099-12-31 00:00:00,2099-12-31 00:00:00,3.71,12007,3772,2025-07-20 12:00:57.220000,184.38,https://www.arizonalottery.com/scratchers/1469-blackjack-tripler/,7,50000.0,316268.6,3.0,,,
211,1469,Blackjack Tripler,5.0,30,2024-12-03 00:00:00,2099-12-31 00:00:00,2099-12-31 00:00:00,3.71,23980,7897,2025-07-20 12:00:57.220000,92.32,https://www.arizonalottery.com/scratchers/1469-blackjack-tripler/,8,50000.0,316268.6,3.0,,,
212,1469,Blackjack Tripler,5.0,25,2024-12-03 00:00:00,2099-12-31 00:00:00,2099-12-31 00:00:00,3.71,36898,12018,2025-07-20 12:00:57.220000,60.0,https://www.arizonalottery.com/scratchers/1469-blackjack-tripler/,9,50000.0,316268.6,3.0,,,
213,1469,Blackjack Tripler,5.0,15,2024-12-03 00:00:00,2099-12-31 00:00:00,2099-12-31 00:00:00,3.71,101473,34038,2025-07-20 12:00:57.220000,21.82,https://www.arizonalottery.com/scratchers/1469-blackjack-tripler/,10,50000.0,316268.6,3.0,,,
214,1469,Blackjack Tripler,5.0,10,2024-12-03 00:00:00,2099-12-31 00:00:00,2099-12-31 00:00:00,3.71,147592,50352,2025-07-20 12:00:57.220000,15.0,https://www.arizonalottery.com/scratchers/1469-blackjack-tripler/,11,50000.0,316268.6,3.0,,,
215,1469,Blackjack Tripler,5.0,5,2024-12-03 00:00:00,2099-12-31 00:00:00,2099-12-31 00:00:00,3.71,267507,95492,2025-07-20 12:00:57.220000,8.28,https://www.arizonalottery.com/scratchers/1469-blackjack-tripler/,12,50000.0,316268.6,3.0,,,
216,1470,Arizona Treasure Hunt,3.0,20000,2024-12-03 00:00:00,2099-12-31 00:00:00,2099-12-31 00:00:00,3.8,12,5,2025-07-20 12:00:57.797000,256491.7,https://www.arizonalottery.com/scratchers/1470-arizona-treasure-hunt/,1,20000.0,256491.7,5.0,,,
217,1470,Arizona Treasure Hunt,3.0,1000,2024-12-03 00:00:00,2099-12-31 00:00:00,2099-12-31 00:00:00,3.8,25,9,2025-07-20 12:00:57.797000,123116.0,https://www.arizonalottery.com/scratchers/1470-arizona-treasure-hunt/,2,20000.0,256491.7,5.0,,,
218,1470,Arizona Treasure Hunt,3.0,500,2024-12-03 00:00:00,2099-12-31 00:00:00,2099-12-31 00:00:00,3.8,53,25,2025-07-20 12:00:57.797000,58073.59,https://www.arizonalottery.com/scratchers/1470-arizona-treasure-hunt/,3,20000.0,256491.7,5.0,,,
219,1470,Arizona Treasure Hunt,3.0,100,2024-12-03 00:00:00,2099-12-31 00:00:00,2099-12-31 00:00:00,3.8,1793,750,2025-07-20 12:00:57.797000,1716.62,https://www.arizonalottery.com/scratchers/1470-arizona-treasure-hunt/,4,20000.0,256491.7,5.0,,,
220,1470,Arizona Treasure Hunt,3.0,50,2024-12-03 00:00:00,2099-12-31 00:00:00,2099-12-31 00:00:00,3.8,6791,2873,2025-07-20 12:00:57.797000,453.23,https://www.arizonalottery.com/scratchers/1470-arizona-treasure-hunt/,5,20000.0,256491.7,5.0,,,
221,1470,Arizona Treasure Hunt,3.0,30,2024-12-03 00:00:00,2099-12-31 00:00:00,2099-12-31 00:00:00,3.8,23543,9844,2025-07-20 12:00:57.797000,130.74,https://www.arizonalottery.com/scratchers/1470-arizona-treasure-hunt/,6,20000.0,256491.7,5.0,,,
222,1470,Arizona Treasure Hunt,3.0,20,2024-12-03 00:00:00,2099-12-31 00:00:00,2099-12-31 00:00:00,3.8,53865,23080,2025-07-20 12:00:57.797000,57.14,https://www.arizonalottery.com/scratchers/1470-arizona-treasure-hunt/,7,20000.0,256491.7,5.0,,,
223,1470,Arizona Treasure Hunt,3.0,10,2024-12-03 00:00:00,2099-12-31 00:00:00,2099-12-31 00:00:00,3.8,92307,40799,2025-07-20 12:00:57.797000,33.34,https://www.arizonalottery.com/scratchers/1470-arizona-treasure-hunt/,8,20000.0,256491.7,5.0,,,
224,1470,Arizona Treasure Hunt,3.0,5,2024-12-03 00:00:00,2099-12-31 00:00:00,2099-12-31 00:00:00,3.8,246285,114119,2025-07-20 12:00:57.797000,12.5,https://www.arizonalottery.com/scratchers/1470-arizona-treasure-hunt/,9,20000.0,256491.7,5.0,,,
225,1470,Arizona Treasure Hunt,3.0,3,2024-12-03 00:00:00,2099-12-31 00:00:00,2099-12-31 00:00:00,3.8,384740,180127,2025-07-20 12:00:57.797000,8.0,https://www.arizonalottery.com/scratchers/1470-arizona-treasure-hunt/,10,20000.0,256491.7,5.0,,,
226,1476,Money Maker,10.0,100000,2024-12-03 00:00:00,2099-12-31 00:00:00,2099-12-31 00:00:00,3.51,7,3,2025-07-20 12:00:58.963000,294917.2,https://www.arizonalottery.com/scratchers/1476-money-maker/,1,100000.0,294917.2,3.0,,,
227,1476,Money Maker,10.0,10000,2024-12-03 00:00:00,2099-12-31 00:00:00,2099-12-31 00:00:00,3.51,10,2,2025-07-20 12:00:58.963000,206442.0,https://www.arizonalottery.com/scratchers/1476-money-maker/,2,100000.0,294917.2,3.0,,,
228,1476,Money Maker,10.0,1000,2024-12-03 00:00:00,2099-12-31 00:00:00,2099-12-31 00:00:00,3.51,69,30,2025-07-20 12:00:58.963000,29919.13,https://www.arizonalottery.com/scratchers/1476-money-maker/,3,100000.0,294917.2,3.0,,,
229,1476,Money Maker,10.0,500,2024-12-03 00:00:00,2099-12-31 00:00:00,2099-12-31 00:00:00,3.51,846,303,2025-07-20 12:00:58.963000,2440.21,https://www.arizonalottery.com/scratchers/1476-money-maker/,4,100000.0,294917.2,3.0,,,
230,1476,Money Maker,10.0,250,2024-12-03 00:00:00,2099-12-31 00:00:00,2099-12-31 00:00:00,3.51,2762,1013,2025-07-20 12:00:58.963000,747.44,https://www.arizonalottery.com/scratchers/1476-money-maker/,5,100000.0,294917.2,3.0,,,
231,1476,Money Maker,10.0,100,2024-12-03 00:00:00,2099-12-31 00:00:00,2099-12-31 00:00:00,3.51,28929,10445,2025-07-20 12:00:58.963000,71.36,https://www.arizonalottery.com/scratchers/1476-money-maker/,6,100000.0,294917.2,3.0,,,
232,1476,Money Maker,10.0,50,2024-12-03 00:00:00,2099-12-31 00:00:00,2099-12-31 00:00:00,3.51,56020,20471,2025-07-20 12:00:58.963000,36.85,https://www.arizonalottery.com/scratchers/1476-money-maker/,7,100000.0,294917.2,3.0,,,
233,1476,Money Maker,10.0,25,2024-12-03 00:00:00,2099-12-31 00:00:00,2099-12-31 00:00:00,3.51,111828,41424,2025-07-20 12:00:58.963000,18.46,https://www.arizonalottery.com/scratchers/1476-money-maker/,8,100000.0,294917.2,3.0,,,
234,1476,Money Maker,10.0,15,2024-12-03 00:00:00,2099-12-31 00:00:00,2099-12-31 00:00:00,3.51,163440,61696,2025-07-20 12:00:58.963000,12.63,https://www.arizonalottery.com/scratchers/1476-money-maker/,9,100000.0,294917.2,3.0,,,
235,1476,Money Maker,10.0,10,2024-12-03 00:00:00,2099-12-31 00:00:00,2099-12-31 00:00:00,3.51,223635,85546,2025-07-20 12:00:58.963000,9.23,https://www.arizonalottery.com/scratchers/1476-money-maker/,10,100000.0,294917.2,3.0,,,
236,1465,Triple Red 7`s,10.0,100000,2024-10-01 00:00:00,2099-12-31 00:00:00,2099-12-31 00:00:00,3.48,22,8,2025-07-20 12:00:55.543000,260888.2,https://www.arizonalottery.com/scratchers/1465-triple-red-7s/,1,100000.0,260888.2,8.0,,,
237,1465,Triple Red 7`s,10.0,10000,2024-10-01 00:00:00,2099-12-31 00:00:00,2099-12-31 00:00:00,3.48,29,8,2025-07-20 12:00:55.543000,197915.2,https://www.arizonalottery.com/scratchers/1465-triple-red-7s/,2,100000.0,260888.2,8.0,,,
238,1465,Triple Red 7`s,10.0,1000,2024-10-01 00:00:00,2099-12-31 00:00:00,2099-12-31 00:00:00,3.48,238,46,2025-07-20 12:00:55.543000,24115.71,https://www.arizonalottery.com/scratchers/1465-triple-red-7s/,3,100000.0,260888.2,8.0,,,
239,1465,Triple Red 7`s,10.0,500,2024-10-01 00:00:00,2099-12-31 00:00:00,2099-12-31 00:00:00,3.48,3832,1113,2025-07-20 12:00:55.543000,1497.79,https://www.arizonalottery.com/scratchers/1465-triple-red-7s/,4,100000.0,260888.2,8.0,,,
240,1465,Triple Red 7`s,10.0,300,2024-10-01 00:00:00,2099-12-31 00:00:00,2099-12-31 00:00:00,3.48,9568,2770,2025-07-20 12:00:55.543000,599.87,https://www.arizonalottery.com/scratchers/1465-triple-red-7s/,5,100000.0,260888.2,8.0,,,
241,1465,Triple Red 7`s,10.0,100,2024-10-01 00:00:00,2099-12-31 00:00:00,2099-12-31 00:00:00,3.48,47794,13859,2025-07-20 12:00:55.543000,120.09,https://www.arizonalottery.com/scratchers/1465-triple-red-7s/,6,100000.0,260888.2,8.0,,,
242,1465,Triple Red 7`s,10.0,50,2024-10-01 00:00:00,2099-12-31 00:00:00,2099-12-31 00:00:00,3.48,99851,29559,2025-07-20 12:00:55.543000,57.48,https://www.arizonalottery.com/scratchers/1465-triple-red-7s/,7,100000.0,260888.2,8.0,,,
243,1465,Triple Red 7`s,10.0,30,2024-10-01 00:00:00,2099-12-31 00:00:00,2099-12-31 00:00:00,3.48,172573,51997,2025-07-20 12:00:55.543000,33.26,https://www.arizonalottery.com/scratchers/1465-triple-red-7s/,8,100000.0,260888.2,8.0,,,
244,1465,Triple Red 7`s,10.0,25,2024-10-01 00:00:00,2099-12-31 00:00:00,2099-12-31 00:00:00,3.48,310929,93536,2025-07-20 12:00:55.543000,18.46,https://www.arizonalottery.com/scratchers/1465-triple-red-7s/,9,100000.0,260888.2,8.0,,,
245,1465,Triple Red 7`s,10.0,15,2024-10-01 00:00:00,2099-12-31 00:00:00,2099-12-31 00:00:00,3.48,382704,117123,2025-07-20 12:00:55.543000,15.0,https://www.arizonalottery.com/scratchers/1465-triple-red-7s/,10,100000.0,260888.2,8.0,,,
246,1465,Triple Red 7`s,10.0,10,2024-10-01 00:00:00,2099-12-31 00:00:00,2099-12-31 00:00:00,3.48,621641,197977,2025-07-20 12:00:55.543000,9.23,https://www.arizonalottery.com/scratchers/1465-triple-red-7s/,11,100000.0,260888.2,8.0,,,
247,1454,Red Hot 7s,2.0,7777,2024-09-16 00:00:00,2099-12-31 00:00:00,2099-12-31 00:00:00,3.97,21,3,2025-07-20 12:00:51.817000,247364.3,https://www.arizonalottery.com/scratchers/1454-red-hot-7s/,1,7777.0,247364.3,3.0,,,
248,1454,Red Hot 7s,2.0,777,2024-09-16 00:00:00,2099-12-31 00:00:00,2099-12-31 00:00:00,3.97,127,34,2025-07-20 12:00:51.817000,40902.76,https://www.arizonalottery.com/scratchers/1454-red-hot-7s/,2,7777.0,247364.3,3.0,,,
249,1454,Red Hot 7s,2.0,70,2024-09-16 00:00:00,2099-12-31 00:00:00,2099-12-31 00:00:00,3.97,9521,2330,2025-07-20 12:00:51.817000,545.6,https://www.arizonalottery.com/scratchers/1454-red-hot-7s/,3,7777.0,247364.3,3.0,,,
250,1454,Red Hot 7s,2.0,28,2024-09-16 00:00:00,2099-12-31 00:00:00,2099-12-31 00:00:00,3.97,17271,4413,2025-07-20 12:00:51.817000,300.77,https://www.arizonalottery.com/scratchers/1454-red-hot-7s/,4,7777.0,247364.3,3.0,,,
251,1454,Red Hot 7s,2.0,14,2024-09-16 00:00:00,2099-12-31 00:00:00,2099-12-31 00:00:00,3.97,69300,18779,2025-07-20 12:00:51.817000,74.96,https://www.arizonalottery.com/scratchers/1454-red-hot-7s/,5,7777.0,247364.3,3.0,,,
252,1454,Red Hot 7s,2.0,10,2024-09-16 00:00:00,2099-12-31 00:00:00,2099-12-31 00:00:00,3.97,103944,28810,2025-07-20 12:00:51.817000,49.98,https://www.arizonalottery.com/scratchers/1454-red-hot-7s/,6,7777.0,247364.3,3.0,,,
253,1454,Red Hot 7s,2.0,7,2024-09-16 00:00:00,2099-12-31 00:00:00,2099-12-31 00:00:00,3.97,138524,39084,2025-07-20 12:00:51.817000,37.5,https://www.arizonalottery.com/scratchers/1454-red-hot-7s/,7,7777.0,247364.3,3.0,,,
254,1454,Red Hot 7s,2.0,3,2024-09-16 00:00:00,2099-12-31 00:00:00,2099-12-31 00:00:00,3.97,311679,97034,2025-07-20 12:00:51.817000,16.67,https://www.arizonalottery.com/scratchers/1454-red-hot-7s/,8,7777.0,247364.3,3.0,,,
255,1454,Red Hot 7s,2.0,2,2024-09-16 00:00:00,2099-12-31 00:00:00,2099-12-31 00:00:00,3.97,658091,215233,2025-07-20 12:00:51.817000,7.89,https://www.arizonalottery.com/scratchers/1454-red-hot-7s/,9,7777.0,247364.3,3.0,,,
256,1466,Instant Millions,30.0,35000000,2024-09-03 00:00:00,2099-12-31 00:00:00,2099-12-31 00:00:00,2.75,3,1,2025-07-20 12:00:55.977000,674326.7,https://www.arizonalottery.com/scratchers/1466-instant-millions/,1,35000000.0,674326.7,1.0,,,
257,1466,Instant Millions,30.0,50000,2024-09-03 00:00:00,2099-12-31 00:00:00,2099-12-31 00:00:00,2.75,6,2,2025-07-20 12:00:55.977000,337163.3,https://www.arizonalottery.com/scratchers/1466-instant-millions/,2,35000000.0,674326.7,1.0,,,
258,1466,Instant Millions,30.0,5000,2024-09-03 00:00:00,2099-12-31 00:00:00,2099-12-31 00:00:00,2.75,12,7,2025-07-20 12:00:55.977000,168581.7,https://www.arizonalottery.com/scratchers/1466-instant-millions/,3,35000000.0,674326.7,1.0,,,
259,1466,Instant Millions,30.0,1000,2024-09-03 00:00:00,2099-12-31 00:00:00,2099-12-31 00:00:00,2.75,171,67,2025-07-20 12:00:55.977000,11830.29,https://www.arizonalottery.com/scratchers/1466-instant-millions/,4,35000000.0,674326.7,1.0,,,
260,1466,Instant Millions,30.0,500,2024-09-03 00:00:00,2099-12-31 00:00:00,2099-12-31 00:00:00,2.75,5939,2023,2025-07-20 12:00:55.977000,340.63,https://www.arizonalottery.com/scratchers/1466-instant-millions/,5,35000000.0,674326.7,1.0,,,
261,1466,Instant Millions,30.0,250,2024-09-03 00:00:00,2099-12-31 00:00:00,2099-12-31 00:00:00,2.75,11103,3813,2025-07-20 12:00:55.977000,182.2,https://www.arizonalottery.com/scratchers/1466-instant-millions/,6,35000000.0,674326.7,1.0,,,
262,1466,Instant Millions,30.0,100,2024-09-03 00:00:00,2099-12-31 00:00:00,2099-12-31 00:00:00,2.75,85267,28951,2025-07-20 12:00:55.977000,23.73,https://www.arizonalottery.com/scratchers/1466-instant-millions/,7,35000000.0,674326.7,1.0,,,
263,1466,Instant Millions,30.0,50,2024-09-03 00:00:00,2099-12-31 00:00:00,2099-12-31 00:00:00,2.75,177049,60617,2025-07-20 12:00:55.977000,11.43,https://www.arizonalottery.com/scratchers/1466-instant-millions/,8,35000000.0,674326.7,1.0,,,
264,1466,Instant Millions,30.0,40,2024-09-03 00:00:00,2099-12-31 00:00:00,2099-12-31 00:00:00,2.75,455103,156394,2025-07-20 12:00:55.977000,4.45,https://www.arizonalottery.com/scratchers/1466-instant-millions/,9,35000000.0,674326.7,1.0,,,
265,1441,Double Bingo,2.0,10000,2024-07-02 00:00:00,2099-12-31 00:00:00,2099-12-31 00:00:00,3.63,16,5,2025-07-20 12:00:44.680000,398850.0,https://www.arizonalottery.com/scratchers/1441-double-bingo/,1,10000.0,398850.0,5.0,,,
266,1441,Double Bingo,2.0,1000,2024-07-02 00:00:00,2099-12-31 00:00:00,2099-12-31 00:00:00,3.63,20,12,2025-07-20 12:00:44.680000,319080.0,https://www.arizonalottery.com/scratchers/1441-double-bingo/,2,10000.0,398850.0,5.0,,,
267,1441,Double Bingo,2.0,250,2024-07-02 00:00:00,2099-12-31 00:00:00,2099-12-31 00:00:00,3.63,109,49,2025-07-20 12:00:44.680000,58546.79,https://www.arizonalottery.com/scratchers/1441-double-bingo/,3,10000.0,398850.0,5.0,,,
268,1441,Double Bingo,2.0,100,2024-07-02 00:00:00,2099-12-31 00:00:00,2099-12-31 00:00:00,3.63,1334,532,2025-07-20 12:00:44.680000,4783.81,https://www.arizonalottery.com/scratchers/1441-double-bingo/,4,10000.0,398850.0,5.0,,,
269,1441,Double Bingo,2.0,50,2024-07-02 00:00:00,2099-12-31 00:00:00,2099-12-31 00:00:00,3.63,2664,1093,2025-07-20 12:00:44.680000,2395.5,https://www.arizonalottery.com/scratchers/1441-double-bingo/,5,10000.0,398850.0,5.0,,,
270,1441,Double Bingo,2.0,40,2024-07-02 00:00:00,2099-12-31 00:00:00,2099-12-31 00:00:00,3.63,7416,2933,2025-07-20 12:00:44.680000,860.52,https://www.arizonalottery.com/scratchers/1441-double-bingo/,6,10000.0,398850.0,5.0,,,
271,1441,Double Bingo,2.0,25,2024-07-02 00:00:00,2099-12-31 00:00:00,2099-12-31 00:00:00,3.63,21285,8559,2025-07-20 12:00:44.680000,299.82,https://www.arizonalottery.com/scratchers/1441-double-bingo/,7,10000.0,398850.0,5.0,,,
272,1441,Double Bingo,2.0,20,2024-07-02 00:00:00,2099-12-31 00:00:00,2099-12-31 00:00:00,3.63,42544,17797,2025-07-20 12:00:44.680000,150.0,https://www.arizonalottery.com/scratchers/1441-double-bingo/,8,10000.0,398850.0,5.0,,,
273,1441,Double Bingo,2.0,10,2024-07-02 00:00:00,2099-12-31 00:00:00,2099-12-31 00:00:00,3.63,170176,71595,2025-07-20 12:00:44.680000,37.5,https://www.arizonalottery.com/scratchers/1441-double-bingo/,9,10000.0,398850.0,5.0,,,
274,1441,Double Bingo,2.0,5,2024-07-02 00:00:00,2099-12-31 00:00:00,2099-12-31 00:00:00,3.63,191435,84845,2025-07-20 12:00:44.680000,33.34,https://www.arizonalottery.com/scratchers/1441-double-bingo/,10,10000.0,398850.0,5.0,,,
275,1441,Double Bingo,2.0,4,2024-07-02 00:00:00,2099-12-31 00:00:00,2099-12-31 00:00:00,3.63,361563,152510,2025-07-20 12:00:44.680000,17.65,https://www.arizonalottery.com/scratchers/1441-double-bingo/,11,10000.0,398850.0,5.0,,,
276,1441,Double Bingo,2.0,2,2024-07-02 00:00:00,2099-12-31 00:00:00,2099-12-31 00:00:00,3.63,957219,433371,2025-07-20 12:00:44.680000,6.67,https://www.arizonalottery.com/scratchers/1441-double-bingo/,12,10000.0,398850.0,5.0,,,
277,1459,"$500,000 Gold Rush",20.0,500000,2024-07-02 00:00:00,2099-12-31 00:00:00,2099-12-31 00:00:00,3.09,7,1,2025-07-20 12:00:54.207000,314820.0,https://www.arizonalottery.com/scratchers/1459-500-000-gold-rush/,1,500000.0,314820.0,1.0,,,
278,1459,"$500,000 Gold Rush",20.0,10000,2024-07-02 00:00:00,2099-12-31 00:00:00,2099-12-31 00:00:00,3.09,10,2,2025-07-20 12:00:54.207000,220374.0,https://www.arizonalottery.com/scratchers/1459-500-000-gold-rush/,2,500000.0,314820.0,1.0,,,
279,1459,"$500,000 Gold Rush",20.0,1000,2024-07-02 00:00:00,2099-12-31 00:00:00,2099-12-31 00:00:00,3.09,111,20,2025-07-20 12:00:54.207000,19853.51,https://www.arizonalottery.com/scratchers/1459-500-000-gold-rush/,3,500000.0,314820.0,1.0,,,
280,1459,"$500,000 Gold Rush",20.0,500,2024-07-02 00:00:00,2099-12-31 00:00:00,2099-12-31 00:00:00,3.09,7348,954,2025-07-20 12:00:54.207000,299.91,https://www.arizonalottery.com/scratchers/1459-500-000-gold-rush/,4,500000.0,314820.0,1.0,,,
281,1459,"$500,000 Gold Rush",20.0,250,2024-07-02 00:00:00,2099-12-31 00:00:00,2099-12-31 00:00:00,3.09,14691,1941,2025-07-20 12:00:54.207000,150.01,https://www.arizonalottery.com/scratchers/1459-500-000-gold-rush/,5,500000.0,314820.0,1.0,,,
282,1459,"$500,000 Gold Rush",20.0,100,2024-07-02 00:00:00,2099-12-31 00:00:00,2099-12-31 00:00:00,3.09,44081,5761,2025-07-20 12:00:54.207000,49.99,https://www.arizonalottery.com/scratchers/1459-500-000-gold-rush/,6,500000.0,314820.0,1.0,,,
283,1459,"$500,000 Gold Rush",20.0,50,2024-07-02 00:00:00,2099-12-31 00:00:00,2099-12-31 00:00:00,3.09,63741,8542,2025-07-20 12:00:54.207000,34.57,https://www.arizonalottery.com/scratchers/1459-500-000-gold-rush/,7,500000.0,314820.0,1.0,,,
284,1459,"$500,000 Gold Rush",20.0,40,2024-07-02 00:00:00,2099-12-31 00:00:00,2099-12-31 00:00:00,3.09,68670,9256,2025-07-20 12:00:54.207000,32.09,https://www.arizonalottery.com/scratchers/1459-500-000-gold-rush/,8,500000.0,314820.0,1.0,,,
285,1459,"$500,000 Gold Rush",20.0,25,2024-07-02 00:00:00,2099-12-31 00:00:00,2099-12-31 00:00:00,3.09,202020,28916,2025-07-20 12:00:54.207000,10.91,https://www.arizonalottery.com/scratchers/1459-500-000-gold-rush/,9,500000.0,314820.0,1.0,,,
286,1459,"$500,000 Gold Rush",20.0,20,2024-07-02 00:00:00,2099-12-31 00:00:00,2099-12-31 00:00:00,3.09,312186,44317,2025-07-20 12:00:54.207000,7.06,https://www.arizonalottery.com/scratchers/1459-500-000-gold-rush/,10,500000.0,314820.0,1.0,,,
287,1455,Million Dollar Crossword,30.0,1000000,2024-06-04 00:00:00,2099-12-31 00:00:00,2099-12-31 00:00:00,2.3,7,4,2025-07-20 12:00:52.077000,341774.3,https://www.arizonalottery.com/scratchers/1455-million-dollar-crossword/,1,1000000.0,341774.3,4.0,,,
288,1455,Million Dollar Crossword,30.0,25000,2024-06-04 00:00:00,2099-12-31 00:00:00,2099-12-31 00:00:00,2.3,12,2,2025-07-20 12:00:52.077000,199368.3,https://www.arizonalottery.com/scratchers/1455-million-dollar-crossword/,2,1000000.0,341774.3,4.0,,,
289,1455,Million Dollar Crossword,30.0,5000,2024-06-04 00:00:00,2099-12-31 00:00:00,2099-12-31 00:00:00,2.3,24,5,2025-07-20 12:00:52.077000,99684.17,https://www.arizonalottery.com/scratchers/1455-million-dollar-crossword/,3,1000000.0,341774.3,4.0,,,
290,1455,Million Dollar Crossword,30.0,2500,2024-06-04 00:00:00,2099-12-31 00:00:00,2099-12-31 00:00:00,2.3,76,12,2025-07-20 12:00:52.077000,31479.21,https://www.arizonalottery.com/scratchers/1455-million-dollar-crossword/,4,1000000.0,341774.3,4.0,,,
291,1455,Million Dollar Crossword,30.0,1000,2024-06-04 00:00:00,2099-12-31 00:00:00,2099-12-31 00:00:00,2.3,197,39,2025-07-20 12:00:52.077000,12144.26,https://www.arizonalottery.com/scratchers/1455-million-dollar-crossword/,5,1000000.0,341774.3,4.0,,,
292,1455,Million Dollar Crossword,30.0,500,2024-06-04 00:00:00,2099-12-31 00:00:00,2099-12-31 00:00:00,2.3,6969,1261,2025-07-20 12:00:52.077000,343.29,https://www.arizonalottery.com/scratchers/1455-million-dollar-crossword/,6,1000000.0,341774.3,4.0,,,
293,1455,Million Dollar Crossword,30.0,250,2024-06-04 00:00:00,2099-12-31 00:00:00,2099-12-31 00:00:00,2.3,12992,2362,2025-07-20 12:00:52.077000,184.15,https://www.arizonalottery.com/scratchers/1455-million-dollar-crossword/,7,1000000.0,341774.3,4.0,,,
294,1455,Million Dollar Crossword,30.0,100,2024-06-04 00:00:00,2099-12-31 00:00:00,2099-12-31 00:00:00,2.3,39991,7316,2025-07-20 12:00:52.077000,59.82,https://www.arizonalottery.com/scratchers/1455-million-dollar-crossword/,8,1000000.0,341774.3,4.0,,,
295,1455,Million Dollar Crossword,30.0,75,2024-06-04 00:00:00,2099-12-31 00:00:00,2099-12-31 00:00:00,2.3,79791,14832,2025-07-20 12:00:52.077000,29.98,https://www.arizonalottery.com/scratchers/1455-million-dollar-crossword/,9,1000000.0,341774.3,4.0,,,
296,1455,Million Dollar Crossword,30.0,50,2024-06-04 00:00:00,2099-12-31 00:00:00,2099-12-31 00:00:00,2.3,219213,40899,2025-07-20 12:00:52.077000,10.91,https://www.arizonalottery.com/scratchers/1455-million-dollar-crossword/,10,1000000.0,341774.3,4.0,,,
297,1455,Million Dollar Crossword,30.0,40,2024-06-04 00:00:00,2099-12-31 00:00:00,2099-12-31 00:00:00,2.3,297091,56282,2025-07-20 12:00:52.077000,8.05,https://www.arizonalottery.com/scratchers/1455-million-dollar-crossword/,11,1000000.0,341774.3,4.0,,,
298,1455,Million Dollar Crossword,30.0,30,2024-06-04 00:00:00,2099-12-31 00:00:00,2099-12-31 00:00:00,2.3,382803,77446,2025-07-20 12:00:52.077000,6.25,https://www.arizonalottery.com/scratchers/1455-million-dollar-crossword/,12,1000000.0,341774.3,4.0,,,
299,1444,Cactus Crossword,5.0,50000,2024-03-05 00:00:00,2099-12-31 00:00:00,2099-12-31 00:00:00,3.43,24,6,2025-07-20 12:00:46.077000,335870.0,https://www.arizonalottery.com/scratchers/1444-cactus-crossword/,1,50000.0,335870.0,6.0,,,
300,1444,Cactus Crossword,5.0,2500,2024-03-05 00:00:00,2099-12-31 00:00:00,2099-12-31 00:00:00,3.43,134,37,2025-07-20 12:00:46.077000,60155.82,https://www.arizonalottery.com/scratchers/1444-cactus-crossword/,2,50000.0,335870.0,6.0,,,
301,1444,Cactus Crossword,5.0,100,2024-03-05 00:00:00,2099-12-31 00:00:00,2099-12-31 00:00:00,3.43,13391,3338,2025-07-20 12:00:46.077000,601.96,https://www.arizonalottery.com/scratchers/1444-cactus-crossword/,3,50000.0,335870.0,6.0,,,
302,1444,Cactus Crossword,5.0,50,2024-03-05 00:00:00,2099-12-31 00:00:00,2099-12-31 00:00:00,3.43,31298,7871,2025-07-20 12:00:46.077000,257.55,https://www.arizonalottery.com/scratchers/1444-cactus-crossword/,4,50000.0,335870.0,6.0,,,
303,1444,Cactus Crossword,5.0,40,2024-03-05 00:00:00,2099-12-31 00:00:00,2099-12-31 00:00:00,3.43,53751,13653,2025-07-20 12:00:46.077000,149.97,https://www.arizonalottery.com/scratchers/1444-cactus-crossword/,5,50000.0,335870.0,6.0,,,
304,1444,Cactus Crossword,5.0,25,2024-03-05 00:00:00,2099-12-31 00:00:00,2099-12-31 00:00:00,3.43,134348,34486,2025-07-20 12:00:46.077000,60.0,https://www.arizonalottery.com/scratchers/1444-cactus-crossword/,6,50000.0,335870.0,6.0,,,
305,1444,Cactus Crossword,5.0,20,2024-03-05 00:00:00,2099-12-31 00:00:00,2099-12-31 00:00:00,3.43,268696,69629,2025-07-20 12:00:46.077000,30.0,https://www.arizonalottery.com/scratchers/1444-cactus-crossword/,7,50000.0,335870.0,6.0,,,
306,1444,Cactus Crossword,5.0,10,2024-03-05 00:00:00,2099-12-31 00:00:00,2099-12-31 00:00:00,3.43,638143,176652,2025-07-20 12:00:46.077000,12.63,https://www.arizonalottery.com/scratchers/1444-cactus-crossword/,8,50000.0,335870.0,6.0,,,
307,1444,Cactus Crossword,5.0,5,2024-03-05 00:00:00,2099-12-31 00:00:00,2099-12-31 00:00:00,3.43,1209132,361517,2025-07-20 12:00:46.077000,6.67,https://www.arizonalottery.com/scratchers/1444-cactus-crossword/,9,50000.0,335870.0,6.0,,,
308,1431,Millionaire Extraordinaire,30.0,1000000,2023-11-07 00:00:00,2099-12-31 00:00:00,2099-12-31 00:00:00,2.63,4,1,2025-07-20 12:00:39.097000,510665.0,https://www.arizonalottery.com/scratchers/1431-millionaire-extraordinaire/,1,1000000.0,510665.0,1.0,,,
309,1431,Millionaire Extraordinaire,30.0,50000,2023-11-07 00:00:00,2099-12-31 00:00:00,2099-12-31 00:00:00,2.63,7,2,2025-07-20 12:00:39.097000,291808.6,https://www.arizonalottery.com/scratchers/1431-millionaire-extraordinaire/,2,1000000.0,510665.0,1.0,,,
310,1431,Millionaire Extraordinaire,30.0,5000,2023-11-07 00:00:00,2099-12-31 00:00:00,2099-12-31 00:00:00,2.63,20,4,2025-07-20 12:00:39.097000,102133.0,https://www.arizonalottery.com/scratchers/1431-millionaire-extraordinaire/,3,1000000.0,510665.0,1.0,,,
311,1431,Millionaire Extraordinaire,30.0,1000,2023-11-07 00:00:00,2099-12-31 00:00:00,2099-12-31 00:00:00,2.63,203,48,2025-07-20 12:00:39.097000,10062.36,https://www.arizonalottery.com/scratchers/1431-millionaire-extraordinaire/,4,1000000.0,510665.0,1.0,,,
312,1431,Millionaire Extraordinaire,30.0,500,2023-11-07 00:00:00,2099-12-31 00:00:00,2099-12-31 00:00:00,2.63,12661,2739,2025-07-20 12:00:39.097000,161.33,https://www.arizonalottery.com/scratchers/1431-millionaire-extraordinaire/,5,1000000.0,510665.0,1.0,,,
313,1431,Millionaire Extraordinaire,30.0,100,2023-11-07 00:00:00,2099-12-31 00:00:00,2099-12-31 00:00:00,2.63,100953,21523,2025-07-20 12:00:39.097000,20.23,https://www.arizonalottery.com/scratchers/1431-millionaire-extraordinaire/,6,1000000.0,510665.0,1.0,,,
314,1431,Millionaire Extraordinaire,30.0,50,2023-11-07 00:00:00,2099-12-31 00:00:00,2099-12-31 00:00:00,2.63,204266,44262,2025-07-20 12:00:39.097000,10.0,https://www.arizonalottery.com/scratchers/1431-millionaire-extraordinaire/,7,1000000.0,510665.0,1.0,,,
315,1431,Millionaire Extraordinaire,30.0,40,2023-11-07 00:00:00,2099-12-31 00:00:00,2099-12-31 00:00:00,2.63,459690,99802,2025-07-20 12:00:39.097000,4.44,https://www.arizonalottery.com/scratchers/1431-millionaire-extraordinaire/,8,1000000.0,510665.0,1.0,,,
316,1401,SET FOR LIFE,50.0,5000000,2023-01-31 00:00:00,2099-12-31 00:00:00,2099-12-31 00:00:00,2.18,6,3,2025-07-20 12:00:35.337000,886248.0,https://www.arizonalottery.com/scratchers/1401-set-for-life/,1,5000000.0,886248.0,3.0,,,
317,1401,SET FOR LIFE,50.0,10000,2023-01-31 00:00:00,2099-12-31 00:00:00,2099-12-31 00:00:00,2.18,392,139,2025-07-20 12:00:35.337000,13565.02,https://www.arizonalottery.com/scratchers/1401-set-for-life/,2,5000000.0,886248.0,3.0,,,
318,1401,SET FOR LIFE,50.0,1000,2023-01-31 00:00:00,2099-12-31 00:00:00,2099-12-31 00:00:00,2.18,4925,1773,2025-07-20 12:00:35.337000,1079.69,https://www.arizonalottery.com/scratchers/1401-set-for-life/,3,5000000.0,886248.0,3.0,,,
319,1401,SET FOR LIFE,50.0,500,2023-01-31 00:00:00,2099-12-31 00:00:00,2099-12-31 00:00:00,2.18,93517,32834,2025-07-20 12:00:35.337000,56.86,https://www.arizonalottery.com/scratchers/1401-set-for-life/,4,5000000.0,886248.0,3.0,,,
320,1401,SET FOR LIFE,50.0,100,2023-01-31 00:00:00,2099-12-31 00:00:00,2099-12-31 00:00:00,2.18,275755,97211,2025-07-20 12:00:35.337000,19.28,https://www.arizonalottery.com/scratchers/1401-set-for-life/,5,5000000.0,886248.0,3.0,,,
321,1401,SET FOR LIFE,50.0,60,2023-01-31 00:00:00,2099-12-31 00:00:00,2099-12-31 00:00:00,2.18,516983,184611,2025-07-20 12:00:35.337000,10.29,https://www.arizonalottery.com/scratchers/1401-set-for-life/,6,5000000.0,886248.0,3.0,,,
322,1401,SET FOR LIFE,50.0,50,2023-01-31 00:00:00,2099-12-31 00:00:00,2099-12-31 00:00:00,2.18,1550929,555986,2025-07-20 12:00:35.337000,3.43,https://www.arizonalottery.com/scratchers/1401-set-for-life/,7,5000000.0,886248.0,3.0,,,
