,price,gameNumber,topprize,topprizeodds,overallodds,topprizeremain,topprizeavail,extrachances,secondChance,startDate,endDate,lastdatetoclaim,dateexported,gameURL,gameName,Winning Tickets At Start,Winning Tickets Unclaimed,Total at start,Total remaining,Non-prize at start,Non-prize remaining,Current Odds of Top Prize,Change in Current Odds of Top Prize,Current Odds of Any Prize,Change in Current Odds of Any Prize,Odds of Profit Prize,Starting Odds of Profit Prize,Change in Odds of Profit Prize,Probability of Winning Any Prize,Starting Probability of Winning Any Prize,Change in Probability of Any Prize,Probability of Winning Profit Prize,Starting Probability of Winning Profit Prize,Change in Probability of Profit Prize,StdDev of All Prizes,StdDev of Profit Prizes,Odds of Any Prize + 3 StdDevs,Odds of Profit Prize + 3 StdDevs,Max Tickets to Buy,Expected Value of Any Prize (as % of cost),Change in Expected Value of Any Prize,Expected Value of Profit Prize (as % of cost),Change in Expected Value of Profit Prize,Percent of Prizes Remaining,Percent of Profit Prizes Remaining,Ratio of Decline in Prizes to Decline in Losing Ticket,Photo,FAQ,About,Directory,Data Date,Days Since Start,Rank by Best Probability of Winning Any Prize,Rank by Best Probability of Winning Profit Prize,Rank by Least Expected Losses,Rank by Most Available Prizes,Rank by Best Change in Probabilities,Rank Average,Overall Rank,Rank by Cost,Stats Page
0,2.0,1422,10000.0,274143.8,4.15,7.0,,,,2023-09-05 00:00:00,2099-12-31 00:00:00,2099-12-31 00:00:00,2023-09-26 12:00:53.893000,/scratchers/1290-215-million-cash-explosion/,Triple $$$,529104,481298,2195781.6,1997386.7000000002,1666677.6,1516088.7000000002,274143.8,0.098010299461396,4.15,-3.504579260261133e-07,7.56,7.532644715988226,0.0034207711655140196,0.2409639398694093,0.24096392126537208,-1.860403722742099e-08,0.13230291991633064,0.13275549792989375,0.0004525780135631041,0.03509866329970066,0.01981632665518452,9.496850442367824,16.82007581721884,9.0,0.39,-0.005444647319447701,0.39335937069750165,-0.005444647319447701,0.9,0.8959436579258208,0.9999992227039566,https://www.arizonalottery.com/media/c4nkrast/1422-triple-1.jpg,,,,2023-09-26 12:00:53.893,21,34.333333333333336,35.0,27.0,34.666666666666664,23.333333333333332,30.866666666666667,42.0,10.0,/arizona-statistics-for-each-scratcher-game
1,5.0,1419,50000.0,276801.8,3.51,10.0,,,,2023-09-05 00:00:00,2099-12-31 00:00:00,2099-12-31 00:00:00,2023-09-26 12:00:53.257000,/scratchers/1290-215-million-cash-explosion/,Sunshine Slingo Trio,867728,786648,3045725.28,2761134.48,2177997.28,1974486.48,276801.8,0.10274249638011042,3.51,-1.738415870262037e-07,7.0,6.979012951064591,0.003120878783182195,0.2849003344278112,0.28490031109177616,-2.3336035048782122e-08,0.14284094868267894,0.14328673796879232,0.000445789286113385,0.04715071044465799,0.02664018771480381,7.069465859207118,12.512027401846757,9.0,0.39,-0.0010170669224640796,0.39322865170614685,-0.0010170669224640796,0.9,0.901548889263196,0.9999992053050255,https://www.arizonalottery.com/media/ullaazrv/1419-sunshine-slingo-1.png,,,,2023-09-26 12:00:53.257,21,25.0,25.666666666666668,26.0,34.666666666666664,24.666666666666668,27.2,27.0,5.0,/arizona-statistics-for-each-scratcher-game
2,10.0,1418,100000.0,245740.0,3.45,8.0,,,,2023-09-05 00:00:00,2099-12-31 00:00:00,2099-12-31 00:00:00,2023-09-26 12:00:52.953000,/scratchers/1290-215-million-cash-explosion/,Instant Jackpot,640409,570588,2209411.0500000003,1968528.6,1569002.0500000003,1397940.6,245740.0,0.12350954621930696,3.45,-3.047961813375304e-07,5.52,5.513589255367201,0.0016160099741450026,0.28985516081051427,0.2898550790233234,-8.178719085316644e-08,0.18107743450944055,0.1813700574497004,0.0002926229402598346,0.03497278849393419,0.02299101602188354,9.53106056771319,14.497827135485968,6.0,0.44,-0.00043545556040786677,0.443156002861021,-0.00043545556040786677,0.88,0.8829720420250553,0.9999976941034374,https://www.arizonalottery.com/media/mmsdzg1u/1418-instant-jackpot-1.jpg,,,,2023-09-26 12:00:52.953,21,35.0,30.666666666666668,47.0,32.666666666666664,28.5,34.766666666666666,49.5,11.0,/arizona-statistics-for-each-scratcher-game
3,25.0,1421,500000.0,299025.0,2.41,8.0,,,,2023-09-05 00:00:00,2099-12-31 00:00:00,2099-12-31 00:00:00,2023-09-26 12:00:53.553000,/scratchers/1290-215-million-cash-explosion/,Triple Bonus Crossword,994294,952273,2396248.54,2294977.93,1401954.54,1342704.9300000002,299025.0,0.04236338751978778,2.41,-4.052326551772837e-07,3.55,3.548136236699568,0.00036805234266744277,0.41493792748249764,0.41493785284327833,-7.463921930517259e-08,0.281734413896087,0.28183810690713146,0.00010369301104445894,0.04748572771937373,0.03767307838099341,7.019601303453639,8.847930305027457,4.0,0.35,0.00029973487528158854,0.3476081023905686,0.00029973487528158854,0.96,0.9573236694766988,0.9999959235955006,https://www.arizonalottery.com/media/yufgbcmh/1421-triple-bonus-crossword-1-1.jpg,,,,2023-09-26 12:00:53.553,21,24.666666666666668,19.666666666666668,9.0,34.333333333333336,14.166666666666666,20.366666666666667,5.0,2.0,/arizona-statistics-for-each-scratcher-game
4,5.0,1412,50000.0,385872.0,3.44,4.0,,,,2023-07-25 00:00:00,2099-12-31 00:00:00,2099-12-31 00:00:00,2023-09-26 12:00:51.240000,/scratchers/1290-215-million-cash-explosion/,Universal Monsters,560042,352980,1926544.48,1214251.2,1366502.48,861271.2,385872.0,0.5889301305907921,3.44,-1.64710564050923e-07,6.12,6.04169031752254,0.01253810824718937,0.29069772229959046,0.290697746846166,2.4546575549955207e-08,0.1634670261749836,0.16551659344401165,0.002049567269028052,0.04843650327754518,0.03607053526535406,6.881727872231863,9.240722725988032,8.0,0.4,-0.0004987383720889289,0.3992000006588424,-0.0004987383720889289,0.63,0.6315522828051509,1.0000001439458144,https://www.arizonalottery.com/media/dqpdhi1c/1412-universal-monsters-gif.gif,,,,2023-09-26 12:00:51.240,63,23.666666666666668,20.333333333333332,32.0,40.666666666666664,33.833333333333336,30.1,40.0,11.0,/arizona-statistics-for-each-scratcher-game
5,2.0,1415,10000.0,281887.5,4.28,7.0,,,,2023-07-25 00:00:00,2099-12-31 00:00:00,2099-12-31 00:00:00,2023-09-26 12:00:52.033000,/scratchers/1290-215-million-cash-explosion/,Money Madness,527173,403155,2256300.44,1725503.4000000001,1729127.44,1322348.4000000001,281887.5,0.3069232565808347,4.28,-2.318164080217337e-07,7.93,7.8718482777388195,0.0069097576434955,0.2336449139758088,0.23364490537605814,-8.59975066158647e-09,0.1261632115388962,0.12703496875415504,0.0008717572152588393,0.035027556763535486,0.01993888454902883,9.516092360240151,16.716468584442865,9.0,0.4,-0.005004488666307233,0.4011146315016549,-0.005004488666307233,0.77,0.7643772224679004,0.9999998803488702,https://www.arizonalottery.com/media/dyman4ub/1415-money-madness-1.jpg,,,,2023-09-26 12:00:52.033,63,34.666666666666664,34.666666666666664,34.0,39.333333333333336,28.666666666666668,34.266666666666666,48.0,11.0,/arizona-statistics-for-each-scratcher-game
6,10.0,1416,100000.0,257028.0,3.48,12.0,,,,2023-07-25 00:00:00,2099-12-31 00:00:00,2099-12-31 00:00:00,2023-09-26 12:00:52.313000,/scratchers/1290-215-million-cash-explosion/,Triple Red 7`s,1106811,847525,3851702.28,2949387.0,2744891.28,2101862.0,257028.0,0.3071936643105839,3.48,0.0,5.61,5.5890943283426155,0.003603822772736652,0.28735632183908044,0.2873563427284873,2.0889406870949756e-08,0.17827738441920304,0.1789198645170369,0.000642480097833853,0.03606136726237974,0.024572841587016156,9.243401545458026,13.564761440272958,7.0,0.45,-0.00025688849713400804,0.44691880041513715,-0.00025688849713400804,0.76,0.7623845456387819,1.000000237617764,https://www.arizonalottery.com/media/mqojgi3w/1416-triple-red-7s-1.jpg,,,,2023-09-26 12:00:52.313,63,33.0,29.0,50.0,45.0,38.416666666666664,39.08333333333333,53.0,13.0,/arizona-statistics-for-each-scratcher-game
7,3.0,1417,20000.0,262709.1,3.74,9.0,,,,2023-07-25 00:00:00,2099-12-31 00:00:00,2099-12-31 00:00:00,2023-09-26 12:00:52.613000,/scratchers/1290-215-million-cash-explosion/,Fruit Explosion,773122,622843,2891476.2800000003,2329432.8200000003,2118354.2800000003,1706589.8200000003,262709.1,0.2405599734184127,3.74,-3.5201702028650454e-07,6.93,6.898707570150764,0.004474347234143239,0.26737977326661605,0.2673797050364589,-6.823015713530722e-08,0.14430899893192847,0.14495468750216153,0.0006456885702330606,0.034119277827041196,0.015335764051081245,9.76949472909324,21.73427946415606,8.0,0.37,-0.003009412730645054,0.36773714221607096,-0.003009412730645054,0.8,0.8020759149385556,0.9999989423848745,https://www.arizonalottery.com/media/5hfdvh5p/1417-fruit-explosion-1.jpg,,,,2023-09-26 12:00:52.613,63,35.666666666666664,36.333333333333336,16.0,31.666666666666668,19.666666666666668,27.866666666666667,30.0,4.0,/arizona-statistics-for-each-scratcher-game
8,5.0,1413,50000.0,307040.0,3.7,5.0,,,,2023-06-27 00:00:00,2099-12-31 00:00:00,2099-12-31 00:00:00,2023-09-26 12:00:51.513000,/scratchers/1290-215-million-cash-explosion/,Joker`s Wild,746656,440829,2762627.2,1631067.3,2015971.2000000002,1190238.3,307040.0,0.6942038555129864,3.7,-1.839286460073856e-07,6.58,6.506836280215652,0.010602105970663862,0.27027031998072426,0.27027028983644913,-3.01442751315939e-08,0.152072232471137,0.15368451839499142,0.0016122859238544285,0.04037834112167738,0.02607191745388149,8.25509622172899,12.784489412430116,8.0,0.41,-0.003931432798567102,0.41173783786932105,-0.003931432798567102,0.59,0.5875256168326181,0.9999998392315771,https://www.arizonalottery.com/media/3076/1413-jokers-wild-s1.jpg,,,,2023-09-26 12:00:51.513,91,29.666666666666668,26.333333333333332,38.0,33.666666666666664,32.5,32.03333333333333,45.0,12.0,/arizona-statistics-for-each-scratcher-game
9,10.0,1414,100000.0,254955.0,3.57,4.0,,,,2023-06-27 00:00:00,2099-12-31 00:00:00,2099-12-31 00:00:00,2023-09-26 12:00:51.793000,/scratchers/1290-215-million-cash-explosion/,"Win $100,000",571074,328547,2038734.18,1172912.79,1467660.18,844365.79,254955.0,0.7389539880229719,3.57,-6.735368620135049e-07,5.87,5.822492203296892,0.008460413905647897,0.2801122334838419,0.28011206954904366,-1.639347982362871e-07,0.17030689429386006,0.17174776111057155,0.001440866816711489,0.03900181055265204,0.027267087547938752,8.546389455138613,12.224002083925376,7.0,0.44,-0.0026724855174906853,0.4438589595809404,-0.0026724855174906853,0.56,0.5616002561263276,0.9999992071771816,https://www.arizonalottery.com/media/3080/1414-win-100-000.jpg,,,,2023-09-26 12:00:51.793,91,31.0,24.666666666666668,49.0,25.0,29.5,31.833333333333336,44.0,8.0,/arizona-statistics-for-each-scratcher-game
10,5.0,1408,50000.0,331456.4,3.47,7.0,,,,2023-06-06 00:00:00,2099-12-31 00:00:00,2099-12-31 00:00:00,2023-09-26 12:00:50.397000,/scratchers/1290-215-million-cash-explosion/,Bingo Star,1050268,715703,3644429.9600000004,2483489.41,2594161.9600000004,1767786.4100000001,331456.4,0.46810410676270375,3.47,-1.6509029532478892e-07,6.51,6.461123472001844,0.008109940573499437,0.28818448561680765,0.2881845139526658,2.8335858159866945e-08,0.1535267520814467,0.1547718449172696,0.001245092835822914,0.042501047506771125,0.025524719307498014,7.842858003149654,13.058788727735855,8.0,0.39,-0.003702906422838942,0.38899306580379456,-0.003702906422838942,0.66,0.6605195376195717,1.0000002103382213,https://www.arizonalottery.com/media/3061/1408-bingo-star.png,,,,2023-09-26 12:00:50.397,112,28.333333333333332,27.333333333333332,22.0,43.333333333333336,28.833333333333332,29.96666666666667,37.0,9.0,/arizona-statistics-for-each-scratcher-game
11,20.0,1402,500000.0,302365.7,3.09,3.0,,,,2023-06-06 00:00:00,2099-12-31 00:00:00,2099-12-31 00:00:00,2023-09-26 12:00:48.763000,/scratchers/1290-215-million-cash-explosion/,24K GOLD,684643,375202,2115546.87,1159374.18,1430903.87,784172.1799999999,302365.7,0.8256058010616076,3.09,-1.5525617440358155e-07,5.52,5.498052138749054,0.0031919928793215356,0.32362464571398014,0.32362472855707225,8.284309210848662e-08,0.1813038760572516,0.18188259673861973,0.0005787206813681334,0.04774203120358569,0.02974781421629296,6.981838061620414,11.204707764311715,7.0,0.4,-0.0027151761207792288,0.39889285079706804,-0.0027151761207792288,0.53,0.5226781527292825,1.000000310386009,https://www.arizonalottery.com/media/3063/1402-24k-gold.png,,,,2023-09-26 12:00:48.763,112,24.333333333333332,23.333333333333332,31.0,39.333333333333336,32.833333333333336,30.166666666666668,41.0,3.0,/arizona-statistics-for-each-scratcher-game
12,2.0,1409,10000.0,257043.8,4.28,3.0,,,,2023-05-02 00:00:00,2099-12-31 00:00:00,2099-12-31 00:00:00,2023-09-26 12:00:50.700000,/scratchers/1290-215-million-cash-explosion/,Cash Drop,480618,194692,2057045.04,833281.76,1576427.04,638589.76,257043.8,1.4677754562986554,4.28,-9.120564453212675e-07,8.16,7.873133185850869,0.03594688992309889,0.2336450729105788,0.23364486435639473,-2.0855418406129367e-07,0.12260689971330199,0.12701423644110849,0.0044073367278064934,0.03593837171050401,0.019632093382972376,9.274695491406884,16.97617973085923,10.0,0.38,-0.0357340522246719,0.3774465036404286,-0.0357340522246719,0.38,0.374680818724914,0.9999993922059084,https://www.arizonalottery.com/media/3026/1409-cash-drop.png,,,,2023-09-26 12:00:50.700,147,33.333333333333336,35.333333333333336,18.0,19.0,21.666666666666668,25.46666666666667,17.0,6.0,/arizona-statistics-for-each-scratcher-game
13,10.0,1411,100000.0,277083.5,3.42,9.0,,,,2023-05-02 00:00:00,2099-12-31 00:00:00,2099-12-31 00:00:00,2023-09-26 12:00:50.973000,/scratchers/1290-215-million-cash-explosion/,Coffee House Crossword,1379227,709688,4716956.34,2427132.96,3337729.34,1717444.96,277083.5,0.9407347849231108,3.42,-3.955283932735928e-07,7.01,7.011662925690842,-0.0006455323124258015,0.29239777647033616,0.29239768189484916,-9.457548699742802e-08,0.1427116448549152,0.1426195198768019,-9.21249781132838e-05,0.048629203773257294,0.025406559298108755,6.854525428500215,13.119474546032142,9.0,0.44,-0.0009375812817556363,0.4357781117796642,-0.0009375812817556363,0.51,0.5053093965024408,0.9999996571564729,https://www.arizonalottery.com/media/3028/1411-coffee-house-crossword.png,,,,2023-09-26 12:00:50.973,147,23.333333333333332,27.666666666666668,45.0,26.333333333333332,27.833333333333332,30.03333333333333,38.0,6.0,/arizona-statistics-for-each-scratcher-game
14,10.0,1407,100000.0,259327.5,3.45,5.0,,,,2023-05-02 00:00:00,2099-12-31 00:00:00,2099-12-31 00:00:00,2023-09-26 12:00:50.060000,/scratchers/1290-215-million-cash-explosion/,Mystery Multiplier,601901,214664,2076558.4500000002,740590.8,1474657.4500000002,525926.8,259327.5,1.8013070659879284,3.45,-1.0802186579688669e-06,5.55,5.505979116840693,0.008392898993202755,0.2898553855709637,0.2898551352767416,-2.502942220705684e-07,0.18010910220229817,0.1816207397048385,0.001511637502540325,0.03416801523164782,0.02202284798553971,9.755269158945712,15.134078643148614,6.0,0.47,0.005203226863704223,0.46670830013907827,0.005203226863704223,0.39,0.3922203671535053,0.9999995213130222,https://www.arizonalottery.com/media/3029/1407-mystery-multiplier.png,,,,2023-09-26 12:00:50.060,147,35.333333333333336,31.666666666666668,51.0,20.666666666666668,30.666666666666668,33.86666666666666,47.0,10.0,/arizona-statistics-for-each-scratcher-game
15,5.0,1396,50000.0,296682.0,3.52,5.0,,,,2023-04-04 00:00:00,2099-12-31 00:00:00,2099-12-31 00:00:00,2023-09-26 12:00:47.433000,/scratchers/1290-215-million-cash-explosion/,Yahtzee,842831,361495,2966765.12,1272462.4,2123934.12,910967.3999999999,296682.0,1.33155882061704,3.52,-3.143511352736313e-07,6.93,6.821952930084965,0.015779781384377405,0.28409099839523694,0.2840909205818459,-7.781339106394114e-08,0.14430843514383926,0.14658559070233065,0.002277155558491395,0.04442365488380376,0.024608076617326047,7.503354133904194,13.54468905447517,8.0,0.4,-0.0017330871568404782,0.40268078732410084,-0.0017330871568404782,0.44,0.43889166196547374,0.999999794292214,https://www.arizonalottery.com/media/2975/1396-yahtzee.jpg,,,,2023-09-26 12:00:47.433,175,26.0,28.666666666666668,36.0,28.0,31.5,30.03333333333334,39.0,10.0,/arizona-statistics-for-each-scratcher-game
16,1.0,1405,1000.0,241020.0,4.44,11.0,,,,2023-04-04 00:00:00,2099-12-31 00:00:00,2099-12-31 00:00:00,2023-09-26 12:00:49.517000,/scratchers/1290-215-million-cash-explosion/,Wild Cherry Doubler,1085359,599094,4818993.96,2659977.3600000003,3733634.96,2060883.3600000003,241020.0,0.8121961204927711,4.44,-1.3533949776694235e-07,10.3,10.149479151309388,0.015287208145347156,0.22522525570709823,0.22522527009273513,1.4385636903924137e-08,0.09704369624248631,0.09852722342613902,0.0014835271836527164,0.044116512936302935,0.022673789377318693,7.55565449791633,14.700425449324127,13.0,0.35,-0.06940430256165583,0.3488180536899379,-0.06940430256165583,0.52,0.5155633144082237,1.0000000786926186,https://www.arizonalottery.com/media/2978/1405-wild-cherry-doubler.jpg,,,,2023-09-26 12:00:49.517,175,26.666666666666668,31.333333333333332,10.0,36.666666666666664,26.333333333333332,26.2,22.5,2.0,/arizona-statistics-for-each-scratcher-game
17,2.0,1404,10000.0,256987.5,4.28,1.0,,,,2023-04-04 00:00:00,2099-12-31 00:00:00,2099-12-31 00:00:00,2023-09-26 12:00:49.277000,/scratchers/1290-215-million-cash-explosion/,7-11-21,479887,129125,2053916.36,552655.0,1574029.36,423530.0,256987.5,2.720042341062688,4.28,0.0,8.37,7.882668549782968,0.061760064185979235,0.2336448598130841,0.23364490076517247,4.095208835930286e-08,0.11948141245442455,0.12686059215664128,0.007379179702216729,0.03806662089296674,0.020143481862144697,8.755984170250384,16.543804171450333,10.0,0.35,-0.07359426042578598,0.34676425618152373,-0.07359426042578598,0.22,0.2145835672527524,1.00000006452346,https://www.arizonalottery.com/media/2979/1404-7-11-21.jpg,,,,2023-09-26 12:00:49.277,175,32.333333333333336,34.0,8.0,23.333333333333332,34.583333333333336,26.45,24.0,7.0,/arizona-statistics-for-each-scratcher-game
18,20.0,1400,2500000.0,1976572.0,3.09,8.0,,,,2023-04-04 00:00:00,2099-12-31 00:00:00,2099-12-31 00:00:00,2023-09-26 12:00:48.253000,/scratchers/1290-215-million-cash-explosion/,$230 Million Cash Explosion,5112918,4388880,15798916.62,13561639.2,10685998.62,9172759.2,1976572.0,0.16597824201042366,3.09,-1.4747479756620404e-08,5.77,5.762822430151989,0.0009545024896669549,0.3236246002419029,0.32362460816932,7.927417056130537e-09,0.17336060928918695,0.17352608242236367,0.00016547313317671897,0.04365963003346239,0.02093823444369427,7.634804812090409,15.91973177700626,7.0,0.48,0.0010672945210385891,0.47538719324412043,0.0010672945210385891,0.87,0.8687487864741545,1.0000001484850025,https://www.arizonalottery.com/media/3063/1402-24k-gold.png,,,,2023-09-26 12:00:48.253,175,27.333333333333332,33.0,52.0,47.0,36.166666666666664,39.099999999999994,54.0,5.0,/arizona-statistics-for-each-scratcher-game
19,10.0,1406,10000.0,20633.4,3.45,29.0,,,,2023-04-04 00:00:00,2099-12-31 00:00:00,2099-12-31 00:00:00,2023-09-26 12:00:49.793000,/scratchers/1290-215-million-cash-explosion/,"$10,000 Blowout",598228,191081,2063886.6,659229.4500000001,1465658.6,468148.45000000007,20633.4,2.129929053485208,3.45,-6.82615135044992e-07,5.61,5.510058280628032,0.017554634654665197,0.2898552703233626,0.2898551567286178,-1.1359474483274568e-07,0.17835532114030178,0.18148628364163524,0.003130962501333462,0.03704444787984941,0.023618644142236144,8.997775811002162,14.11145047359343,6.0,0.43,-0.004138496941576178,0.425971855000311,-0.004138496941576178,0.31,0.3076786701427176,0.9999998160739577,https://www.arizonalottery.com/media/2993/1406-10-000-blowout.jpg,,,,2023-09-26 12:00:49.793,175,32.666666666666664,30.0,44.0,23.333333333333332,32.666666666666664,32.53333333333333,46.0,9.0,/arizona-statistics-for-each-scratcher-game
20,5.0,1395,50000.0,335940.0,3.48,20.0,,,,2023-03-07 00:00:00,2099-12-31 00:00:00,2099-12-31 00:00:00,2023-09-26 12:00:47.213000,/scratchers/1290-215-million-cash-explosion/,Secret Agent Crossword,2894639,1844585,10073343.72,6419155.8,7178704.720000001,4574570.8,335940.0,0.570019730011193,3.48,-1.2462697974507495e-07,6.55,6.495172148762942,0.008926898420440777,0.2873563576514354,0.2873563423780963,-1.527333909345785e-08,0.15259827812227622,0.15396050745020795,0.00136222932793173,0.049323654981472,0.03287838442552367,6.758057816596543,10.138268324001134,8.0,0.4,-0.0016111960437505013,0.3982274925593789,-0.0016111960437505013,0.63,0.6331300624554601,0.9999999066315431,https://www.arizonalottery.com/media/2933/1395-secret-agent-crossword.jpg,,,,2023-09-26 12:00:47.213,203,22.333333333333332,21.333333333333332,30.0,37.0,30.666666666666668,28.266666666666662,33.0,7.0,/arizona-statistics-for-each-scratcher-game
21,3.0,1397,20000.0,265772.7,3.72,4.0,,,,2023-03-07 00:00:00,2099-12-31 00:00:00,2099-12-31 00:00:00,2023-09-26 12:00:47.700000,/scratchers/1290-215-million-cash-explosion/,Lucky Hunt,786196,378897,2924649.12,1409496.84,2138453.12,1030599.8400000001,265772.7,1.074145439220828,3.72,-5.959573489419458e-07,7.05,6.949699523086465,0.013872036614167265,0.2688173645047591,0.26881721533079694,-1.4917396218283585e-07,0.14192236090063398,0.14389111308741664,0.001968752186782663,0.04009505335547876,0.024025435267489362,8.313395088849111,13.873222777957983,8.0,0.35,-0.01449391911586903,0.354608550384913,-0.01449391911586903,0.46,0.45615853529173384,0.999999483769922,https://www.arizonalottery.com/media/3063/1402-24k-gold.png,,,,2023-09-26 12:00:47.700,203,30.666666666666668,29.333333333333332,12.0,23.0,19.0,22.8,10.0,3.0,/arizona-statistics-for-each-scratcher-game
22,2.0,1370,10000.0,336303.8,3.67,25.0,,,,2023-02-13 00:00:00,2099-12-31 00:00:00,2099-12-31 00:00:00,2023-09-26 12:00:41.773000,/scratchers/1290-215-million-cash-explosion/,Crossword,3663311,2587539,13444351.37,9496268.129999999,9781040.37,6908729.129999999,336303.8,0.4165724893189618,3.67,-1.3689588124910309e-08,8.31,8.17111921475674,0.017564531472791602,0.2724795677628306,0.27247957153156743,3.768736822618024e-09,0.12026977334675053,0.12238225556592505,0.0021124822191745246,0.05561148835404976,0.030808220419963894,5.993951448577604,10.819520603354922,11.0,0.36,-0.01299958704763156,0.35801601218499735,-0.01299958704763156,0.68,0.6737628786958051,1.0000000332681422,https://www.arizonalottery.com/media/2923/1370-crossword.jpg,,,,2023-09-26 12:00:41.773,225,20.666666666666668,22.0,13.0,42.0,27.333333333333332,25.0,16.0,5.0,/arizona-statistics-for-each-scratcher-game
23,10.0,1393,100000.0,251910.0,3.45,1.0,,,,2023-01-31 00:00:00,2099-12-31 00:00:00,2099-12-31 00:00:00,2023-09-26 12:00:46.673000,/scratchers/1290-215-million-cash-explosion/,Bonus Money,584297,127074,2015824.6500000001,438405.30000000005,1431527.6500000001,311331.30000000005,251910.0,3.596845382694084,3.45,-6.842982966100282e-07,5.65,5.508167336120447,0.026011402478462297,0.2898552708112362,0.28985516592718413,-1.0488405205455464e-07,0.17694597461251582,0.18154858757510575,0.00460261296258993,0.035917996619569306,0.022753151490297812,9.279721105377929,14.647219079959294,6.0,0.41,-0.0072743073732961325,0.41220674946681723,-0.0072743073732961325,0.22,0.22122135508507967,0.9999998994326877,https://www.arizonalottery.com/media/2876/1393-bonus-money.jpg,,,,2023-09-26 12:00:46.673,238,33.666666666666664,31.0,39.0,19.666666666666668,33.5,31.366666666666664,43.0,7.0,/arizona-statistics-for-each-scratcher-game
24,2.0,1394,10000.0,408157.9,3.73,11.0,,,,2023-01-31 00:00:00,2099-12-31 00:00:00,2099-12-31 00:00:00,2023-09-26 12:00:46.933000,/scratchers/1290-215-million-cash-explosion/,Money Ball Bingo,2081231,1406070,7762991.63,5244641.1,5681760.63,3838571.0999999996,408157.9,0.4786522280552663,3.73,-1.9067081663920594e-08,8.78,8.701353682471398,0.008922738459445866,0.2680965198571265,0.2680965365024898,1.6645363309919503e-08,0.11390827322594625,0.11492464695630847,0.0010163737303622161,0.04870299744824394,0.02399641935345115,6.844172397346403,13.890638345671206,11.0,0.36,-0.01090316307186355,0.3632707176716195,-0.01090316307186355,0.65,0.6463190499979319,1.000000129300961,https://www.arizonalottery.com/media/2878/1394-money-ball-bingo.jpg,,,,2023-09-26 12:00:46.933,238,23.0,29.666666666666668,14.0,41.666666666666664,26.833333333333332,27.03333333333334,26.0,8.0,/arizona-statistics-for-each-scratcher-game
25,5.0,1398,50000.0,314850.0,3.77,3.0,,,,2023-01-31 00:00:00,2099-12-31 00:00:00,2099-12-31 00:00:00,2023-09-26 12:00:47.993000,/scratchers/1290-215-million-cash-explosion/,Winning Streak,834344,336874,3145476.88,1270014.98,2311132.88,933140.98,314850.0,1.4791065295343202,3.77,-7.716444415947537e-07,6.91,6.735220622715564,0.025970336532803985,0.2652521940703016,0.26525206359864134,-1.304716602534839e-07,0.14471494015026606,0.14847323584729308,0.0037582956970270143,0.041711380460699034,0.027014490381749773,7.991234584133616,12.338228529226827,8.0,0.4,-0.011268684344908294,0.40032944518721847,-0.011268684344908294,0.38,0.3751914193010146,0.99999966691302,https://www.arizonalottery.com/media/2879/1398-winning-streak.jpg,,,,2023-09-26 12:00:47.993,238,29.0,25.0,33.0,22.0,27.666666666666668,27.333333333333332,28.0,6.0,/arizona-statistics-for-each-scratcher-game
26,50.0,1401,5000000.0,886248.0,2.18,5.0,,,,2023-01-31 00:00:00,2099-12-31 00:00:00,2099-12-31 00:00:00,2023-09-26 12:00:48.573000,/scratchers/1290-215-million-cash-explosion/,SET FOR LIFE,2442507,1852254,5324665.260000001,4037913.72,2882158.2600000007,2185659.72,886248.0,0.3168901855983524,2.18,-1.7830990221552587e-07,5.98,5.972180785079937,0.0010710089775246053,0.45871567812382286,0.4587156187290656,-5.939475727911869e-08,0.16726388111878587,0.16744302223707971,0.00017914111829384072,0.10589913244709745,0.039346538261579175,3.147643981379602,8.471625891392435,8.0,0.38,0.0005745097894161753,0.38492820424808566,0.0005745097894161753,0.77,0.7720871987415991,0.9999995936814132,https://www.arizonalottery.com/media/2883/1401-set-for-life.jpg,,,,2023-09-26 12:00:48.573,238,18.666666666666668,19.0,20.0,34.333333333333336,22.333333333333332,22.866666666666667,11.0,1.0,/arizona-statistics-for-each-scratcher-game
27,1.0,1387,5000.0,495937.5,4.38,2.0,,,,2022-12-28 00:00:00,2099-12-31 00:00:00,2099-12-31 00:00:00,2023-09-26 12:00:45.043000,/scratchers/1290-215-million-cash-explosion/,5X,905715,222075,3967031.6999999997,972688.5,3061316.6999999997,750613.5,495937.5,3.0789029987005083,4.38,-5.140391809825708e-07,10.18,9.527177580687383,0.0685883226756135,0.22831061964370897,0.2283105425694934,-7.707421556535365e-08,0.09822574145049595,0.10496288030015394,0.0067371388496579865,0.04020702149419567,0.0183116361327842,8.290116440558183,18.199894022093268,13.0,0.31,-0.16692608863668207,0.3094846446136891,-0.16692608863668207,0.21,0.20388017893429794,0.9999998903382535,https://www.arizonalottery.com/media/2849/1387-5x.jpg,,,,2023-09-26 12:00:45.043,272,30.333333333333332,36.0,1.0,18.333333333333332,23.5,21.833333333333332,9.0,1.0,/arizona-statistics-for-each-scratcher-game
28,10.0,1390,100000.0,261225.0,3.34,1.0,,,,2022-12-28 00:00:00,2099-12-31 00:00:00,2099-12-31 00:00:00,2023-09-26 12:00:45.813000,/scratchers/1290-215-million-cash-explosion/,50X,938354,135973,3134102.36,454149.82,2195748.36,318176.82,261225.0,5.902360238600107,3.34,-1.8055715622567049e-06,5.38,5.234495774459699,0.028117649067348875,0.2994017381960546,0.2994012319956402,-5.062004143630006e-07,0.18581566842600117,0.19104036818201833,0.005224699756017165,0.033872632897075594,0.0210727564015408,9.840073894724828,15.815247735838385,6.0,0.4,-0.008594931143768652,0.3965427645992835,-0.008594931143768652,0.14,0.13512501929469686,0.9999997134897932,https://www.arizonalottery.com/media/2855/1390-50x.jpg,,,,2023-09-26 12:00:45.813,272,36.0,32.666666666666664,28.0,10.333333333333334,26.166666666666668,26.633333333333333,25.0,2.0,/arizona-statistics-for-each-scratcher-game
29,5.0,1389,50000.0,301287.8,3.81,2.0,,,,2022-12-28 00:00:00,2099-12-31 00:00:00,2099-12-31 00:00:00,2023-09-26 12:00:45.553000,/scratchers/1290-215-million-cash-explosion/,20X,868850,104358,3310318.5,397603.98,2441468.5,293245.98,301287.8,7.33536416978745,3.81,-2.464764059925633e-06,7.34,6.86486026892736,0.06973359473676263,0.2624678385223452,0.2624672312448532,-6.072774919596569e-07,0.13617351981750642,0.1456693888623389,0.009495869044832489,0.04173701621297293,0.025555771682132092,7.985904492821071,13.040226484000465,9.0,0.4,-0.012192020403712594,0.4021498831749257,-0.012192020403712594,0.11,0.11224405339512997,0.9999996841624551,https://www.arizonalottery.com/media/2856/1389-20x.jpg,,,,2023-09-26 12:00:45.553,272,28.666666666666668,27.0,35.0,8.666666666666666,29.5,25.76666666666667,19.5,4.0,/arizona-statistics-for-each-scratcher-game
30,2.0,1388,10000.0,295920.0,4.29,4.0,,,,2022-12-28 00:00:00,2099-12-31 00:00:00,2099-12-31 00:00:00,2023-09-26 12:00:45.293000,/scratchers/1290-215-million-cash-explosion/,10X,690449,175425,2962026.21,752573.25,2271577.21,577148.25,295920.0,2.9321102404683668,4.29,-3.321935770750506e-07,8.36,8.00982696005127,0.043482546920341814,0.2331003105346591,0.23310024962643813,-6.090822096682658e-08,0.11964420727291572,0.12484664212940737,0.005202434856491647,0.03535505903035226,0.01866564003065003,9.42765840407407,17.85458386688025,10.0,0.38,-0.02809601539305848,0.38342260485029367,-0.02809601539305848,0.25,0.24739742646785925,0.9999999109985583,https://www.arizonalottery.com/media/3076/1413-jokers-wild-s1.jpg,,,,2023-09-26 12:00:45.293,272,34.0,35.666666666666664,19.0,22.0,30.333333333333332,28.2,32.0,9.0,/arizona-statistics-for-each-scratcher-game
31,3.0,1392,20000.0,329847.4,3.57,7.0,,,,2022-12-28 00:00:00,2099-12-31 00:00:00,2099-12-31 00:00:00,2023-09-26 12:00:46.437000,/scratchers/1290-215-million-cash-explosion/,One Word Crossword,1756173,772422,6269537.609999999,2757546.54,4513364.609999999,1985124.54,329847.4,1.2727093582482396,3.57,-1.958262505778247e-07,6.68,6.444869679634455,0.036009724743315916,0.2801120996712294,0.2801120720716697,-2.7599559693225473e-08,0.14976903377133147,0.1551621754525095,0.005393141681178021,0.04838103623782919,0.033059955653779755,6.889690383994112,10.082445335338754,9.0,0.34,-0.019233998679232544,0.3378771076408758,-0.019233998679232544,0.41,0.40798547053278,0.9999999226358603,https://www.arizonalottery.com/media/2858/1392-one-word-crossword-p4-green.jpg,,,,2023-09-26 12:00:46.437,272,24.0,20.666666666666668,7.0,30.333333333333332,26.333333333333332,21.666666666666664,7.0,2.0,/arizona-statistics-for-each-scratcher-game
32,10.0,1385,100000.0,267315.0,3.45,2.0,,,,2022-12-06 00:00:00,2099-12-31 00:00:00,2099-12-31 00:00:00,2023-09-26 12:00:44.597000,/scratchers/1290-215-million-cash-explosion/,Hit It Big,620298,223128,2140028.1,769791.6000000001,1519730.1,546663.6000000001,267315.0,1.7780527441864091,3.45,-7.794317319101527e-07,5.48,5.382486022067904,0.017261008997629865,0.28985529838618534,0.28985508600822046,-2.1237796488104976e-07,0.18263528672068133,0.1857877560480517,0.003152469327370372,0.040227253313545035,0.030741758321915058,8.285948639520399,10.842178370200152,7.0,0.41,-0.006379707970190366,0.4132030642083371,-0.006379707970190366,0.31,0.3077109443647931,0.99999958837128,https://www.arizonalottery.com/media/2830/1385-hit-it-big.jpg,,,,2023-09-26 12:00:44.597,294,30.0,22.333333333333332,40.0,18.666666666666668,29.0,28.0,31.0,4.0,/arizona-statistics-for-each-scratcher-game
33,25.0,1391,500000.0,325396.0,2.4,1.0,,,,2022-12-06 00:00:00,2099-12-31 00:00:00,2099-12-31 00:00:00,2023-09-26 12:00:46.113000,/scratchers/1290-215-million-cash-explosion/,Triple Bonus Crossword,813784,130016,1953081.5999999999,312038.39999999997,1139297.5999999999,182022.39999999997,325396.0,5.256853331965979,2.4,-1.2818935104149296e-06,3.68,3.528761009982384,0.04378137933677744,0.4166672007896474,0.4166667946695503,-4.061200971072765e-07,0.2714989840980906,0.28338558411043885,0.011886600012348258,0.049176472666780185,0.03646139761809821,6.777955758577464,9.141102325235543,4.0,0.32,-0.002326451281660876,0.3243906190912645,-0.002326451281660876,0.14,0.13496935924632128,0.999999814666847,https://www.arizonalottery.com/media/2833/1391-triple-bonus-crossword.jpg,,,,2023-09-26 12:00:46.113,294,22.666666666666668,20.0,4.0,12.666666666666666,20.666666666666668,16.0,1.0,1.0,/arizona-statistics-for-each-scratcher-game
34,2.0,1361,7777.0,243621.4,3.97,5.0,,,,2022-11-07 00:00:00,2099-12-31 00:00:00,2099-12-31 00:00:00,2023-09-26 12:00:38.617000,/scratchers/1290-215-million-cash-explosion/,Red Hot 7s,1288580,371702,5115662.600000001,1475656.9400000002,3827082.6000000006,1103954.9400000002,243621.4,2.466966149292247,3.97,-6.370044246911775e-07,8.52,7.986333662216339,0.06628105786134893,0.2518893292203603,0.25188919830903606,-1.309113242253801e-07,0.11743048515372147,0.12521390193488155,0.007783416781160082,0.04426087926390897,0.02042088097924547,7.530952509334354,16.321623809548594,10.0,0.33,-0.06996298223661704,0.3334500046081201,-0.06996298223661704,0.25,0.24799452763271745,0.9999997893067122,https://www.arizonalottery.com/media/2808/1361-red-hot-7s-game-image.jpg,,,,2023-09-26 12:00:38.617,323,26.333333333333332,33.666666666666664,6.0,19.666666666666668,22.666666666666668,21.666666666666668,8.0,2.0,/arizona-statistics-for-each-scratcher-game
35,10.0,7101,100.0,43.48,8.13,9518.0,,,,2022-08-02 00:00:00,2099-12-31 00:00:00,2099-12-31 00:00:00,2023-09-26 12:00:54.277000,/scratchers/1290-215-million-cash-explosion/,$50 or $100 ScanACTIV DO,51660,50934,419995.80000000005,414093.42000000004,368335.80000000005,363159.42000000004,43.48,0.014305482101846675,8.13,-1.0142638829401145e-06,8.13,8.129984514130856,8.905187659768116e-07,0.1230013547681318,0.12300146430314647,1.0953501466959281e-07,0.1230013547681318,0.12300146430314647,1.0953501466959281e-07,0.05446914607657819,0.05446914607657819,6.118937278507477,6.118937278507477,15.0,0.61,-1.250941690720936e-05,0.6069312932119114,-1.250941690720936e-05,0.99,0.9856977225672878,1.0000624800506617,https://www.arizonalottery.com/media/2558/7101-50-or-100-scratch-and-scan.gif,,,,2023-09-26 12:00:54.277,420,21.0,18.666666666666668,53.0,52.0,30.0,34.93333333333334,51.0,12.0,/arizona-statistics-for-each-scratcher-game
36,5.0,7102,50000.0,240000.0,3.3,6.0,,,,2022-08-02 00:00:00,2099-12-31 00:00:00,2099-12-31 00:00:00,2023-09-26 12:00:54.353000,/scratchers/1290-215-million-cash-explosion/,Crossword ScanACTIV DO,436140,432406,1439262.0,1426939.7999999998,1003122.0,994533.7999999998,240000.0,0.009153159315149463,3.3,-5.606403297164775e-07,6.92,6.91487460363217,0.000542554596310981,0.3030304729214073,0.30303030303030304,-1.6989110424026066e-07,0.14453736284452243,0.14461578225507238,7.841941054995138e-05,0.05748981002842092,0.032938021822463984,5.798051229673339,10.119520232045199,9.0,0.39,8.59675676227745e-05,0.39249470369791556,8.59675676227745e-05,0.99,0.993249253874087,0.9999350807433471,https://www.arizonalottery.com/media/2705/7102-crossword.gif,,,,2023-09-26 12:00:54.353,420,20.333333333333332,21.0,25.0,36.0,16.0,23.666666666666664,13.0,3.0,/arizona-statistics-for-each-scratcher-game
37,5.0,7103,50000.0,240000.0,3.88,6.0,,,,2022-08-02 00:00:00,2099-12-31 00:00:00,2099-12-31 00:00:00,2023-09-26 12:00:54.593000,/scratchers/1290-215-million-cash-explosion/,$500 Loaded ScanACTIV DO,370722,368031,1438401.3599999999,1427960.28,1067679.3599999999,1059929.28,240000.0,0.008431608728535772,3.88,-1.9608388544024845e-07,7.1,7.095436114481902,0.0004597914694789593,0.2577320092999804,0.2577320232675033,1.3967522860536263e-08,0.1408708927420936,0.14093566397687432,6.47712347807139e-05,0.049967155995203814,0.03850034387292039,6.670927826414853,8.657558702164504,10.0,0.44,-3.657338501262773e-05,0.443382167567719,-3.657338501262773e-05,0.99,0.9934873483923484,1.0000074118215432,https://www.arizonalottery.com/media/2706/7103-500-loaded.gif,,,,2023-09-26 12:00:54.593,420,22.0,19.333333333333332,48.0,53.666666666666664,30.833333333333332,34.766666666666666,49.5,13.0,/arizona-statistics-for-each-scratcher-game
38,10.0,7104,100000.0,120000.0,3.23,4.0,,,,2022-08-02 00:00:00,2099-12-31 00:00:00,2099-12-31 00:00:00,2023-09-26 12:00:54.773000,/scratchers/1290-215-million-cash-explosion/,Inst Jckpt Trple Rd ScnACTIVDO,148436,146569,479448.27999999997,473417.87,331012.27999999997,326848.87,120000.0,0.013905288572231247,3.23,-1.83769995835759e-06,5.19,5.186810333636245,0.00011223611381537864,0.3095980921682153,0.3095977040262969,-3.881419184392776e-07,0.19277507989784903,0.1927967162236572,2.1636325808177537e-05,0.04077101958682336,0.029087860847195262,8.175285880388138,11.45809535428889,6.0,0.42,0.000245688201075468,0.4174269196078722,0.000245688201075468,0.99,0.9903352118945867,0.999901588163289,https://www.arizonalottery.com/media/2707/7104-100-000-instant-jackpot.gif,,,,2023-09-26 12:00:54.773,420,29.333333333333332,23.666666666666668,43.0,35.0,17.5,29.7,36.0,5.0,/arizona-statistics-for-each-scratcher-game
39,5.0,1346,50000.0,292520.0,3.78,2.0,,,,2022-11-01 00:00:00,2099-12-31 00:00:00,2099-12-31 00:00:00,2023-09-26 12:00:36.560000,/scratchers/1290-215-million-cash-explosion/,Wild Cash,929689,147373,3514224.42,557069.94,2584535.42,409696.93999999994,292520.0,5.30126609091513,3.78,-1.6874003289296875e-06,7.38,6.7560313056918915,0.09268449838949336,0.26455071095322125,0.2645502961678026,-4.1478541862316476e-07,0.13546077774925547,0.14801589198639586,0.012555114237140397,0.04371953873468942,0.026216008213942436,7.623961707751761,12.712735468285619,9.0,0.37,-0.023575567539707052,0.3741960152153504,-0.023575567539707052,0.14,0.14139510824358428,0.9999997046410529,https://www.arizonalottery.com/media/2796/1346-wild-cash-game-image.jpg,,,,2023-09-26 12:00:36.560,329,27.0,26.0,17.0,11.333333333333334,24.5,21.166666666666664,6.0,2.0,/arizona-statistics-for-each-scratcher-game
40,30.0,1381,100000.0,30218.6,2.71,61.0,,,,2022-11-01 00:00:00,2099-12-31 00:00:00,2099-12-31 00:00:00,2023-09-26 12:00:43.873000,/scratchers/1290-215-million-cash-explosion/,Cash,1113599,677021,3017853.29,1834726.91,1904254.29,1157705.91,30218.6,0.6470361241951115,2.71,-4.959866206960765e-07,5.95,5.926341297692384,0.003326113459545778,0.3690038730578844,0.36900372549623855,-1.4756164584683873e-07,0.16817879072951492,0.1687381724689705,0.0005593817394555778,0.07158593656363284,0.032107713537691436,4.656376053084493,10.381372007517777,7.0,0.4,-0.0001068224878490202,0.40470584345201044,-0.0001068224878490202,0.61,0.604819976529376,0.9999993798702173,https://www.arizonalottery.com/media/2809/1381-cash-game-image.jpg,,,,2023-09-26 12:00:43.873,329,19.333333333333332,21.666666666666668,37.0,27.0,25.0,26.0,21.0,2.0,/arizona-statistics-for-each-scratcher-game
41,10.0,1382,100000.0,256904.0,3.48,1.0,,,,2022-11-01 00:00:00,2099-12-31 00:00:00,2099-12-31 00:00:00,2023-09-26 12:00:44.033000,/scratchers/1290-215-million-cash-explosion/,Triple Red 7`s,1106125,117756,3849315.0,409790.88,2743190.0,292034.88,256904.0,8.403743380755998,3.48,-2.147436760852497e-06,6.01,5.589694254659513,0.07575609466093522,0.2873569389199346,0.28735632183908044,-6.17080854137253e-07,0.16630225237316673,0.17890066154627512,0.012598409173108394,0.038571789963875364,0.02348682130240385,8.641260172935127,14.189401163756733,7.0,0.39,-0.013333709225138537,0.388090241343127,-0.013333709225138537,0.1,0.09680051286858364,0.9999997441507185,https://www.arizonalottery.com/media/2810/1382-triple-red-7s-game-image.jpg,,,,2023-09-26 12:00:44.033,329,32.0,30.333333333333332,21.0,8.666666666666666,25.666666666666668,23.533333333333335,12.0,1.0,/arizona-statistics-for-each-scratcher-game
42,5.0,1384,50000.0,345985.0,3.47,6.0,,,,2022-11-01 00:00:00,2099-12-31 00:00:00,2099-12-31 00:00:00,2023-09-26 12:00:44.333000,/scratchers/1290-215-million-cash-explosion/,Bullseye Bingo,1196254,366611,4151001.3800000004,1272140.1700000002,2954747.3800000004,905529.1700000002,345985.0,2.263650227176254,3.47,-1.3363307284309095e-07,6.64,6.4594050377433945,0.028362896359015826,0.28818447655132295,0.2881844644219551,-1.2129367843449756e-08,0.1505431792098354,0.1548130197993207,0.004269840589485291,0.04318040017665651,0.025348475662464228,7.719389196893621,13.149131776125055,8.0,0.4,0.0006114402224450812,0.39680459697831993,0.0006114402224450812,0.31,0.3057328112919192,0.9999999814013332,https://www.arizonalottery.com/media/2811/1384-bullseye-bingo-game-image.jpg,,,,2023-09-26 12:00:44.333,329,27.666666666666668,28.0,29.0,26.0,35.833333333333336,29.3,35.0,8.0,/arizona-statistics-for-each-scratcher-game
43,20.0,1380,500000.0,269905.0,3.05,3.0,,,,2022-10-04 00:00:00,2099-12-31 00:00:00,2099-12-31 00:00:00,2023-09-26 12:00:43.620000,/scratchers/1290-215-million-cash-explosion/,100X The Cash,1062781,260098,3241482.05,793298.8999999999,2178701.05,533200.8999999999,269905.0,3.082778476688457,3.05,-1.1345030226736907e-06,5.4,5.3672518822327495,0.005513090294170961,0.3278692244276426,0.3278688575164076,-3.669112350057624e-07,0.18529354668737347,0.18631508674118813,0.0010215400538146624,0.04265761076873136,0.02162326434652171,7.813923781713495,15.413878969480166,6.0,0.41,-0.00043454130426743784,0.4133106348434006,-0.00043454130426743784,0.24,0.24364999386114766,0.9999996373788366,https://www.arizonalottery.com/media/2781/1380-100x-the-cash-blue.jpg,,,,2023-09-26 12:00:43.620,357,28.0,32.333333333333336,41.0,14.666666666666666,27.5,28.7,34.0,2.0,/arizona-statistics-for-each-scratcher-game
44,2.0,1369,10000.0,301781.2,4.14,2.0,,,,2022-09-06 00:00:00,2099-12-31 00:00:00,2099-12-31 00:00:00,2023-09-26 12:00:41.197000,/scratchers/1290-215-million-cash-explosion/,Triple 3,582694,71571,2412353.1599999997,296303.94,1829659.1599999997,224732.94,301781.2,7.147908053580288,4.14,-3.172418159409432e-06,8.23,7.512894937635279,0.09529153977171818,0.24154666000681735,0.241545909740407,-7.502664103598011e-07,0.12152425051383213,0.1331044834648992,0.011580232951067068,0.03860117954929599,0.01999579596346267,8.634272945438159,16.66245675902976,10.0,0.32,-0.09688554289481759,0.3215121007887196,-0.09688554289481759,0.11,0.1076831899359108,0.9999995650634164,https://www.arizonalottery.com/media/2740/1369-triple-3-game-image.jpg,,,,2023-09-26 12:00:41.197,385,31.666666666666668,34.333333333333336,2.0,5.666666666666667,18.0,18.333333333333336,3.0,1.0,/arizona-statistics-for-each-scratcher-game
45,3.0,1379,20000.0,251500.0,3.8,3.0,,,,2022-08-02 00:00:00,2099-12-31 00:00:00,2099-12-31 00:00:00,2023-09-26 12:00:43.393000,/scratchers/1290-215-million-cash-explosion/,Crisscross Cash,793307,152526,3014566.5999999996,579598.7999999999,2221259.5999999996,427072.79999999993,251500.0,4.207057305235698,3.8,-1.3802651074721807e-06,7.78,7.246134838374709,0.07320705420232275,0.2631582579650033,0.26315794711411195,-3.108508913607366e-07,0.12859085090010663,0.13800460829187353,0.009413757391766892,0.04523684201151292,0.02597329649479194,7.368269219310259,12.831484279126027,10.0,0.33,-0.03896792342262314,0.33228318018120606,-0.03896792342262314,0.18,0.1737365963836743,0.9999997188298276,https://www.arizonalottery.com/media/2709/1379-crisscross-cash.jpg,,,,2023-09-26 12:00:43.393,420,25.333333333333332,26.666666666666668,5.0,14.333333333333334,20.166666666666668,18.3,2.0,1.0,/arizona-statistics-for-each-scratcher-game
46,2.0,1366,10000.0,303206.2,4.27,1.0,,,,2022-07-05 00:00:00,2099-12-31 00:00:00,2099-12-31 00:00:00,2023-09-26 12:00:40.213000,/scratchers/1290-215-million-cash-explosion/,Hit $100,567960,173272,2425189.1999999997,739871.44,1857229.1999999997,566599.44,303206.2,2.2784763830451524,4.27,-5.946979111085573e-07,8.17,7.841630802758745,0.041731162788292336,0.23419217674432435,0.23419205678402796,-1.1996029639083083e-07,0.12241593466969242,0.1275244939672743,0.005108559297581888,0.038897503849847755,0.021649174660706132,8.56910638112302,15.394428759347562,10.0,0.36,-0.052688246094056014,0.3633917263955473,-0.052688246094056014,0.27,0.2573491778175387,0.9999997751258602,https://www.arizonalottery.com/media/2702/1366-hit-100-500x500.jpg,,,,2023-09-26 12:00:40.213,448,31.333333333333332,32.0,15.0,20.666666666666668,25.0,24.8,15.0,4.0,/arizona-statistics-for-each-scratcher-game
47,10.0,1368,100000.0,272153.3,3.79,2.0,,,,2022-07-05 00:00:00,2099-12-31 00:00:00,2099-12-31 00:00:00,2023-09-26 12:00:40.993000,/scratchers/1290-215-million-cash-explosion/,"Hit $1,000",646143,176434,2448881.97,668684.86,1802738.9700000002,492250.86,272153.3,2.6629853563118004,3.79,-1.2861065823579405e-06,8.97,8.787493092386194,0.020929326561938827,0.26385258208660595,0.2638523472557466,-2.348308593691506e-07,0.11146520628577923,0.11379809798842819,0.0023328917026489565,0.05851127773029823,0.027450265061835056,5.696723495948367,12.141195542881556,12.0,0.44,-0.006866184059083365,0.43906912682223587,-0.006866184059083365,0.26,0.2528192296068682,0.9999996656917671,https://www.arizonalottery.com/media/2694/1368-hit-1-000.jpg,,,,2023-09-26 12:00:40.993,448,20.0,24.333333333333332,46.0,17.333333333333332,30.5,27.633333333333333,29.0,3.0,/arizona-statistics-for-each-scratcher-game
48,20.0,1364,200.0,27.03,8.93,60141.0,,,,2022-05-03 00:00:00,2099-12-31 00:00:00,2099-12-31 00:00:00,2023-09-26 12:00:39.840000,/scratchers/1290-215-million-cash-explosion/,$100 or $200,388660,181595,3470733.8,1621643.3499999999,3082073.8,1440048.3499999999,27.03,1.1401405118142527,8.93,-2.1583044143740321e-07,8.93,8.929997941645654,1.4668368845698066e-08,0.11198210703588891,0.11198210867848377,1.6425948518028477e-09,0.11198210703588891,0.11198210867848377,1.6425948518028477e-09,0.02673513102137202,0.02673513102137202,12.467133546667744,12.467133546667744,12.0,0.63,3.655613530484287e-05,0.633360733527663,3.655613530484287e-05,0.47,0.4675296877020343,1.0000000128640885,https://www.arizonalottery.com/media/2648/1364-100-or-200.jpg,,,,2023-09-26 12:00:39.840,511,36.333333333333336,25.333333333333332,54.0,34.333333333333336,35.666666666666664,37.13333333333333,52.0,4.0,/arizona-statistics-for-each-scratcher-game
49,2.0,1333,10000.0,405235.7,3.73,10.0,,,,2022-02-01 00:00:00,,2099-12-31 00:00:00,2023-09-26 12:00:33.817000,/scratchers/1290-215-million-cash-explosion/,Wild Bingo,2281909,886429,8511520.57,3306380.17,6229611.57,2419951.17,405235.7,1.5737966295465133,3.73,-5.141574506038053e-08,9.03,8.711840050112281,0.036639425622921405,0.26809652852969107,0.26809653269921235,4.169521283792221e-09,0.1107292567702442,0.11478631313795891,0.004057056367714709,0.05147413711034661,0.024766580177716012,6.4756966686708495,13.458502443071607,12.0,0.35,-0.027414277253272248,0.3515467066701347,-0.027414277253272248,0.36,0.35640306391276033,1.0000000098790536,https://www.arizonalottery.com/media/c4nkrast/1422-triple-1.jpg,,,,2023-09-26 12:00:33.817,602,21.666666666666668,28.333333333333332,11.0,28.666666666666668,30.333333333333332,24.0,14.0,3.0,/arizona-statistics-for-each-scratcher-game
50,50.0,1360,2500000.0,937670.0,2.51,4.0,,,,2022-02-01 00:00:00,2099-12-31 00:00:00,2099-12-31 00:00:00,2023-09-26 12:00:38.353000,/scratchers/1290-215-million-cash-explosion/,500X,3368098,1311038,8453925.979999999,3290705.38,5085827.979999999,1979667.38,937670.0,1.56450517442311,2.51,-1.1547676139791322e-07,6.74,6.719212476513545,0.002964660568375891,0.3984064205086752,0.39840642068624926,1.7757406656215835e-10,0.14838704776028236,0.148826964989635,0.0004399172293526321,0.07575481529952653,0.028099329342066093,4.400145565293941,11.862391144442508,8.0,0.39,0.00039852031196507197,0.39196874226039713,0.00039852031196507197,0.4,0.39777094201975355,1.0000000002840674,https://www.arizonalottery.com/media/3080/1414-win-100-000.jpg,,,,2023-09-26 12:00:38.353,602,19.0,24.0,24.0,31.0,29.833333333333332,25.566666666666666,18.0,2.0,/arizona-statistics-for-each-scratcher-game
51,5.0,1340,50000.0,328052.0,3.43,3.0,,,,2021-12-07 00:00:00,2099-12-31 00:00:00,2099-12-31 00:00:00,2023-09-26 12:00:34.253000,/scratchers/1290-215-million-cash-explosion/,Wild Cherry Crossword,2867881,563115,9836831.83,1931484.4500000002,6968950.83,1368369.4500000002,328052.0,4.09533602142187,3.43,-2.329814252762372e-07,7.24,6.3231752823043825,0.14438761950880696,0.2915452574290028,0.2915452141040138,-4.33249889852938e-08,0.13819477665877636,0.1581483914890883,0.01995361483031194,0.0537021793617811,0.030734092448847304,6.207004316903227,10.845278421913928,9.0,0.32,-0.0376517646940225,0.3230769708679958,-0.0376517646940225,0.16,0.15090723847269366,0.999999963691967,https://www.arizonalottery.com/media/2511/1340-wild-cherry-crossword-game-image-front.jpg,,,,2023-09-26 12:00:34.253,658,21.333333333333332,22.666666666666668,3.0,18.666666666666668,28.666666666666668,18.866666666666667,4.0,1.0,/arizona-statistics-for-each-scratcher-game
52,30.0,1316,500000.0,365114.0,2.56,3.0,,,,2021-05-04 00:00:00,2099-12-31 00:00:00,2099-12-31 00:00:00,2023-09-26 12:00:32.477000,/scratchers/1290-215-million-cash-explosion/,Millionaire Maker,1423544,229605,3644272.64,587788.8,2220728.64,358183.80000000005,365114.0,5.211661347288478,2.56,-1.361033078600693e-06,5.4,5.256292945785183,0.027478096281908344,0.3906255316542699,0.390625068600807,-4.6305346290687055e-07,0.185160295888994,0.1902481483270184,0.005087852438024398,0.06695817685736391,0.030047416812487297,4.978123985651805,11.092446386705031,6.0,0.42,0.001954821818324398,0.4164630785249104,0.001954821818324398,0.16,0.15642561342742353,0.9999997720342438,https://www.arizonalottery.com/media/2278/1316-millionairemaker-gameimage-front.jpg,,,,2023-09-26 12:00:32.477,875,19.666666666666668,23.0,42.0,13.666666666666666,30.5,25.76666666666667,19.5,1.0,/arizona-statistics-for-each-scratcher-game
53,20.0,1290,0.0,1831732.0,3.09,3.0,,,,2020-12-01 00:00:00,2099-12-31 00:00:00,2099-12-31 00:00:00,2023-09-26 12:00:32.017000,/scratchers/1290-215-million-cash-explosion/,$215 Million Cash Explosion,4739049,669120,14643661.41,2067580.7999999998,9904612.41,1398460.7999999998,1831732.0,6.0874432911906675,3.09,-3.869256282507907e-07,5.95,5.763058584712114,0.03203229793552621,0.32362472068795406,0.3236246045302469,-1.1615770717510188e-07,0.16813327658421923,0.1735189717926412,0.00538569520842197,0.04493285329923548,0.020466658337807205,7.41839463245232,16.285888574160644,7.0,0.39,-0.002101862084571076,0.3905834357074454,-0.0021017483274542535,0.16,0.13678987746893198,0.9999999409902879,https://www.arizonalottery.com/media/2131/1290-215-million-cash-explosion-pink.jpg,,,,2023-09-26 12:00:32.017,1029,25.666666666666668,33.333333333333336,23.0,17.333333333333332,31.666666666666668,26.2,22.5,1.0,/arizona-statistics-for-each-scratcher-game
