,price,gameNumber,topprize,overallodds,topprizeavail,extrachances,secondChance,startDate,endDate,lastdatetoclaim,dateexported,gameURL,gameName,Winning Tickets At Start,Winning Tickets Unclaimed,topprizestarting,topprizeremain,Total at start,Total remaining,Non-prize at start,Non-prize remaining,topprizeodds,Current Odds of Top Prize,Change in Current Odds of Top Prize,Current Odds of Any Prize,Change in Current Odds of Any Prize,Odds of Profit Prize,Starting Odds of Profit Prize,Change in Odds of Profit Prize,Probability of Winning Any Prize,Starting Probability of Winning Any Prize,Change in Probability of Any Prize,Probability of Winning Profit Prize,Starting Probability of Winning Profit Prize,Change in Probability of Profit Prize,StdDev of All Prizes,StdDev of Profit Prizes,Odds of Any Prize + 3 StdDevs,Odds of Profit Prize + 3 StdDevs,Max Tickets to Buy,Expected Value of Any Prize (as % of cost),Change in Expected Value of Any Prize,Expected Value of Profit Prize (as % of cost),Change in Expected Value of Profit Prize,Percent of Prizes Remaining,Percent of Profit Prizes Remaining,Ratio of Decline in Prizes to Decline in Losing Ticket,Photo,FAQ,About,Directory,Data Date,Days Since Start,Rank by Best Probability of Winning Any Prize,Rank by Best Probability of Winning Profit Prize,Rank by Least Expected Losses,Rank by Most Available Prizes,Rank by Best Change in Probabilities,Rank Average,Overall Rank,Rank by Cost,Stats Page
0,30,1408,10000000.0,3.12,,,,09/21/2020,,,2023-07-30,/scratchers/$30/$400-million-money-mania-1408,$400 Million Money Mania,5847705,1026398,6.0,2.0,18244839.6,3202361.7600000002,12397134.600000001,2175963.7600000002,1601180.8800000001,1601180.8800000001,0.0,3.12,-2.373248423992162e-07,8.35,8.289947151972498,0.00777298356313253,0.3205128965784932,0.3205128310532091,-6.552528408754199e-08,0.1196976230974584,0.12062803075434099,0.0009304076568825842,0.05132414080431913,0.013521331816320599,6.494628432391311,24.650818524505347,9.0,0.57,0.006565112767447545,0.5705384246185862,0.006565112767447545,0.19,0.18802456747256954,0.9999999564774439,https://static.www.calottery.com/-/media/Project/calottery/PWS/obsolete-scratchers-images-jan-1-2023/1408_30_400-Million-Money-Mania_Feature.jpg?rev=cedfe7cbf1894bb89568992a75062c3c,,,,2023-07-30,1042,33.0,53.333333333333336,88.0,12.666666666666666,45.333333333333336,46.46666666666667,47.0,1.0,/california-statistics-for-each-scratcher-game
1,20,1421,5000000.0,3.00,,,,01/25/2021,01/16/2023,07/15/2023,2023-07-30,/scratchers/$20/100x-1421,100X,11233465,2423721,11.0,1.0,33700395.0,7271163.0,22466930.0,4847442.0,7271163.0,7271163.0,0.0,3.0,0.0,6.02,5.992070822957719,0.0038750878172671504,0.3333333333333333,0.3333333333333333,0.0,0.16624300679272352,0.16688721304305187,0.0006442062503283497,0.04644509294998088,0.015988322682354075,7.1769120293205715,20.84818969795118,7.0,0.39,-0.005471766712138929,0.3899932514234655,-0.005471766712138929,0.21,0.21342615931518927,1.0,https://static.www.calottery.com/-/media/Project/calottery/PWS/Scratchers/1421-20-100X-thumbnail.jpg?rev=5f1a86605ba749d7bce94ab112ceb115,,,,2023-07-30,916,33.333333333333336,50.666666666666664,81.0,34.333333333333336,66.08333333333333,53.083333333333336,75.0,11.0,/california-statistics-for-each-scratcher-game
2,1,1422,5000.0,7.57,,,,09/08/2020,01/16/2023,07/15/2023,2023-07-30,/scratchers/$1/california-jackpot-1422,California Jackpot,5936297,1177712,56.0,12.0,44937768.29,8915279.84,39001471.29,7737567.84,742939.9866666667,742939.9866666667,0.0,7.57,-9.422026182890524e-08,12.99,12.587031856239657,0.0320951977410263,0.132100408747724,0.13210039715368152,-1.1594042476081867e-08,0.07697627858870149,0.07944684747137419,0.002470568882672705,0.019050161801387383,0.012322323538963816,17.497404191965785,27.050108972786937,15.0,0.24,-0.047316322845183445,0.23845703538834845,-0.047316322845183445,0.19,0.19068117772521248,0.9999999782783914,https://static.www.calottery.com/-/media/Project/calottery/PWS/obsolete-scratchers-images-jan-1-2023/1422-California-Jackpot-Feature.jpg?rev=ea6b25b4d9054bc4b203463bd63932ce,,,,2023-07-30,1055,57.333333333333336,56.666666666666664,26.0,19.333333333333332,32.666666666666664,38.4,14.0,3.0,/california-statistics-for-each-scratcher-game
3,3,1483,30000.0,6.03,,,,09/20/2021,01/16/2023,07/15/2023,2023-07-30,/scratchers/$3/tetris-1483,Tetris&reg;&nbsp;,4929343,1547741,30.0,12.0,29723938.290000003,9332878.23,24794595.290000003,7785137.23,777739.8525,777739.8525,0.0,6.03,-2.4644058896023544e-08,9.82,9.665243194011204,0.01618372941758659,0.16583748335722379,0.16583748088829953,-2.4689242594799765e-09,0.10181575286851494,0.10346351146338685,0.0016477585948719148,0.0272563783940971,0.023079243117817533,12.229456704939187,14.442772895109314,13.0,0.23,-0.014361626149977153,0.23403456040033954,-0.014361626149977153,0.31,0.3049532938282649,0.9999999931860201,https://static.www.calottery.com/-/media/Project/calottery/PWS/Scratchers/1483-3-TETRIS-thumbnail.jpg?rev=d90eaaf219f840d2ab0c9d5ec586da5e,,,,2023-07-30,678,37.0,36.333333333333336,16.0,38.333333333333336,41.0,33.733333333333334,7.0,3.0,/california-statistics-for-each-scratcher-game
4,5,1484,250000.0,5.24,,,,09/20/2021,01/16/2023,07/15/2023,2023-07-30,/scratchers/$5/tetris-1484,Tetris&reg;&nbsp;,5587809,2833686,17.0,8.0,29280119.16,14848514.64,23692310.16,12014828.64,1856064.33,1856064.33,0.0,5.24,-4.3101954405938935e-08,7.33,7.298300883694022,0.004020767658672514,0.1908397028820527,0.19083969569932419,-7.18272852306967e-09,0.13646948105379433,0.13701819312961125,0.0005487120758169151,0.0199170657051508,0.01658120219309515,16.73596751527607,20.10288654405465,8.0,0.31,-0.004238907821776231,0.30786158130032404,-0.004238907821776231,0.5,0.501094139851154,0.9999999612752076,https://static.www.calottery.com/-/media/Project/calottery/PWS/Scratchers/1484-5-TETRIS-thumbnail.jpg?rev=2b05f242d2a94307a4666b4a402262ee,,,,2023-07-30,678,54.0,46.0,62.0,45.0,41.166666666666664,49.63333333333333,61.0,9.0,/california-statistics-for-each-scratcher-game
5,20,1490,5000000.0,3.00,,,,10/25/2021,01/16/2023,07/15/2023,2023-07-30,/scratchers/$20/$5-million-roaring-2022-1490,$5 Million Roaring 2022,6126546,2279312,6.0,2.0,18379638.0,6837936.0,12253092.0,4558624.0,3418968.0,3418968.0,0.0,3.0,0.0,6.0,5.99202308441388,0.0018120949612934806,0.3333333333333333,0.3333333333333333,0.0,0.1665866717676211,0.16688854263614986,0.00030187086852875855,0.046348466343221706,0.016006138675079475,7.19187295441749,20.824962607568764,7.0,0.43,-0.0011188526265308398,0.4279202817926345,-0.0011188526265308398,0.37,0.3648180335027039,1.0,https://static.www.calottery.com/-/media/Project/calottery/PWS/Scratchers/1490-20-5-Million-Roaring-2022-thumbnail.jpg?rev=d622af269d1e45688d524e8457081d64,,,,2023-07-30,643,34.333333333333336,50.0,82.0,46.0,63.583333333333336,55.18333333333334,83.0,14.0,/california-statistics-for-each-scratcher-game
6,3,1492,20000.0,4.17,,,,11/29/2021,03/13/2023,09/09/2023,2023-07-30,/scratchers/$3/tripling-bonus-crossword-1492,Tripling Bonus Crossword,14446598,3264218,39.0,8.0,60242313.66,13611789.06,45795715.66,10347571.06,1701473.6325,1701473.6325,0.0,4.17,-4.407943661023727e-09,5.45,5.21359000219994,0.04489394289061492,0.23980815453427906,0.23980815610449752,1.570218455260175e-09,0.1835654372838133,0.1918064135419236,0.008240976258110294,0.027335196148152094,0.025901985493570527,12.194245334204195,12.868960050588266,6.0,0.26,-0.02968768597554172,0.2566782122957289,-0.02968768597554172,0.21,0.2033706517563561,1.0000000019113535,https://static.www.calottery.com/-/media/Project/calottery/PWS/Scratchers/1492-3-Tripling-Bonus-Crossword-thumbnail.jpg?rev=8c4e49e91a4944729e303f7b577c4170,,,,2023-07-30,608,36.666666666666664,35.333333333333336,37.0,36.0,60.666666666666664,41.13333333333333,23.5,8.0,/california-statistics-for-each-scratcher-game
7,20,1494,5000000.0,4.29,,,,11/29/2021,03/13/2023,09/09/2023,2023-07-30,/scratchers/$20/year-of-fortune-1494,Year of Fortune,6169156,2141841,6.0,4.0,26465679.24,9188497.89,20296523.24,7046656.890000001,2297124.4725,2297124.4725,0.0,4.29,-9.686022799677267e-08,6.17,6.129893192275675,0.006254678516304977,0.233100255678377,0.23310023521406725,-2.0464309746781595e-08,0.16212096494127384,0.16313497945773467,0.001014014516460826,0.023548733593169124,0.017889959844624,14.154949313469341,18.632191853296128,7.0,0.38,0.007910998189391366,0.3751089269550831,0.007910998189391366,0.37,0.3753734808710591,0.9999999533097759,https://static.www.calottery.com/-/media/Project/calottery/PWS/Scratchers/1494-20-Year-of-Fortun-thumbnail.jpg?rev=423be77f0228448b910a71e3450fcf6b,,,,2023-07-30,608,45.666666666666664,43.333333333333336,80.0,28.333333333333332,45.166666666666664,48.5,53.0,5.0,/california-statistics-for-each-scratcher-game
8,5,1496,77777.0,5.01,,,,12/13/2021,03/13/2023,09/09/2023,2023-07-30,/scratchers/$5/7-1496,7,8716364,1847521,25.0,5.0,43668983.64,9256080.209999999,34952619.64,7408559.209999999,1851216.042,1851216.042,0.0,5.01,-2.2687789460391772e-08,7.47,7.204525180707129,0.03662363586044293,0.19960080293169463,0.19960080132848526,-1.6032093708151507e-09,0.13389782715793294,0.1388016524222696,0.004903825264336664,0.022892489274091186,0.01748897646711966,14.560701646389486,19.059331909741836,9.0,0.27,-0.014419482575046822,0.2712855766155867,-0.014419482575046822,0.2,0.19784435966663844,0.999999997839602,https://static.www.calottery.com/-/media/Project/calottery/PWS/Scratchers/1496-5-7-thumbnail.jpg?rev=13ff54248d1548fc98dafffe07a9ac10,,,,2023-07-30,594,47.666666666666664,45.0,41.0,31.333333333333332,53.166666666666664,43.63333333333333,35.0,5.0,/california-statistics-for-each-scratcher-game
9,10,1497,750000.0,7.79,Top Prize Claimed,,,12/13/2021,05/23/2023,11/19/2023,2023-07-30,/scratchers/$10/mystery-crossword-1497,Mystery Crossword,27049078,652300,76.0,0.0,210712317.62,5081417.0,183663239.62,4429117.0,inf,inf,,7.79,0.0,29.41,17.493261461567467,0.6812435592200854,0.12836970474967907,0.12836970512739415,3.7771508143435994e-10,0.0340015393344022,0.057164869009532084,0.023163329675129886,0.027098263161896632,0.006635173090397243,12.300679403075838,50.22271990333212,37.0,0.1,-0.0510371648088096,0.10483768602340646,-0.0510371648088096,0.02,0.015560374962326982,1.0000000000727107,https://static.www.calottery.com/-/media/Project/calottery/PWS/Scratchers/1497-10-Mystery-Crossword-thumbnail.jpg?rev=35da2766fa7d43848279ed9f7540c724,,,,2023-07-30,594,38.333333333333336,61.666666666666664,1.0,24.666666666666668,,31.416666666666668,3.0,1.0,/california-statistics-for-each-scratcher-game
10,2,1498,20000.0,6.62,,,,01/24/2022,05/11/2023,11/07/2023,2023-07-30,/scratchers/$2/lucky-dog-doubler-1498,Lucky Dog Doubler,4619660,1953604,33.0,15.0,30582149.2,12932858.48,25962489.2,10979254.48,862190.5653333333,862190.5653333333,0.0,6.62,-3.711476470233592e-08,10.34,10.124514501073294,0.020988008917524493,0.15105740741914897,0.1510574028005684,-4.618580573545472e-09,0.09673979255010764,0.09877016817882876,0.0020303756287211178,0.0214856372051766,0.01748671335673885,15.514116851959502,19.06180126275223,13.0,0.26,-0.01870806793974261,0.26388861611254066,-0.01870806793974261,0.41,0.40836750214961626,0.9999999775955775,https://static.www.calottery.com/-/media/Project/calottery/PWS/Scratchers/1498-2-Lucky-Dog-Doubler-thumbnail.jpg?rev=25a5800ea37a497ebd1c52bf9e0c57b1,,,,2023-07-30,552,49.333333333333336,45.333333333333336,39.0,38.666666666666664,43.333333333333336,43.13333333333334,34.0,4.0,/california-statistics-for-each-scratcher-game
11,3,1499,20000.0,5.07,,,,01/24/2022,01/16/2023,07/15/2023,2023-07-30,/scratchers/$3/classic-bingo-1499,Classic Bingo,5622217,1336864,33.0,8.0,28504640.19,6777900.48,22882423.19,5441036.48,847237.56,847237.56,0.0,5.07,-7.08183902053172e-08,7.24,7.127911684296416,0.015869625317372904,0.1972386727452456,0.19723866009183066,-1.2653414926955264e-08,0.13810191947358327,0.14029354519123904,0.0021916257176557707,0.02019512980871497,0.01643267824048468,16.50542586414858,20.284344706455563,8.0,0.24,-0.035799806295109496,0.23712118306063337,-0.035799806295109496,0.22,0.21458202099334742,0.999999979986811,https://static.www.calottery.com/-/media/Project/calottery/PWS/Scratchers/1499-3-Classic-Bingo-thumbnail.jpg?rev=4a2dcc31582c46c7bf6b5a6870027d5c,,,,2023-07-30,552,51.666666666666664,48.0,20.0,23.333333333333332,30.833333333333332,34.766666666666666,8.0,4.0,/california-statistics-for-each-scratcher-game
12,5,1500,75000.0,5.75,,,,01/24/2022,05/11/2023,11/07/2023,2023-07-30,/scratchers/$5/mega-crossword-1500,MEGA Crossword,11638341,1471935,36.0,7.0,66920460.75,8463626.25,55282119.75,6991691.25,1209089.4642857143,1209089.4642857143,0.0,5.75,-2.9538166386274774e-08,9.54,8.640538384992217,0.1039803186143855,0.17391304861533344,0.17391304542736258,-3.1879708595194955e-09,0.10483296402747475,0.11573352902834201,0.010900565000867266,0.023507452560449397,0.016816474490098855,14.179763687161218,19.821389252625483,11.0,0.26,-0.018975190316681247,0.25734336559767645,-0.018975190316681247,0.12,0.12044888020396782,0.9999999973459851,https://static.www.calottery.com/-/media/Project/calottery/PWS/Scratchers/1500-5-Mega-Crossword-thumbnail.jpg?rev=8c2804da62bf4f228dee38a41387781c,,,,2023-07-30,552,46.333333333333336,45.666666666666664,38.0,25.666666666666668,50.0,41.13333333333333,23.5,4.0,/california-statistics-for-each-scratcher-game
13,20,1501,200.0,7.94,,,,01/24/2022,05/11/2023,11/07/2023,2023-07-30,/scratchers/$20/win-$100-or-$200-1501,Win $100 or $200,2909802,773439,600291.0,159537.0,23103827.880000003,6141105.66,20194025.880000003,5367666.66,38.49330036292522,38.49330036292522,0.0,7.94,-1.0747250366447844e-07,7.94,7.939999697573924,-6.938357983595041e-08,0.12594459791845278,0.12594458917996573,-8.738487045079069e-09,0.12594459791845278,0.12594458917996573,-8.738487045079069e-09,0.05231706226059083,0.05231706226059083,6.371355214373683,6.371355214373683,14.0,0.63,-1.4843245456583535e-06,0.6336711389888302,-1.4843245456583535e-06,0.27,0.26579040743287846,0.9999999748806897,https://static.www.calottery.com/-/media/Project/calottery/PWS/Scratchers/1501-20-Win-100-or-200-thumbnail.jpg?rev=50d432d3405d4727aa5707836e8477b2,,,,2023-07-30,552,32.0,32.0,91.0,25.0,42.666666666666664,44.53333333333333,39.0,3.0,/california-statistics-for-each-scratcher-game
14,1,1502,1000.0,8.52,,,,02/21/2022,01/16/2023,07/15/2023,2023-07-30,/scratchers/$1/clover-all-over-1502,CLOVER ALL OVER&trade;,4665483,1215275,93.0,24.0,39749915.16,10354143.0,35084432.16,9138868.0,431422.625,431422.625,0.0,8.52,0.0,15.89,15.173570751553338,0.047051350595744286,0.11737089201877934,0.11737089249121664,4.724372976161462e-10,0.06294253421070194,0.0659040654552343,0.00296153124453237,0.01747106759593329,0.010253002650709749,19.078862721558636,32.509179721375084,19.0,0.22,-0.09502726115069282,0.21763491193814882,-0.09502726115069282,0.24,0.23398822792899548,1.0000000014177937,https://static.www.calottery.com/-/media/Project/calottery/PWS/Scratchers/1502-1-Clover-All-Over-thumbnail.jpg?rev=baaf8a5c3c9845c28956b720d7703a35,,,,2023-07-30,524,58.666666666666664,59.333333333333336,8.0,39.333333333333336,50.083333333333336,43.083333333333336,33.0,7.0,/california-statistics-for-each-scratcher-game
15,3,1503,30000.0,5.99,,,,02/21/2022,,,2023-07-30,/scratchers/$3/loteria-1503,LOTERIAâ„¢,13379787,1560663,82.0,11.0,80144924.13000001,9348371.370000001,66765137.13000001,7787708.370000001,849851.9427272729,849851.9427272729,0.0,5.99,-3.9579086659907065e-08,10.42,9.576098360824192,0.08777606599765053,0.16694491478782775,0.16694490845109541,-6.3367323333007874e-09,0.09600014804718383,0.10442666337795765,0.00842651533077382,0.026734873252425215,0.02034825417765182,12.468010123449229,16.38112272767465,13.0,0.2,-0.05681143271993646,0.20276830405354404,-0.05681143271993646,0.1,0.09903818939335333,0.9999999949879428,https://static.www.calottery.com/-/media/Project/calottery/PWS/Scratchers/1503-3-Loteria-thumbnail.jpg?rev=2169f876f3ac429683a409e7a566796f,,,,2023-07-30,524,41.0,39.0,5.0,23.0,33.0,28.2,1.0,1.0,/california-statistics-for-each-scratcher-game
16,30,1505,20000000.0,4.75,,,,02/21/2022,,,2023-07-30,/scratchers/$30/set-for-life-millionaire-edition-1505,Set For Life! Millionaire Edition,6570205,1065764,7.0,1.0,31208473.75,5062379.0,24638268.75,3996615.0,5062379.0,5062379.0,0.0,4.75,0.0,7.12,7.00737662955861,0.01634840881922458,0.21052631578947367,0.21052632084882847,5.059354796221882e-09,0.1404112572369631,0.14270675787309428,0.0022955006361311814,0.030263227232113773,0.026569743929572173,11.014353686603737,12.545376843740907,9.0,0.35,-0.0011615972988924873,0.3486696669688302,-0.0011615972988924873,0.17,0.17145625531798794,1.0000000046530377,https://static.www.calottery.com/-/media/Project/calottery/PWS/Scratchers/1505-30-Set-For-Life-Millionaire-Edition-thumbnail.jpg?rev=043ae9c14034414bb178eec9eea69f71,,,,2023-07-30,524,36.0,34.0,74.0,33.0,74.25,50.25,66.0,2.0,/california-statistics-for-each-scratcher-game
17,2,1506,30000.0,6.95,,,,03/21/2022,01/16/2023,07/15/2023,2023-07-30,/scratchers/$2/california-dreamin-1506,California Dreamin',5477448,2692004,28.0,13.0,38068263.6,18709427.8,32590815.6,16017423.8,1439186.7538461538,1439186.7538461538,0.0,6.95,-4.2759191167823105e-08,11.94,11.78285592069872,0.01310629787325719,0.1438848982387328,0.1438848943541238,-3.8846089955857366e-09,0.0837711384747379,0.08486906796876968,0.0010979294940317852,0.019554274277383626,0.012960233983504078,17.04646349193547,25.719278202609,14.0,0.24,-0.013176546145926836,0.23810991111593102,-0.013176546145926836,0.48,0.47524251129937556,0.9999999739076404,https://static.www.calottery.com/-/media/Project/calottery/PWS/Scratchers/1506-2-California-Dreamin-thumbnail.jpg?rev=c214fc373d564da2a34e78b2be1fdf6f,,,,2023-07-30,496,56.0,55.333333333333336,24.0,44.0,34.166666666666664,42.7,28.0,2.0,/california-statistics-for-each-scratcher-game
18,5,1507,250000.0,5.24,,,,03/21/2022,01/16/2023,07/15/2023,2023-07-30,/scratchers/$5/california-dreamin-1507,California Dreamin',5796128,2552185,18.0,7.0,30371710.720000003,13373449.4,24575582.720000003,10821264.4,1910492.7714285715,1910492.7714285715,0.0,5.24,-2.9910009668331694e-08,7.39,7.2997231693195275,0.012093862600263438,0.19083970036450582,0.19083969918058613,-1.1839196845109257e-09,0.13535453718782642,0.13699149636289823,0.0016369591750718115,0.02002229373823797,0.016433691298436356,16.64800064093704,20.28330654315398,8.0,0.3,-0.006185106423397363,0.30456681743056707,-0.006185106423397363,0.43,0.43287004026172043,0.999999995119184,https://static.www.calottery.com/-/media/Project/calottery/PWS/Scratchers/1507-5-California-Dreamin-thumbnail.jpg?rev=69a25a68b5e649349c6f7788d8f3c4cb,,,,2023-07-30,496,53.666666666666664,47.666666666666664,59.0,51.333333333333336,55.666666666666664,53.46666666666666,76.0,13.0,/california-statistics-for-each-scratcher-game
19,10,1508,1000000.0,4.13,,,,03/21/2022,01/16/2023,07/15/2023,2023-07-30,/scratchers/$10/california-dreamin-1508,California Dreamin',5536425,2299044,8.0,2.0,22865435.25,9495051.72,17329010.25,7196007.720000001,4747525.86,4747525.86,0.0,4.13,-7.582897086676861e-08,8.8,8.708409234508638,0.010052322825744775,0.2421307689658539,0.24213075325267155,-1.571318233861696e-08,0.11368869951304106,0.11483153502218524,0.00114283550914418,0.027013292424400436,0.019312371552483387,12.339537847292867,17.259817250162804,11.0,0.27,-0.006466487390542323,0.2741256997987688,-0.006466487390542323,0.39,0.38007785901105895,0.9999999539141483,https://static.www.calottery.com/-/media/Project/calottery/PWS/Scratchers/1508-10-California-Dreamin-thumbnail.png?rev=6bc08ea3e92546ea85f71bbd35f21300,,,,2023-07-30,496,38.666666666666664,40.0,48.0,30.0,36.833333333333336,38.7,15.0,3.0,/california-statistics-for-each-scratcher-game
20,20,1509,5000000.0,4.96,,,,03/21/2022,05/11/2023,11/07/2023,2023-07-30,/scratchers/$20/millionaire-bucks-1509,Millionaire Bucks,4660042,1802693,5.0,2.0,23113808.32,8941357.28,18453766.32,7138664.279999999,4470678.64,4470678.64,0.0,4.96,-3.131515620290495e-08,7.44,7.420063036068213,0.0027547310939248283,0.2016129095393462,0.201612906017044,-3.522302199909788e-09,0.1343995100519977,0.1347697445613462,0.0003702345093484771,0.023778747775780117,0.018127912537681586,14.018010722285851,18.387568467554413,9.0,0.33,0.0004245339018685497,0.32542476494339734,0.0004245339018685497,0.39,0.3890980236042363,0.9999999889778389,https://static.www.calottery.com/-/media/Project/calottery/PWS/Scratchers/1509-20-Millionaire-Bucks-thumbnail.jpg?rev=21e991e0998d42bba908d3bb89b06452,,,,2023-07-30,496,45.0,42.0,68.0,42.333333333333336,47.666666666666664,49.0,57.0,6.0,/california-statistics-for-each-scratcher-game
21,2,1511,30000.0,7.13,,,,04/25/2022,01/16/2023,07/15/2023,2023-07-30,/scratchers/$2/money-mania-1511,Money Mania,4973635,3392460,34.0,23.0,35462017.55,24188239.8,30488382.549999997,20795779.8,1051662.6,1051662.6,0.0,7.13,-3.307392383965355e-08,12.23,12.212889272313687,0.0017774559004366274,0.14025245905665146,0.14025245659320507,-2.4634463913209004e-09,0.08173542522049662,0.08188070633432949,0.0001452811138328708,0.01657527418820785,0.010284856534634446,20.110156464531553,32.40957886703025,14.0,0.24,-0.011893403619444097,0.23786355426701378,-0.011893403619444097,0.67,0.6646479276711741,0.9999999623150959,https://static.www.calottery.com/-/media/Project/calottery/PWS/Scratchers/1511-2-Money-Mania-thumbnail.jpg?rev=107880a9a86142a68f0e74342c922ef1,,,,2023-07-30,461,60.666666666666664,59.0,21.0,57.333333333333336,31.666666666666668,45.93333333333333,46.0,8.0,/california-statistics-for-each-scratcher-game
22,5,1512,75000.0,5.31,Top Prize Claimed,,,04/25/2022,05/12/2023,11/08/2023,2023-07-30,/scratchers/$5/hot-poker-nights-1512,Hot Poker Nights,9777956,626815,29.0,0.0,51920946.36,3328387.65,42142990.36,2701572.65,inf,inf,,5.31,-1.9528975231250624e-07,8.4,7.776221729710527,0.07990690741181584,0.18832395391521478,0.18832391844324253,-3.547197224840204e-08,0.11908170534255783,0.12859715614580675,0.00951545080324892,0.022846021109732967,0.015744651108709998,14.590093079273965,21.17008035522716,10.0,0.23,-0.03969636328956032,0.23152530039325353,-0.03969636328956032,0.05,0.048764315812928914,0.9999999870983902,https://static.www.calottery.com/-/media/Project/calottery/PWS/Scratchers/1512-5-Hot-Poker-Nights-thumbnail.jpg?rev=4b3688c2a1014490ae034928f413becf,,,,2023-07-30,461,48.0,51.333333333333336,13.0,15.666666666666666,,32.0,5.0,2.0,/california-statistics-for-each-scratcher-game
23,10,1513,1000000.0,6.12,,,,04/25/2022,05/11/2023,11/07/2023,2023-07-30,/scratchers/$10/50x-fortune-1513,50X Fortune,8978698,4619076,24.0,12.0,54949631.76,28268745.12,45970933.76,23649669.12,2355728.7600000002,2355728.7600000002,0.0,6.12,-4.244970968781429e-09,11.4,11.361929402968471,0.0035601415681230197,0.1633986935040802,0.16339869507040003,1.566319823842477e-09,0.08770099273950789,0.08801322068932546,0.00031222794981757007,0.024125533618601768,0.014825710562427062,13.816578797235396,22.483260347447178,14.0,0.24,-0.0009224090379848563,0.2360575787853334,-0.0009224090379848563,0.5,0.5021625529046049,1.000000010156361,https://static.www.calottery.com/-/media/Project/calottery/PWS/Scratchers/1513-10-50X-Fortune-thumbnail.jpg?rev=4c675bd20ea34e63a26eb3bc64e6b1bc,,,,2023-07-30,461,44.666666666666664,52.0,18.0,67.66666666666667,42.833333333333336,45.03333333333333,42.0,10.0,/california-statistics-for-each-scratcher-game
24,20,1514,2000000.0,5.29,,,,04/25/2022,03/13/2023,09/09/2023,2023-07-30,/scratchers/$20/instant-prize-crossword-1514,Instant Prize Crossword,5540393,1344257,14.0,1.0,29308678.97,7111119.53,23768285.97,5766862.53,7111119.53,7111119.53,0.0,5.29,-7.453116183451378e-08,9.15,9.024738629501911,0.013467015712845028,0.18903593091326415,0.18903592308052924,-7.832734905122152e-09,0.10933412870745096,0.11080653313670442,0.0014724044292534627,0.026386275609783596,0.018476276338263195,12.632711252960235,18.040734648350984,11.0,0.24,-0.006055393637688199,0.23800097424891917,-0.006055393637688199,0.25,0.2449281292017004,0.999999986726,https://static.www.calottery.com/-/media/Project/calottery/PWS/Scratchers/1514-20-Instant-Prize-Crossword-thumbnail.jpg?rev=478903f302d443ea9e90eb17ab67e3bb,,,,2023-07-30,461,42.0,41.666666666666664,23.0,29.0,31.166666666666668,33.36666666666666,6.0,1.0,/california-statistics-for-each-scratcher-game
25,2,1515,200.0,7.54,,,,05/23/2022,,,2023-07-30,/scratchers/$2/$200-win-1515,$200 Win!,5244740,2411819,35016.0,15249.0,39545339.6,18185115.26,34300599.6,15773296.260000002,1192.5447740835466,1192.5447740835466,0.0,7.54,-1.4297407348815142e-08,13.39,13.223964112184536,0.012594192048076264,0.1326259965911681,0.13262599670722255,1.1605444383278041e-10,0.07467975869275503,0.0756202899158356,0.0009405312230805624,0.022326908787126825,0.015597919365942866,14.929575478658046,21.37003534107252,17.0,0.23,-0.019198718811425382,0.23336206562345085,-0.019198718811425382,0.45,0.445517872884049,1.0000000007449779,https://static.www.calottery.com/-/media/Project/calottery/PWS/Scratchers/1515-2-200-Win-thumbnail.jpg?rev=b8283da00bb84584b3641cbed185d34a,,,,2023-07-30,433,48.666666666666664,51.666666666666664,14.0,57.333333333333336,43.166666666666664,42.96666666666666,30.5,3.0,/california-statistics-for-each-scratcher-game
26,3,1516,20000.0,3.95,,,,05/23/2022,,,2023-07-30,/scratchers/$3/top-secret-crossword-1516,Top Secret Crossword,9295688,1754725,24.0,6.0,36717967.6,6931163.75,27422279.6,5176438.75,1155193.9583333333,1155193.9583333333,0.0,3.95,-1.0820693719389239e-07,5.01,4.885405745299798,0.024715022239723505,0.25316458435618955,0.2531645610989301,-2.32572594516256e-08,0.19975435579858675,0.20469128914463047,0.004936933346043726,0.03598612377739128,0.03711179713894013,9.262780726454773,8.981811623513313,6.0,0.24,-0.02055662924036675,0.2418487344764508,-0.02055662924036675,0.19,0.1889061192405334,0.9999999786234395,https://static.www.calottery.com/-/media/Project/calottery/PWS/Scratchers/1516-3-Secret-Crossword-thumbnail.jpg?rev=696e708a79c2467bbde44b4e8a4868cb,,,,2023-07-30,433,35.333333333333336,33.0,32.0,19.333333333333332,34.166666666666664,30.76666666666667,2.0,2.0,/california-statistics-for-each-scratcher-game
27,5,1517,200000.0,5.22,,,,05/23/2022,05/11/2023,11/07/2023,2023-07-30,/scratchers/$5/25x-1517,25X,6515283,2021479,20.0,5.0,34009777.26,10552120.379999999,27494494.259999998,8530641.379999999,2110424.076,2110424.076,0.0,5.22,-3.6011719447232005e-08,7.4,7.262907441421737,0.018329515814680397,0.19157088812485074,0.1915708826905863,-5.434264427339741e-09,0.1352076170475696,0.13768590720250826,0.002478290154938667,0.020089757177503477,0.016306836176683694,16.592067013381076,20.441031845888492,8.0,0.3,-0.007974871322438104,0.3012307668980262,-0.007974871322438104,0.3,0.29927511118868716,0.9999999872395391,https://static.www.calottery.com/-/media/Project/calottery/PWS/Scratchers/1517-5-25X-thumbnail.jpg?rev=9252d204c9524bc08327c5a1b0edd01e,,,,2023-07-30,433,52.666666666666664,48.333333333333336,57.0,32.666666666666664,50.333333333333336,48.2,52.0,7.0,/california-statistics-for-each-scratcher-game
28,10,1518,1000000.0,3.88,,,,05/23/2022,03/13/2023,09/09/2023,2023-07-30,/scratchers/$10/bonus-blast-1518,Bonus Blast,4137755,2144341,13.0,10.0,16054489.4,8320043.08,11916734.4,6175702.08,832004.308,832004.308,0.0,3.88,-9.615334759790954e-09,5.63,5.626656727266865,0.0009464930788201539,0.2577319612410657,0.25773196518431696,3.943251281057769e-09,0.17755737560490972,0.17772543243201325,0.00016805682710352432,0.03212291845904958,0.027553875263059534,10.376757040710347,12.097412814024732,7.0,0.51,0.008546306158604345,0.5121877374912607,0.008546306158604345,0.54,0.5471535444715886,1.0000000164582072,https://static.www.calottery.com/-/media/Project/calottery/PWS/Scratchers/1518-10-Bonus-Blast-thumbnail.jpg?rev=2d4e869d79b64cb5bffc2ca826ee3219,,,,2023-07-30,433,35.666666666666664,33.666666666666664,86.0,73.33333333333333,64.0,58.533333333333324,86.0,16.0,/california-statistics-for-each-scratcher-game
29,20,1519,5000000.0,3.00,Top Prize Claimed,,,02/21/2022,02/06/2023,08/05/2023,2023-07-30,/scratchers/$20/$5000000-extreme-cash-1519,"$5,000,000 Extreme Cash",4106784,910827,4.0,0.0,12320352.0,2732481.0,8213568.0,1821654.0,inf,inf,,3.0,0.0,6.01,5.991372087131124,0.0026674839085627294,0.3333333333333333,0.3333333333333333,0.0,0.1664626396304311,0.16690667604302215,0.0004440364125910534,0.046385406012950124,0.016006317412676586,7.186111583349808,20.82415736968166,7.0,0.36,-0.008795536228749274,0.36058924105968165,-0.008795536228749274,0.23,0.2342590805861869,1.0,https://static.www.calottery.com/-/media/Project/calottery/PWS/Scratchers/1519-20-5-Million-Extreme-Cash-thumbnail.jpg?rev=d0aa12abc6264f8da32bb9481d401f03,,,,2023-07-30,524,34.0,49.666666666666664,77.0,37.333333333333336,,49.5,60.0,7.0,/california-statistics-for-each-scratcher-game
30,2,1520,20000.0,6.86,,,,06/20/2022,03/13/2023,09/09/2023,2023-07-30,/scratchers/$2/electric-8s-1520,Electric 8's,4877064,1902875,34.0,12.0,33456659.040000003,13053722.5,28579595.040000003,11150847.5,1087810.2083333333,1087810.2083333333,0.0,6.86,-3.8303250302648686e-08,11.35,11.094450861033266,0.022891360379657184,0.14577260033575098,0.1457725949264689,-5.409282077817323e-09,0.08811800956079806,0.09013515067359236,0.0020171411127943017,0.02016880458896749,0.014526080156769722,16.527029986569637,22.946774356653453,14.0,0.23,-0.02798171951106852,0.23369350136305952,-0.02798171951106852,0.37,0.3642616455227493,0.9999999762586498,https://static.www.calottery.com/-/media/Project/calottery/PWS/Scratchers/1520-2-Electric-8s-thumbnail.jpg?rev=60e7a7bf2d014e9695de9e6051ef18c7,,,,2023-07-30,405,52.333333333333336,53.0,15.0,32.0,34.166666666666664,37.3,11.0,1.0,/california-statistics-for-each-scratcher-game
31,3,1521,30000.0,6.03,,,,06/20/2022,03/13/2023,09/09/2023,2023-07-30,/scratchers/$3/money-ball-1521,Money Ball,4929559,2716454,30.0,15.0,29725240.77,16380217.620000001,24795681.77,13663763.620000001,1092014.5080000001,1092014.5080000001,0.0,6.03,-3.7850535088733266e-08,9.73,9.664987730685706,0.007198945510019347,0.16583748554735264,0.16583748356615455,-1.981198094469505e-09,0.1027267221185165,0.1034662461934706,0.0007395240749541038,0.026971569644003962,0.02294098131860669,12.358636194228351,14.529912665317472,13.0,0.24,-0.004843340863538183,0.24132213877264264,-0.004843340863538183,0.55,0.5440974929924705,0.9999999853362338,https://static.www.calottery.com/-/media/Project/calottery/PWS/Scratchers/1521-3-Money-Ball-thumbnail.jpg?rev=1512208390374e738e193c519d5205f2,,,,2023-07-30,405,39.0,36.666666666666664,30.0,57.666666666666664,37.833333333333336,40.233333333333334,19.0,7.0,/california-statistics-for-each-scratcher-game
32,5,1522,250000.0,4.73,,,,06/20/2022,05/11/2023,11/07/2023,2023-07-30,/scratchers/$5/$250000-payout-1522,"$250,000 Payout",5136041,3153568,20.0,15.0,24293473.930000003,14916376.64,19157432.930000003,11762808.64,994425.1093333333,994425.1093333333,0.0,4.73,-4.290586227861467e-08,4.73,4.729999818926679,-4.62397626745679e-09,0.2114164995572651,0.21141649857968023,-9.775848741622184e-10,0.2114164995572651,0.21141649857968023,-9.775848741622184e-10,0.04292612832397426,0.04292612832397426,7.765259191948278,7.765259191948278,6.0,0.48,0.0039040835754168652,0.47766910675890717,0.0039040835754168652,0.63,0.6322760308969848,0.9999999926445288,https://static.www.calottery.com/-/media/Project/calottery/PWS/Scratchers/15225250000Payoutthumbnail.jpg?rev=9ae0d2f648d64c0ea6b3f97768b95d1d,,,,2023-07-30,405,35.0,32.666666666666664,85.0,67.0,50.833333333333336,54.1,79.0,14.0,/california-statistics-for-each-scratcher-game
33,10,1523,1000000.0,3.96,,,,06/20/2022,,,2023-07-30,/scratchers/$10/power-10s-1523,Power 10's,4762068,1164825,8.0,1.0,18857789.28,4612707.0,14095721.280000001,3447882.0,4612707.0,4612707.0,0.0,3.96,0.0,5.49,5.451705982720171,0.006278847785147692,0.25252525252525254,0.2525252562747414,3.749488886040098e-09,0.1822842855616019,0.1834288208442676,0.0011445352826656985,0.02445204723595129,0.025390826476442023,13.631964191461229,13.127895985005159,6.0,0.36,-0.006398773095299626,0.36274502152423727,-0.006398773095299626,0.23,0.23026405820821236,1.0000000048079303,https://static.www.calottery.com/-/media/Project/calottery/PWS/Scratchers/1523-10-Power-10s-thumbnail.jpg?rev=ecb2587186a74be286306e028e026e34,,,,2023-07-30,405,44.0,35.666666666666664,78.0,40.0,72.08333333333333,53.95,77.0,15.0,/california-statistics-for-each-scratcher-game
34,1,1524,1000.0,8.52,,,,07/25/2022,,,2023-07-30,/scratchers/$1/bee-lucky-1524,Bee Lucky,4679469,1405245,93.0,40.0,39869075.879999995,11972687.399999999,35189606.879999995,10567442.399999999,299317.18499999994,299317.18499999994,0.0,8.52,-3.340937458870137e-08,15.67,15.17385446539181,0.03273051141903674,0.11737089594006758,0.11737089460941845,-1.3306491325471015e-09,0.06381416301954607,0.0659028332109536,0.0020886701914075295,0.01723069134017765,0.010251156459043764,19.34505923050972,32.51527266677006,19.0,0.22,-0.07191306827911519,0.22316427381756493,-0.07191306827911519,0.29,0.28812970487023426,0.9999999951342834,https://static.www.calottery.com/-/media/Project/calottery/PWS/Scratchers/1524-1-Lucky-Bee-thumbnail.jpg?rev=0717f1522f31464daf174907ef646192,,,,2023-07-30,370,59.0,59.666666666666664,9.0,37.666666666666664,39.0,40.86666666666666,20.0,4.0,/california-statistics-for-each-scratcher-game
35,3,1525,20000.0,5.07,,,,07/25/2022,,,2023-07-30,/scratchers/$3/bingo-doubler-1525,Bingo Doubler,7968865,1560850,48.0,12.0,40402145.550000004,7913509.5,32433280.550000004,6352659.5,659459.125,659459.125,0.0,5.07,-6.318309224491953e-08,7.3,7.127789900846063,0.023900001039028614,0.19723867123926947,0.19723866146215752,-9.777111953379602e-09,0.13702113689388615,0.14029594220801891,0.003274805314132767,0.02026922858037196,0.016292556382070895,16.4451163008724,20.458854718736788,8.0,0.24,-0.036293204374167394,0.23685337734920542,-0.036293204374167394,0.18,0.1810499104378462,0.9999999879258612,https://static.www.calottery.com/-/media/Project/calottery/PWS/Scratchers/1525-3-Bingo-Doubler-thumbnail.jpg?rev=cd78fcdabbc24b25bc11fdaf562c997b,,,,2023-07-30,370,51.333333333333336,48.666666666666664,19.0,22.333333333333332,33.166666666666664,34.9,9.0,5.0,/california-statistics-for-each-scratcher-game
36,5,1526,500.0,6.13,,,,07/25/2022,,,2023-07-30,/scratchers/$5/full-of-500s-1526,Full of 500's,6331173,868720,40250.0,4740.0,38810090.49,5325253.6,32478917.490000002,4456533.6,1123.4712236286919,1123.4712236286919,0.0,6.13,-1.1267069046827125e-07,8.92,8.479052463168859,0.05229421910879985,0.16313215541120768,0.1631321390906334,-1.6320574280914713e-08,0.1120767407670584,0.11793770640573109,0.005860965638672694,0.027358206976760977,0.02634609720838804,12.183863459741977,12.65182712468474,12.0,0.31,-0.018636496853796817,0.31077246470731057,-0.018636496853796817,0.13,0.12484869079692565,0.9999999840893485,https://static.www.calottery.com/-/media/Project/calottery/PWS/Scratchers/1526-5-Full-of-500s-thumbnail.jpg?rev=3f4af0b962644ba99f4510d86e6733c4,,,,2023-07-30,370,36.333333333333336,35.0,63.0,17.666666666666668,45.0,39.4,17.0,3.0,/california-statistics-for-each-scratcher-game
37,10,1527,1000000.0,4.13,,,,07/25/2022,05/11/2023,11/07/2023,2023-07-30,/scratchers/$10/sparkling-riches-1527,Sparkling Riches,5634677,2991037,8.0,4.0,23271216.009999998,12352982.81,17636539.009999998,9361945.81,3088245.7025,3088245.7025,0.0,4.13,-6.557120754359418e-08,8.76,8.706924954868159,0.006399585548905806,0.24213076648213364,0.24213075070937418,-1.5772759459631303e-08,0.11412078476273987,0.1148511104877373,0.0007303257249974271,0.026948814730915458,0.019352442499270293,12.369076644053983,17.224144222110322,11.0,0.29,-0.0013980085190482647,0.2885250703028629,-0.0013980085190482647,0.53,0.5327506960199639,0.9999999262983615,https://static.www.calottery.com/-/media/Project/calottery/PWS/Scratchers/1527-10-Sparkling-Riches-thumbnail.jpg?rev=8113bc6cefcf4b1fb478d5783bb6b934,,,,2023-07-30,370,39.666666666666664,39.666666666666664,54.0,45.333333333333336,36.166666666666664,42.96666666666666,30.5,8.0,/california-statistics-for-each-scratcher-game
38,20,1528,5000000.0,3.00,,,,07/25/2022,,,2023-07-30,/scratchers/$20/100x-1528,100X,8129567,2387738,8.0,3.0,24388701.0,7163214.0,16259134.0,4775476.0,2387738.0,2387738.0,0.0,3.0,0.0,6.01,5.992733883871881,0.0030642432888588703,0.3333333333333333,0.3333333333333333,0.0,0.16635898355123832,0.16686874795012657,0.0005097643988882516,0.046412931672656386,0.01599578339537534,7.181884847908061,20.83846074594152,7.0,0.46,0.002493360792090034,0.4598108125765892,0.002493360792090034,0.3,0.30443894794903037,1.0,https://static.www.calottery.com/-/media/Project/calottery/PWS/Scratchers/1528-20-100X-thumbnail.jpg?rev=5a41fa41814a43268a1606b64140a271,,,,2023-07-30,370,33.666666666666664,50.333333333333336,84.0,41.666666666666664,66.25,55.18333333333332,82.0,13.0,/california-statistics-for-each-scratcher-game
39,2,1529,30000.0,7.13,,,,08/22/2022,03/13/2023,09/09/2023,2023-07-30,/scratchers/$2/the-addams-family-fortune-1529,The Addams Family Fortune,4899988,2322804,33.0,15.0,34936914.44,16561592.52,30036926.439999998,14238788.52,1104106.168,1104106.168,0.0,7.13,-3.139794673282983e-08,12.39,12.21297976185732,0.014157745914233367,0.14025245882159154,0.14025245618430981,-2.6372817263364823e-09,0.08073704508600381,0.08188009965619746,0.0011430545701936468,0.01669328897830893,0.01011632802457433,19.96793251910579,32.94922017477902,14.0,0.24,-0.015411090214517207,0.2358951663584032,-0.015411090214517207,0.46,0.45452974657511,0.9999999830522062,https://static.www.calottery.com/-/media/Project/calottery/PWS/Scratchers/1529-2-Addams-Family-Fortune-thumbnail-.jpg?rev=05fa60ea61f34cb9964abefc84cca68c,,,,2023-07-30,342,60.0,60.666666666666664,17.0,46.666666666666664,37.833333333333336,44.43333333333333,37.0,6.0,/california-statistics-for-each-scratcher-game
40,5,1530,100000.0,5.40,,,,08/22/2022,,,2023-07-30,/scratchers/$5/loteria-extra-1530,LOTERIA&trade; Extra!,9019145,1157932,16.0,3.0,48703383.0,6252832.800000001,39684238.0,5094900.800000001,2084277.6000000003,2084277.6000000003,0.0,5.4,-1.2794201056623123e-07,8.73,8.316321859256968,0.04932466328842633,0.18518520887815312,0.18518518518518517,-2.369296794868525e-08,0.11459319553124088,0.12024546631596413,0.005652270784723246,0.020056007811998743,0.01328961033060863,16.619885278238492,25.081372372412336,10.0,0.22,-0.03776198566972833,0.22492966387070687,-0.03776198566972833,0.11,0.1076288425654175,0.9999999811545439,https://static.www.calottery.com/-/media/Project/calottery/PWS/Scratchers/1530-3-Loteria-Extra-thumbnail.jpg?rev=37ce89b842e743ebacdd8307767aebfc,,,,2023-07-30,342,53.333333333333336,54.333333333333336,10.0,15.333333333333334,26.333333333333332,31.866666666666667,4.0,1.0,/california-statistics-for-each-scratcher-game
41,10,1531,1000000.0,4.14,,,,08/22/2022,,,2023-07-30,/scratchers/$10/win-big-1531,Win Big,4592355,384378,5.0,1.0,19012349.7,1591324.92,14419994.7,1206946.92,1591324.92,1591324.92,0.0,4.14,-5.781346023492662e-07,8.33,7.724254616205605,0.0786939048139811,0.24154603336592673,0.24154590261308584,-1.3075284088781558e-07,0.12001767082002157,0.12946232998352808,0.009444659163506508,0.024979839594349795,0.01862754048709082,13.34363098898889,17.892974362741942,10.0,0.36,0.0010030896731917935,0.3590045144797665,0.0010030896731917935,0.09,0.09139808137088033,0.9999999505534076,https://static.www.calottery.com/-/media/Project/calottery/PWS/Scratchers/1531-10-Win-Big-thumbnail.jpg?rev=7ed555f7fb49415d8db72b05f0133cac,,,,2023-07-30,342,43.666666666666664,41.333333333333336,76.0,6.0,48.0,43.0,32.0,9.0,/california-statistics-for-each-scratcher-game
42,30,1532,10000000.0,2.71,,,,08/22/2022,,,2023-07-30,/scratchers/$30/california-200x-1532,California 200X,6726270,1385110,6.0,2.0,18228191.7,3753648.1,11501921.7,2368538.1,1876824.05,1876824.05,0.0,2.71,-2.6640749794794804e-08,4.97,4.948680107888132,0.003828609281041211,0.36900369986743564,0.36900370420740053,4.339964887467573e-09,0.2013033720796409,0.20207408403828991,0.0007707119586490008,0.05148278384324107,0.031304279302661775,6.4746260846852195,10.64802140522588,6.0,0.52,0.007530664867618867,0.5246847866395571,0.007530664867618867,0.25,0.25743839026983806,1.0000000030500305,https://static.www.calottery.com/-/media/Project/calottery/PWS/Scratchers/1532-30-California-200X-thumbnail.jpg?rev=0575925101d240df80129a9f7f10bfc5,,,,2023-07-30,342,32.666666666666664,33.333333333333336,87.0,41.666666666666664,66.83333333333333,52.3,72.0,4.0,/california-statistics-for-each-scratcher-game
43,1,1533,1000.0,8.76,,,,09/19/2022,05/11/2023,11/07/2023,2023-07-30,/scratchers/$1/pumpkin-spice-payday-1533,Pumpkin Spice Payday,6884316,3520978,58.0,27.0,60306608.16,30843767.279999997,53422292.16,27322789.279999997,1142361.751111111,1142361.751111111,0.0,8.76,-9.078009171372956e-09,19.07,18.674152849927047,0.021035561945619275,0.11415525217785492,0.11415525144441882,-7.33436103517171e-10,0.05244670665551325,0.05354995260220903,0.00110324594669578,0.020327372604086444,0.00927189015121803,16.398173408811335,35.950159030925704,23.0,0.18,-0.04926104481791884,0.17827734854824964,-0.04926104481791884,0.48,0.47937492433475926,0.9999999932739642,https://static.www.calottery.com/-/media/Project/calottery/PWS/Scratchers/1533-1-Pumpkin-Spice-Payout--thumbnail.jpg?rev=044c9949767144449879040f0b5e520d,,,,2023-07-30,314,51.0,61.333333333333336,3.0,56.333333333333336,39.166666666666664,42.16666666666667,27.0,6.0,/california-statistics-for-each-scratcher-game
44,2,1534,30000.0,7.13,,,,09/19/2022,,,2023-07-30,/scratchers/$2/papel-picado-1534,Papel Picado,3208418,1260278,22.0,7.0,22876020.34,8985782.14,19667602.34,7725504.140000001,1283683.162857143,1283683.162857143,0.0,7.13,-1.558016847840553e-08,12.41,12.212671997471622,0.01604104488471818,0.14025245660310923,0.14025245650248602,-1.0062320421333482e-10,0.08058942449304914,0.08188216306857574,0.0012927385755266002,0.01676140076893884,0.0101802886808788,19.88664778504738,32.741533439849,14.0,0.23,-0.028441750576837125,0.22980114585464012,-0.028441750576837125,0.37,0.3628754890804382,0.9999999995358761,https://static.www.calottery.com/-/media/Project/calottery/PWS/Scratchers/1534-2-Papel-Picadot-thumbnail.jpg?rev=f1349b577b404bf0bfe3074e1322e260,,,,2023-07-30,314,59.666666666666664,60.333333333333336,12.0,44.0,43.0,43.8,36.0,5.0,/california-statistics-for-each-scratcher-game
45,5,1535,250000.0,7.42,,,,09/19/2022,,,2023-07-30,/scratchers/$5/space-invaders-cash-invasion-1535,Space Invaders&trade; Cash Invasion,4370846,2438934,17.0,9.0,32431677.32,18096890.28,28060831.32,15657956.280000001,2010765.586666667,2010765.586666667,0.0,7.42,-1.5472271562188782e-08,11.71,11.548377114956494,0.01424918435772513,0.13477089157308245,0.13477089081764104,-7.554414038768442e-10,0.08537571925341868,0.08659225361673403,0.0012165343633153552,0.016522330533737525,0.011605980515742367,20.17454955050501,28.720290941945915,14.0,0.3,-0.004592287714129199,0.3031823147513192,-0.004592287714129199,0.55,0.5520438021504415,0.9999999929235182,https://static.www.calottery.com/-/media/Project/calottery/PWS/Scratchers/1535-5-Space-Invadors-Cash-Invasion-thumbnail.jpg?rev=1f03b68985b2460c9257b9007cccbdd8,,,,2023-07-30,314,61.0,57.666666666666664,58.0,64.66666666666667,57.666666666666664,59.8,88.0,18.0,/california-statistics-for-each-scratcher-game
46,10,1536,100.0,8.13,,,,09/19/2022,,,2023-07-30,/scratchers/$10/$50-or-$100-1536,$50 or $100!,1862460,95732,348275.0,16989.0,15141799.8,778301.16,13279339.8,682569.16,45.812064276885046,45.812064276885046,0.0,8.13,-2.0557594953933773e-07,8.13,8.129999570460575,-1.5274207984177838e-07,0.12300125529839998,0.12300123651093242,-1.878746755390459e-08,0.12300125529839998,0.12300123651093242,-1.878746755390459e-08,0.05610512149591746,0.05610512149591746,5.940859563512795,5.940859563512795,15.0,0.6,-0.00096585719993067,0.601146600094308,-0.00096585719993067,0.05,0.05039198541990622,0.9999999917235111,https://static.www.calottery.com/-/media/Project/calottery/PWS/Scratchers/1536-10-50-or-100--thumbnail.jpg?rev=40661bad4d924b32bae8cb2e371f63b8,,,,2023-07-30,314,31.333333333333332,31.333333333333332,89.0,19.0,39.0,41.93333333333333,26.0,6.0,/california-statistics-for-each-scratcher-game
47,20,1537,2000000.0,5.29,,,,09/19/2022,,,2023-07-30,/scratchers/$20/instant-prize-crossword-1537,Instant Prize Crossword,12704684,5321309,32.0,13.0,67207778.36,28149724.61,54503094.36,22828415.61,2165363.4315384617,2165363.4315384617,0.0,5.29,-2.1669839038066127e-08,9.06,9.018897502967034,0.0048285670383441245,0.18903592092057456,0.18903591783677182,-3.0838027409441082e-09,0.11034548686871673,0.11087829744944104,0.0005328105807243105,0.02631835582691038,0.0187175717727695,12.665401370407814,17.80847570983887,11.0,0.27,0.0005298287947459183,0.2732762584102068,0.0005298287947459183,0.44,0.44562914254517544,0.9999999882427487,https://static.www.calottery.com/-/media/Project/calottery/PWS/Scratchers/1537-20-Instant-Prize-Crossword--thumbnail.jpg?rev=5df4ce582cc84e29ac592a58de910b98,,,,2023-07-30,314,42.333333333333336,41.0,47.0,47.666666666666664,44.5,44.5,38.0,2.0,/california-statistics-for-each-scratcher-game
48,1,1538,1000.0,8.76,,,,10/24/2022,03/13/2023,09/09/2023,2023-07-30,/scratchers/$1/oh-snap-1538,"Oh, Snap",6010089,2465606,51.0,19.0,52648379.64,21598708.56,46638290.64,19133102.56,1136774.134736842,1136774.134736842,0.0,8.76,-2.5927476097086838e-08,19.33,18.674134303968934,0.03518201734174204,0.11415525410131014,0.11415525252923742,-1.5720727220003283e-09,0.05173003866712768,0.05355000578460355,0.001819967117475868,0.020581949295142756,0.009300243789735273,16.195314596100353,35.840204663904835,24.0,0.17,-0.09084157539314751,0.1704616776151611,-0.09084157539314751,0.37,0.3657749937955005,0.9999999904203972,https://static.www.calottery.com/-/media/Project/calottery/PWS/Scratchers/1538-1-Oh-Snap-thumbnail.jpg?rev=b8f3dd4ce23d4d808359b18c79abb572,,,,2023-07-30,279,50.666666666666664,61.0,2.0,40.666666666666664,37.5,38.36666666666666,13.0,2.0,/california-statistics-for-each-scratcher-game
49,5,1539,100000.0,5.40,,,,10/24/2022,03/13/2023,09/09/2023,2023-07-30,/scratchers/$5/holiday-cash-1539,Holiday Cash,5045539,2644987,9.0,6.0,27245910.6,14282929.8,22200371.6,11637942.8,2380488.3000000003,2380488.3000000003,0.0,5.4,-5.6010917385644156e-08,8.38,8.31634763217118,0.0074770285597415345,0.18518519555757787,0.18518518926326924,-6.294308629861689e-09,0.11935269019400713,0.1202450936672697,0.000892403473262568,0.018675303528082846,0.012578564106792919,17.84876392768654,26.49969812358623,9.0,0.27,-0.0030847925567285303,0.2728474250624644,-0.0030847925567285303,0.52,0.5208207128248219,0.9999999625497971,https://static.www.calottery.com/-/media/Project/calottery/PWS/Scratchers/1539-5-Holiday-Cash-thumbnail.jpg?rev=09a20799836041afad08126e0057697a,,,,2023-07-30,279,57.666666666666664,56.0,46.0,49.0,38.166666666666664,49.36666666666666,59.0,8.0,/california-statistics-for-each-scratcher-game
50,10,1540,1000000.0,4.11,,,,10/24/2022,,,2023-07-30,/scratchers/$10/the-perfect-gift-1540,The Perfect Gift!,4499117,1840735,12.0,5.0,18491370.87,7565420.850000001,13992253.870000001,5724685.850000001,1513084.1700000002,1513084.1700000002,0.0,4.11,-1.12353300277858e-07,7.68,7.628487588021232,0.006695132067410809,0.24330902976966248,0.24330901388052914,-1.5889133342383843e-08,0.13021577123279343,0.13108758301845672,0.0008718117856632845,0.02640560748890728,0.022062587217132716,12.62349474525479,15.108301577300763,9.0,0.35,-0.0002842738247624019,0.3538754623008372,-0.0002842738247624019,0.4,0.39620415028292233,0.9999999547815319,https://static.www.calottery.com/-/media/Project/calottery/PWS/Scratchers/1540-10-The-Perfect-Gift-thumbnail.jpg?rev=3e032a50b56648daa6a33fe327a81871,,,,2023-07-30,279,41.333333333333336,38.0,75.0,31.666666666666668,42.5,45.7,45.0,11.0,/california-statistics-for-each-scratcher-game
51,20,1541,5000000.0,4.29,,,,10/24/2022,,,2023-07-30,/scratchers/$20/2023-1541,2023,5145419,2182915,5.0,1.0,22073847.51,9364705.35,16928428.51,7181790.35,9364705.35,9364705.35,0.0,4.29,-3.737437399192007e-08,6.17,6.129935029014227,0.005740382001098545,0.2331002418122087,0.23310023848584255,-3.3263661547433543e-09,0.16220276025779776,0.16313386606331012,0.0009311058055123667,0.023533056818553846,0.017892965848768934,14.164380470762865,18.629066197771625,7.0,0.29,-0.004527867012218801,0.2945386160055229,-0.004527867012218801,0.41,0.405088285045627,0.9999999894850987,https://static.www.calottery.com/-/media/Project/calottery/PWS/Scratchers/1541-20-2023-thumbnail.jpg?rev=1cc4c0c95c974a8f87b35126225cc992,,,,2023-07-30,279,46.0,43.0,55.0,44.0,46.166666666666664,46.83333333333333,48.0,4.0,/california-statistics-for-each-scratcher-game
52,2,1542,30000.0,7.13,,,,11/28/2022,,,2023-07-30,/scratchers/$2/tic-tac-bonus-1542,Tic-Tac-Bonus,4348328,1850047,30.0,16.0,31003578.64,13190835.11,26655250.64,11340788.11,824427.194375,824427.194375,0.0,7.13,-8.339123251991705e-09,12.34,12.213066630740759,0.010647904019821894,0.14025245558753482,0.1402524573131527,1.7256178708180414e-09,0.08101685753782835,0.08187951726087873,0.0008626597230503852,0.0166853021490936,0.010208446840673555,19.97744667170714,32.65170050863972,14.0,0.24,-0.011209654717289366,0.2382893880485959,-0.011209654717289366,0.41,0.40799988934615833,1.0000000091112011,https://static.www.calottery.com/-/media/Project/calottery/PWS/Scratchers/1542-2-Tic-Tac-Bonus-thumbnail.jpg?rev=39d11ec156594257903f3d4da03a1080,,,,2023-07-30,244,60.333333333333336,60.0,25.0,56.0,48.833333333333336,50.03333333333334,62.0,12.0,/california-statistics-for-each-scratcher-game
53,3,1543,20000.0,4.17,,,,11/28/2022,03/13/2023,09/09/2023,2023-07-30,/scratchers/$3/tripling-bonus-crossword-1543,Tripling Bonus Crossword,10988511,4721163,30.0,14.0,45822090.87,19687249.71,34833579.87,14966086.71,1406232.1221428572,1406232.1221428572,0.0,4.17,-3.6063950546917205e-08,5.3,5.213589850279401,0.016500212857076545,0.23980816212564793,0.23980815803032993,-4.09531800138474e-09,0.18869294536783682,0.19180641913103483,0.0031134737631980103,0.02722568542468598,0.02635795146165412,12.243308614873284,12.64636210667605,6.0,0.27,-0.011951864037652677,0.2715254765491444,-0.011951864037652677,0.42,0.4214380401317665,0.9999999871356201,https://static.www.calottery.com/-/media/Project/calottery/PWS/Scratchers/1543-3-Tripling-Bonus-Crossword-thumbnail.jpg?rev=ce7c38d052164f26b32854a5c98440c4,,,,2023-07-30,244,37.333333333333336,34.666666666666664,43.0,45.0,46.666666666666664,41.33333333333333,25.0,9.0,/california-statistics-for-each-scratcher-game
54,5,1544,77777.0,5.01,,,,11/28/2022,,,2023-07-30,/scratchers/$5/triple-777-1544,Triple 777,8159243,1259105,23.0,8.0,40877807.43,6308116.05,32718564.43,5049011.05,788514.50625,788514.50625,0.0,5.01,-7.92629674470208e-09,7.61,7.2044542764907,0.05614645125270623,0.1996007999852888,0.19960080050282542,5.175366246668034e-10,0.13142402581055898,0.13880301846916593,0.007378992658606948,0.023493232968049112,0.017530550221247228,14.188322977683672,19.013988957880088,9.0,0.27,-0.01395848245164715,0.271940370151722,-0.01395848245164715,0.17,0.17022699076024142,1.0000000004731326,https://static.www.calottery.com/-/media/Project/calottery/PWS/Scratchers/1544-5-Triple-777-thumbnail.jpg?rev=32eb44a417cc475cb3c8c750a9390f06,,,,2023-07-30,244,46.666666666666664,44.666666666666664,44.0,30.333333333333332,61.5,45.43333333333333,43.0,6.0,/california-statistics-for-each-scratcher-game
55,10,1545,1000000.0,4.13,,,,11/28/2022,,,2023-07-30,/scratchers/$10/winter-riches-1545,Winter Riches,3515547,856539,5.0,1.0,14519209.11,3537506.07,11003662.11,2680967.07,3537506.07,3537506.07,0.0,4.13,-1.9787951960350665e-08,8.93,8.707166592403842,0.02547621388490251,0.24213075539659862,0.24213075243975068,-2.9568479331665287e-09,0.11199472170506566,0.11484792318920405,0.002853201484138382,0.02719963358879105,0.019083791668535896,12.25489170999753,17.466059355837046,11.0,0.27,-0.0062198710747577695,0.2743798879775752,-0.0062198710747577695,0.22,0.2139293104013925,0.999999996066252,https://static.www.calottery.com/-/media/Project/calottery/PWS/Scratchers/1545-10-Winter-Riches-thumbnail.jpg?rev=e750069122f74fbb81354f242a8c3e4c,,,,2023-07-30,244,37.666666666666664,40.666666666666664,49.0,33.0,53.666666666666664,42.8,29.0,7.0,/california-statistics-for-each-scratcher-game
56,20,1546,5000000.0,4.29,,,,11/28/2022,,,2023-07-30,/scratchers/$20/year-of-fortune-1546,Year of Fortune,5081664,2550884,5.0,3.0,21800338.56,10943292.36,16718674.559999999,8392408.36,3647764.1199999996,3647764.1199999996,0.0,4.29,-3.2896863891341604e-08,6.15,6.129975396122429,0.0033591864475010927,0.2331002407685,0.23310023908803615,-1.6804638514056336e-09,0.16258663298027687,0.16313279179432907,0.0005461588140522056,0.023470827674956233,0.017923048749795438,14.201948142993919,18.59783197296231,7.0,0.33,0.0016783459193865182,0.3348643854152845,0.0016783459193865182,0.51,0.5113172199008997,0.9999999927335419,https://static.www.calottery.com/-/media/Project/calottery/PWS/Scratchers/1546-20-Year-of-Fortune-thumbnail.jpg?rev=05483a2890414599b703647621ea18ed,,,,2023-07-30,244,47.0,42.666666666666664,69.0,59.666666666666664,51.833333333333336,54.033333333333324,78.0,12.0,/california-statistics-for-each-scratcher-game
57,1,1547,888.0,8.15,,,,12/19/2022,,,2023-07-30,/scratchers/$1/year-of-the-rabbit-1547,Year of the Rabbit,5706445,2054838,52.0,14.0,46507526.75,16746929.700000001,40801081.75,14692091.700000001,1196209.2642857144,1196209.2642857144,0.0,8.15,-4.179870650009685e-08,15.52,15.064776478133695,0.03008190324999107,0.12269939163174334,0.12269938848176959,-3.1499737540574557e-09,0.06444148655553504,0.06638000911938424,0.0019385225638492015,0.020598675359823813,0.012840589505534857,16.182142903025408,25.95872372342579,19.0,0.21,-0.07944526152745154,0.20655572135046374,-0.07944526152745154,0.32,0.3160062113821725,0.9999999855536519,https://static.www.calottery.com/-/media/Project/calottery/PWS/Scratchers/1547-1-Year-of-the-Rabbit-thumbnail-2-tw.jpg?rev=3d48962a387d4812ad1778ed2808adb3,,,,2023-07-30,223,50.333333333333336,55.666666666666664,6.0,33.666666666666664,32.166666666666664,35.56666666666666,10.0,1.0,/california-statistics-for-each-scratcher-game
58,3,1548,30000.0,6.03,,,,12/19/2022,,,2023-07-30,/scratchers/$3/money-drop-multiplier-1548,Money Drop Multiplier,5419219,3527924,34.0,18.0,32677890.57,21273381.720000003,27258671.57,17745457.720000003,1181854.54,1181854.54,0.0,6.03,-3.384511259790677e-08,9.72,9.667788829787707,0.005753657986756548,0.16583748488310343,0.16583748216301603,-2.720087405316818e-09,0.10284453608949137,0.10343626837595696,0.000591732286465585,0.026943058239889735,0.02293386802553953,12.371727122876829,14.53444829037896,13.0,0.24,-0.005254732160995246,0.24107877664893354,-0.005254732160995246,0.64,0.6355528272488712,0.9999999694043211,https://static.www.calottery.com/-/media/Project/calottery/PWS/Scratchers/1548-3-Money-Drop-Multiplier-thumbnail.jpg?rev=697c400593db4308bea58e4ac69928bf,,,,2023-07-30,223,40.0,37.0,29.0,57.0,37.0,40.0,18.0,6.0,/california-statistics-for-each-scratcher-game
59,5,1549,75000.0,5.75,,,,12/19/2022,,,2023-07-30,/scratchers/$5/mega-crossword-1549,MEGA Crossword,8727502,2567096,27.0,13.0,50183136.5,14760802.0,41455634.5,12193706.0,1135446.3076923077,1135446.3076923077,0.0,5.75,0.0,8.95,8.641162423727307,0.035286820908976765,0.17391304347826086,0.17391304521104461,1.7327837498193333e-09,0.11178078264311113,0.11572517110130383,0.003944388458192699,0.022578569331471024,0.01769708121568462,14.763177040347689,18.835282728449418,11.0,0.28,-0.002365810493468736,0.28086820756758335,-0.002365810493468736,0.31,0.3145648140034055,1.000000004151882,https://static.www.calottery.com/-/media/Project/calottery/PWS/Scratchers/1549-5-Mega-Crossword-thumbnail.jpg?rev=47d82482de94498aa8cf8ceeff769549,,,,2023-07-30,223,48.333333333333336,44.0,51.0,46.0,66.25,51.11666666666667,70.0,12.0,/california-statistics-for-each-scratcher-game
60,20,1550,5000000.0,4.37,,,,12/19/2022,,,2023-07-30,/scratchers/$20/neon-cash-party-1550,Neon Cash Party,5597796,3215188,7.0,5.0,24462368.52,14050371.56,18864572.52,10835183.56,2810074.312,2810074.312,0.0,4.37,-3.9856597249640996e-08,6.29,6.278835442674083,0.0023095202677332473,0.22883296106558326,0.22883295680941437,-4.256168889549272e-09,0.15889822411095053,0.15926520278004158,0.00036697866909105037,0.023208564556283874,0.017829415692231766,14.362449840605226,18.695539313538045,7.0,0.35,0.002724097282605312,0.34563210110252607,0.002724097282605312,0.59,0.5894528858705198,0.9999999749011375,https://static.www.calottery.com/-/media/Project/calottery/PWS/Scratchers/1550-20-Neon-Cash-Party-thumbnail.jpg?rev=7eecdfdf28b7464f8208d6474848a00a,,,,2023-07-30,223,47.333333333333336,43.666666666666664,71.0,56.0,45.0,52.6,73.0,10.0,/california-statistics-for-each-scratcher-game
61,2,1551,20000.0,6.92,,,,01/23/2023,,,2023-07-30,/scratchers/$2/x-the-money-1551,X the Money,5460589,2751411,37.0,17.0,37787275.88,19039764.12,32326686.880000003,16288353.120000001,1119986.1247058825,1119986.1247058825,0.0,6.92,-6.30259903354958e-09,11.83,11.708383825958544,0.010582070599031502,0.14450867143101143,0.14450867388558714,2.4545757093541454e-09,0.08451454545339952,0.08540888434003246,0.0008943388866329421,0.020178514095036435,0.013037916215311049,16.51912179818917,25.566051492548375,14.0,0.24,-0.012941991977095736,0.23793459309684722,-0.012941991977095736,0.49,0.4832525359255325,1.0000000172504513,https://static.www.calottery.com/-/media/Project/calottery/PWS/Scratchers/1551-2-X-The-Money-thumbnail.jpg?rev=e135d2d5ab914cbf9a8ca87227f89ed1,,,,2023-07-30,188,52.0,55.0,22.0,66.66666666666667,49.333333333333336,49.00000000000001,58.0,11.0,/california-statistics-for-each-scratcher-game
62,3,1552,30000.0,6.08,,,,01/23/2023,,,2023-07-30,/scratchers/$3/$30000-lucky-win-1552,"$30,000 Lucky Win",5474109,2891850,34.0,20.0,33282582.72,17582448.0,27808473.72,14690598.0,879122.4,879122.4,0.0,6.08,0.0,9.88,9.775714110741907,0.0102171276039465,0.16447368421052633,0.16447368776857516,3.5580488277897615e-09,0.10125973357066093,0.10229431718969399,0.0010345836190330665,0.02691661090707994,0.022810616963601583,12.383873550748588,14.612958429039443,13.0,0.24,-0.00469600049203977,0.24140946319496204,-0.00469600049203977,0.53,0.5259907654581134,1.0000000242265434,https://static.www.calottery.com/-/media/Project/calottery/PWS/Scratchers/1552330000LuckyWinthumbnail.jpg?rev=62f7920b1a2e4e8095281f6f7d1b261b,,,,2023-07-30,188,40.666666666666664,37.333333333333336,31.0,72.33333333333333,55.083333333333336,47.28333333333333,49.0,11.0,/california-statistics-for-each-scratcher-game
63,5,1553,250000.0,5.24,,,,01/23/2023,,,2023-07-30,/scratchers/$5/get-into-the-music-1553,Get into the Music,4585185,2296891,14.0,8.0,24026369.400000002,12035708.84,19441184.400000002,9738817.84,1504463.605,1504463.605,0.0,5.24,-6.979231645535918e-08,7.32,7.299264646685594,0.0032907034709402034,0.19083970797563385,0.19083969783365934,-1.0141974510213814e-08,0.13655075380692186,0.1370001018464338,0.0004493480395119376,0.019879383173435305,0.016551979243368188,16.76766814337709,20.138331733925103,8.0,0.32,0.0008201466845419002,0.31549128642868374,0.0008201466845419002,0.51,0.5087876363510403,0.9999999466564014,https://static.www.calottery.com/-/media/Project/calottery/PWS/Scratchers/1553-5-Get-into-the-Music-thumbnail.jpg?rev=8e0a302174974771b053d501fac66287,,,,2023-07-30,188,54.333333333333336,46.666666666666664,67.0,43.333333333333336,39.5,50.16666666666667,65.0,10.0,/california-statistics-for-each-scratcher-game
64,10,1554,750000.0,7.79,,,,01/23/2023,,,2023-07-30,/scratchers/$10/mystery-crossword-1554,Mystery Crossword,18524497,6169310,52.0,20.0,144305831.63,48058924.9,125781334.63,41889614.9,2402946.245,2402946.245,0.0,7.79,-1.8727010642533293e-08,17.86,17.493462764371852,0.021018911974705647,0.12836970715365995,0.12836970531010627,-1.843553670832776e-09,0.05598741661382182,0.05716421119531892,0.0011767945814971023,0.021809814893637203,0.010399140861978197,15.283600946285905,32.0535481579018,22.0,0.22,0.0008407344049946149,0.21592008593450823,0.0008407344049946149,0.38,0.3795653626700817,0.9999999928289871,https://static.www.calottery.com/-/media/Project/calottery/PWS/Scratchers/1554-10-Mystery-Crossword-thumbnail.jpg?rev=3f3c6dd8a1fe4bbc82c2ce5555b05eb5,,,,2023-07-30,188,49.0,58.333333333333336,7.0,43.666666666666664,38.166666666666664,39.233333333333334,16.0,4.0,/california-statistics-for-each-scratcher-game
65,1,1555,1000.0,8.52,,,,02/20/2023,,,2023-07-30,/scratchers/$1/the-lucky-spot-1555,The Lucky Spot!,6440068,3176898,125.0,62.0,54869379.36,27067170.959999997,48429311.36,23890272.959999997,436567.27354838705,436567.27354838705,0.0,8.52,-3.546731943088632e-08,15.45,15.17370983290755,0.0185255543926855,0.11737089618161041,0.11737089278885406,-3.3927563536373384e-09,0.06470476965268257,0.06590346138234952,0.0011986917296669536,0.017036144298736514,0.010340145846384893,19.56612215354686,32.236218219156875,18.0,0.23,-0.055337291492669714,0.22703308103506942,-0.055337291492669714,0.47,0.46211837506418385,0.9999999718579448,https://static.www.calottery.com/-/media/Project/calottery/PWS/Scratchers/1555-1-The-Lucky-Spot-thumbnail.jpg?rev=f5454020afe041b7a8ca068f6f66ea81,,,,2023-07-30,160,59.333333333333336,58.666666666666664,11.0,42.666666666666664,33.833333333333336,41.1,21.5,5.0,/california-statistics-for-each-scratcher-game
66,3,1556,30000.0,5.99,,,,02/20/2023,,,2023-07-30,/scratchers/$3/loteria-1556,LOTERIAâ„¢,8115729,3839393,50.0,30.0,48613216.71,22997964.07,40497487.71,19158571.07,766598.8023333333,766598.8023333333,0.0,5.99,-3.0437477061125827e-09,9.72,9.575545583850014,0.015238380590019873,0.16694490868843867,0.16694491061854455,1.930105880676436e-09,0.10286519276228104,0.10443269171905846,0.0015674989567774217,0.02534447909028666,0.020528523684341306,13.152063228177871,16.237458209305135,12.0,0.24,-0.006992365522375977,0.23943365885200393,-0.006992365522375977,0.48,0.48044437682815405,1.0000000103800324,https://static.www.calottery.com/-/media/Project/calottery/PWS/Scratchers/1556-3-LOTERIA-thumbnail.jpg?rev=406f38b83b9f4f1c8929fffa0388fe89,,,,2023-07-30,160,43.333333333333336,38.666666666666664,27.0,65.0,54.166666666666664,45.63333333333333,44.0,10.0,/california-statistics-for-each-scratcher-game
67,5,1557,75000.0,5.31,,,,02/20/2023,,,2023-07-30,/scratchers/$5/jokers-wild-poker-1557,Joker's Wild Poker,11001926,5265266,33.0,18.0,58420227.059999995,27958562.459999997,47418301.059999995,22693296.459999997,1553253.4699999997,1553253.4699999997,0.0,5.31,-1.6452920298403635e-08,7.82,7.7763128733151445,0.005782455634384726,0.1883239202359549,0.18832391733089296,-2.9050619410053713e-09,0.12785632537181277,0.12859564890085073,0.0007393235290379663,0.020960748799607173,0.016078448343689516,15.902691728854395,20.731565199667173,9.0,0.29,-0.0009252328169906723,0.287541290571382,-0.0009252328169906723,0.5,0.4975374842837936,0.9999999858416998,https://static.www.calottery.com/-/media/Project/calottery/PWS/Scratchers/15575JokersWildPokerthumbnail.jpg?rev=6c4d8920a15f433480897dc5ae59100b,,,,2023-07-30,160,50.0,49.0,53.0,52.0,49.0,50.6,69.0,11.0,/california-statistics-for-each-scratcher-game
68,10,1558,1000000.0,4.13,,,,02/20/2023,,,2023-07-30,/scratchers/$10/diamond-8s-1558,Diamond 8's,5636549,1873542,8.0,1.0,23278947.37,7737728.46,17642398.37,5864186.46,7737728.46,7737728.46,0.0,4.13,-5.944897154590454e-08,8.79,8.707712846439945,0.0097522832057607,0.24213076499975186,0.24213075445379897,-1.0545952888740828e-08,0.11373157598716316,0.11484071852562747,0.0011091425384643083,0.026968541633789454,0.019226856206326463,12.359998505542183,17.336519453415193,11.0,0.27,-0.007268482035925448,0.2713260921035218,-0.007268482035925448,0.35,0.3497905089839341,0.9999999783147592,https://static.www.calottery.com/-/media/Project/calottery/PWS/Scratchers/155810Diamond8sthumbnail.jpg?rev=3b13f1bbee0b429ab9d5dd4ab61c1019,,,,2023-07-30,160,39.333333333333336,40.333333333333336,42.0,31.666666666666668,36.5,37.96666666666667,12.0,2.0,/california-statistics-for-each-scratcher-game
69,30,1559,7000000.0,3.73,,,,02/20/2023,,,2023-07-30,/scratchers/$30/crosswordxtreme-1559,Crossword&nbsp;Xtreme,9087539,5703109,5.0,5.0,33896520.47,21272596.57,24808981.47,15569487.57,4254519.314,4254519.314,0.0,3.73,-2.6795036371417417e-08,5.13,5.122147037636837,0.0014575165644599185,0.2680965219289644,0.26809651846266225,-3.466302134214061e-09,0.19494649360143915,0.19523063134504662,0.000284137743607471,0.02616232946949413,0.02202926962338307,12.740936889589824,15.131328581943686,6.0,0.34,0.0024612888486085483,0.33856782218775744,0.0024612888486085483,0.67,0.6763645269612475,0.9999999782128027,https://static.www.calottery.com/-/media/Project/calottery/PWS/Scratchers/1559-30-Crossword-Xtreme-thumbnail.jpg?rev=76f0da644b854969a6a9e85bcfef8d80,,,,2023-07-30,160,42.666666666666664,38.333333333333336,70.0,61.666666666666664,48.0,52.133333333333326,71.0,3.0,/california-statistics-for-each-scratcher-game
70,2,1560,20000.0,7.11,,,,03/20/2023,,,2023-07-30,/scratchers/$2/uno-1560,UNO&trade;,4766708,2879827,34.0,21.0,33891293.88,20475569.970000003,29124585.880000003,17595742.970000003,975027.1414285715,975027.1414285715,0.0,7.11,-4.7373528634858215e-08,11.77,11.66045292714714,0.00968816077109831,0.14064698275295792,0.140646979741965,-3.0109929272104097e-09,0.0849370779390795,0.0857599620055806,0.0008228840665011061,0.019162966415615507,0.013521560931638848,17.39455743562768,24.651636755098448,14.0,0.25,-0.013889026339183663,0.25111021334742883,-0.013889026339183663,0.59,0.5911267190067598,0.9999999673260839,https://static.www.calottery.com/-/media/Project/calottery/PWS/Scratchers/1560-2-UNO-thumbnail.jpg?rev=b7a80bf1f04d495daae0420acd0c2d9a,,,,2023-07-30,132,57.0,53.666666666666664,36.0,54.666666666666664,37.333333333333336,47.733333333333334,51.0,9.0,/california-statistics-for-each-scratcher-game
71,5,1561,200000.0,5.22,,,,03/20/2023,,,2023-07-30,/scratchers/$5/magic-8-ball-1561,MAGIC 8 BALLâ„¢,5595401,2420733,17.0,9.0,29207993.22,12636226.26,23612592.22,10215493.26,1404025.14,1404025.14,0.0,5.22,-2.0575763145228903e-08,7.35,7.262539059654134,0.012251428733688556,0.19157088516777082,0.1915708826690009,-2.498769913206189e-09,0.13602637369733653,0.13769289112059155,0.0016665174232550206,0.020072378657599914,0.01650117690427152,16.606454686888675,20.200341943833486,8.0,0.31,-0.0015095088176923638,0.3111335457279729,-0.0015095088176923638,0.45,0.4510978942789915,0.9999999900540716,https://static.www.calottery.com/-/media/Project/calottery/PWS/Scratchers/1561-5-Magic-8-Ball-thumbnail.jpg?rev=491591e298d64c7e80f99fe20b04daef,,,,2023-07-30,132,53.0,47.333333333333336,66.0,50.333333333333336,58.166666666666664,54.966666666666676,81.0,16.0,/california-statistics-for-each-scratcher-game
72,10,1562,1000000.0,6.12,,,,03/20/2023,,,2023-07-30,/scratchers/$10/xtreme-multiplier-1562,Xtreme Multiplier,5164206,2109340,14.0,7.0,31604940.72,12909160.8,26440734.72,10799820.8,1844165.8285714288,1844165.8285714288,0.0,6.12,-6.197149547339379e-08,11.47,11.366626829749869,0.009077110466006955,0.1633987029365195,0.16339869653288377,-6.4036357327879045e-09,0.08718545590882754,0.08797684792314113,0.0007913920143135939,0.024253527975730643,0.014818944592914864,13.743615436082441,22.49328010340269,14.0,0.25,0.004615217010935064,0.24913526519153845,0.004615217010935064,0.45,0.4498932226942701,0.9999999729397112,https://static.www.calottery.com/-/media/Project/calottery/PWS/Scratchers/1562-10-Xtreme-Multiplier-thumbnail.jpg?rev=b17108bf9e7c48b19b8920902ec58310,,,,2023-07-30,132,44.333333333333336,52.333333333333336,35.0,40.666666666666664,33.166666666666664,41.1,21.5,5.0,/california-statistics-for-each-scratcher-game
73,20,1563,5000000.0,4.96,,,,03/20/2023,,,2023-07-30,/scratchers/$20/premier-7s-1563,Premier 7's,4592316,1728040,5.0,3.0,22777887.36,8571078.4,18185571.36,6843038.4,2857026.1333333333,2857026.1333333333,0.0,4.96,-4.66685733068936e-08,7.43,7.419596587971907,0.001925985997199214,0.20161291263479342,0.2016129064122585,-6.222534904010146e-09,0.13451913516596162,0.13477821713664662,0.00025908197068499894,0.023732561935644884,0.01810287406747693,14.045286174619136,18.412988388440194,9.0,0.36,0.00644649946936553,0.364000829300585,0.00644649946936553,0.42,0.4195023932551123,0.9999999813796466,https://static.www.calottery.com/-/media/Project/calottery/PWS/Scratchers/1563-20-Premier-7s-thumbnail.jpg?rev=54736430cec54ddb9c7b99a257ee14a3,,,,2023-07-30,132,45.333333333333336,42.333333333333336,79.0,41.666666666666664,44.5,50.56666666666667,67.0,9.0,/california-statistics-for-each-scratcher-game
74,1,1564,100.0,9.32,,,,04/24/2023,,,2023-07-30,/scratchers/$1/$100-crossword-express-1564,$100 Crossword Express,5025345,2740607,34652.0,16557.0,46836215.4,25542457.240000002,41810870.4,22801850.240000002,1542.6983898049166,1542.6983898049166,0.0,9.32,-9.396120314808044e-09,18.77,18.00876864129317,0.04224081246700537,0.10729613834722321,0.1072961382554077,-9.181551352543948e-11,0.053277999058587044,0.055528505025438116,0.0022505059668510713,0.019723753592995007,0.010842009295365973,16.899991994778457,30.743914129908386,24.0,0.2,-0.085024853055588,0.2004313054143538,-0.085024853055588,0.51,0.5045497102688792,0.9999999989735392,https://static.www.calottery.com/-/media/Project/calottery/PWS/Scratchers/1564100ExpressCrosswordthumbnail.jpg?rev=24476729c7c54cfda6f24892012b7531,,,,2023-07-30,97,55.666666666666664,58.0,4.0,63.0,43.166666666666664,44.766666666666666,41.0,8.0,/california-statistics-for-each-scratcher-game
75,2,1565,30000.0,6.95,,,,04/24/2023,,,2023-07-30,/scratchers/$2/greetings-from-california-1565,Greetings from California,5011549,3353781,25.0,18.0,34830265.550000004,23308777.95,29818716.550000004,19954996.95,1294932.1083333334,1294932.1083333334,0.0,6.95,-4.0757177457136494e-08,11.83,11.78298797115947,0.004252731938659001,0.14388489795067325,0.1438848943583978,-3.5922754493267206e-09,0.08450872390258828,0.08486811685182412,0.00035939294923584275,0.019481420566527612,0.013134854990853746,17.110232367487313,25.377443385169247,14.0,0.24,-0.008441471879899862,0.24014627622890722,-0.008441471879899862,0.66,0.6606591383744576,0.9999999494913986,https://static.www.calottery.com/-/media/Project/calottery/PWS/Scratchers/1565-2-Greetings-from-California-thumbnail.jpg?rev=6a18e9a764c34c57bf3cf89463db0b54,,,,2023-07-30,97,56.333333333333336,54.666666666666664,28.0,53.666666666666664,30.833333333333332,44.7,40.0,7.0,/california-statistics-for-each-scratcher-game
76,5,1566,250000.0,5.24,,,,04/24/2023,,,2023-07-30,/scratchers/$5/greetings-from-california-1566,Greetings from California,5577713,3908509,17.0,12.0,29227216.12,20480587.16,23649503.12,16572078.16,1706715.5966666667,1706715.5966666667,0.0,5.24,-7.812276016933823e-09,7.31,7.299313079951699,0.0015577189095886722,0.19083969614738094,0.19083969544003096,-7.073499841414588e-10,0.13678611848381103,0.13699919280714248,0.0002130743233314525,0.019850298050290274,0.01657293449665237,16.792286965929705,20.112970352190207,8.0,0.31,-0.0017934109207719158,0.31106496117518506,-0.0017934109207719158,0.7,0.7016057252941256,0.9999999913210474,https://static.www.calottery.com/-/media/Project/calottery/PWS/Scratchers/1566-5-Greetings-from-California-thumbnail.jpg?rev=4c5194bfad704e1eb5a9ddd83e85ec61,,,,2023-07-30,97,54.666666666666664,46.333333333333336,65.0,69.66666666666667,54.333333333333336,58.0,84.0,17.0,/california-statistics-for-each-scratcher-game
77,10,1567,1000000.0,4.43,,,,04/24/2023,,,2023-07-30,/scratchers/$10/show-me-$1000000-1567,"Show Me $1,000,000",4910883,2572837,7.0,2.0,21755211.689999998,11397667.91,16844328.689999998,8824830.91,5698833.955,5698833.955,0.0,4.43,-7.98408943673881e-08,5.63,5.606940889936985,0.004425370704816329,0.2257336523342891,0.22573364147100206,-1.0863287047691017e-08,0.1775645840504026,0.17835037315887214,0.0007857891084695479,0.025428535245985845,0.024737350772755063,13.108566096334522,13.474810501275758,7.0,0.35,-0.0044785385163626686,0.3467059969377943,-0.0044785385163626686,0.56,0.5578422353489061,0.9999999470429057,https://static.www.calottery.com/-/media/Project/calottery/PWS/Scratchers/156710ShowMe1000000thumbnail.jpg?rev=89dd1ae5e74f4fadb0151f213abae9d9,,,,2023-07-30,97,43.0,36.0,72.0,49.333333333333336,42.666666666666664,48.6,54.0,13.0,/california-statistics-for-each-scratcher-game
78,20,1568,200.0,7.94,,,,04/24/2023,,,2023-07-30,/scratchers/$20/win-$100-or-$200-1568,Win $100 or $200,1943927,1161787,401129.0,240270.0,15434780.38,9224588.780000001,13490853.38,8062801.780000001,38.392594914055024,38.392594914055024,0.0,7.94,-8.455661483060454e-08,7.94,7.939999804519409,-5.993689442793399e-08,0.12594459503232014,0.12594458748359225,-7.548727892769946e-09,0.12594459503232014,0.12594458748359225,-7.548727892769946e-09,0.05222069249737679,0.05222069249737679,6.38313063233427,6.38313063233427,14.0,0.63,2.290199109347976e-05,0.634011838794318,2.290199109347976e-05,0.6,0.5981434001277632,0.9999999109700327,https://static.www.calottery.com/-/media/Project/calottery/PWS/Scratchers/1568-20-Win-100-or-200-thumbnail.jpg?rev=45ef1789d49b41e280e62075729bbece,,,,2023-07-30,97,32.333333333333336,32.333333333333336,92.0,49.666666666666664,44.0,50.06666666666667,63.0,8.0,/california-statistics-for-each-scratcher-game
79,2,1569,17000.0,6.47,,,,05/22/2023,,,2023-07-30,/scratchers/$2/wild-cherries-1569,Wild Cherries,4856955,3893469,34.0,31.0,31424498.849999998,25190744.43,26567543.849999998,21297275.43,812604.6590322581,812604.6590322581,0.0,6.47,-1.706976143810035e-08,9.87,9.816514311722495,0.004962529277712096,0.15455950804787663,0.15455950959025663,1.5423800014957578e-09,0.10136612082596687,0.10186915316833382,0.0005030323423669547,0.018385416471407786,0.013508621512262708,18.130227382137853,24.67536098330726,11.0,0.27,-0.003012865004172843,0.27217628030359087,-0.003012865004172843,0.81,0.8086348083435181,1.0000000403261704,https://static.www.calottery.com/-/media/Project/calottery/PWS/Scratchers/1569-2-Wild-Cherries-Thumbnail.jpg?rev=ab44caf439304922ae8ce9f2e060ed0b,,,,2023-07-30,69,58.333333333333336,54.0,45.0,85.33333333333333,50.5,58.63333333333334,87.0,14.0,/california-statistics-for-each-scratcher-game
80,3,1570,20000.0,4.17,,,,05/22/2023,,,2023-07-30,/scratchers/$3/bee-lucky-crossword-1570,Bee Lucky Crossword,5539773,4086912,15.0,10.0,23100853.41,17042423.04,17561080.41,12955511.04,1704242.304,1704242.304,0.0,4.17,-2.347084104475115e-09,5.23,5.213402644203373,0.003581345240231602,0.23980815404006814,0.23980815773339625,3.693328115561556e-09,0.19112880838599067,0.19181330663417492,0.0006844982481842565,0.027163356485224655,0.02653426244411595,12.271397043480995,12.562325728045769,6.0,0.28,-0.0033852735492577862,0.278712774586102,-0.0033852735492577862,0.74,0.7348066151441732,1.0000000433236649,https://static.www.calottery.com/-/media/Project/calottery/PWS/Scratchers/1570-3-Bee-Lucky-Crossword-Thumbnail.jpg?rev=1da67dd1a521427a9824e4e2bd9abd59,,,,2023-07-30,69,38.0,34.333333333333336,50.0,83.66666666666667,57.833333333333336,52.766666666666666,74.0,13.0,/california-statistics-for-each-scratcher-game
81,5,1571,250000.0,7.42,,,,05/22/2023,,,2023-07-30,/scratchers/$5/triple-play-1571,Triple Play,4407470,3257491,17.0,12.0,32703427.4,24170583.22,28295957.4,20913092.22,2014215.2683333333,2014215.2683333333,0.0,7.42,-9.101973203292565e-09,11.6,11.54957391129303,0.004031622448404484,0.13477089071455164,0.13477089113627144,4.217197979716758e-10,0.08623561128004235,0.08658328070633087,0.00034766942628851327,0.016380287181597862,0.01171421751845581,20.34953644619131,28.455061744561988,13.0,0.31,-0.0023818802898100894,0.30713127606396584,-0.0023818802898100894,0.75,0.7466461410435554,1.0000000088638257,https://static.www.calottery.com/-/media/Project/calottery/PWS/Scratchers/1571-5-Trple-Play-Thumbnail.jpg?rev=47ea3690e8e446128edf806866ef8fd5,,,,2023-07-30,69,61.333333333333336,57.0,61.0,81.66666666666667,54.666666666666664,63.13333333333334,91.0,19.0,/california-statistics-for-each-scratcher-game
82,10,1572,1000000.0,4.11,,,,05/22/2023,,,2023-07-30,/scratchers/$10/cloud-9-1572,Cloud 9,4429129,2979686,12.0,7.0,18203720.19,12246509.46,13774591.190000001,9266823.46,1749501.3514285716,1749501.3514285716,0.0,4.11,-3.756172339911537e-08,7.66,7.633211101117282,0.003590474817186861,0.2433090115721958,0.24330900497261,-6.5995858222756e-09,0.13053777202956368,0.1310064646127275,0.00046869258316381557,0.026387594673929978,0.022084574119762015,12.63214492687921,15.093349067416812,9.0,0.35,-0.0018667637486500324,0.34808621787645766,-0.0018667637486500324,0.71,0.713870587354391,0.999999944239351,https://static.www.calottery.com/-/media/Project/calottery/PWS/Scratchers/1572-10-Cloud-9-Thumbnail.jpg?rev=0a3373481ded4c8e9d636756f02a6246,,,,2023-07-30,69,41.666666666666664,37.666666666666664,73.0,55.0,45.666666666666664,50.599999999999994,68.0,14.0,/california-statistics-for-each-scratcher-game
83,1,1573,5000.0,7.57,,,,06/19/2023,,,2023-07-30,/scratchers/$1/ladybug-bucks-1573,Ladybug Bucks,4853501,3834568,46.0,46.0,36741002.57,29027679.76,31887501.57,25193111.76,631036.5165217392,631036.5165217392,0.0,7.57,-2.6181906606054127e-08,12.66,12.587017979006221,0.0061117825606599105,0.13210039975982923,0.13210039835059478,-1.4092344513549904e-09,0.07896432229390438,0.07944693506181459,0.0004826127679102149,0.018608093415334023,0.012570782741754435,17.913268636359202,26.516206993085273,15.0,0.25,-0.009885795213733319,0.24781268250899424,-0.009885795213733319,0.8,0.7997124256103955,0.9999999598532942,https://static.www.calottery.com/-/media/Project/calottery/PWS/Scratchers/1573-1-Ladybug-Bucks-thumbnail.jpg?rev=0333b8404aa44189a7cda4064234f31f,,,,2023-07-30,41,58.0,56.333333333333336,34.0,60.666666666666664,41.5,50.1,64.0,9.0,/california-statistics-for-each-scratcher-game
84,2,1574,30000.0,6.62,,,,06/19/2023,,,2023-07-30,/scratchers/$2/fast-doubler-$$-1574,Fast Doubler $$,4229898,3575100,30.0,29.0,28001924.76,23667162.0,23772026.76,20092062.0,816109.0344827586,816109.0344827586,0.0,6.62,0.0,10.16,10.124107241637882,0.0035586655600822314,0.1510574018126888,0.15105740591253658,4.099847766836362e-09,0.09842388369167372,0.09877414137685682,0.0003502576851830974,0.021193131707702668,0.017598024741996208,15.728296858804399,18.94136573610303,12.0,0.29,0.001131464621662829,0.28546481407445473,0.001131464621662829,0.85,0.8554269447625178,1.0000001481858156,https://static.www.calottery.com/-/media/Project/calottery/PWS/Scratchers/1574-2-Fast-Doubler-thumbnail.jpg?rev=e1e5ca40b8ae4972b1f26bdfa54f7ec7,,,,2023-07-30,41,49.666666666666664,44.333333333333336,52.0,87.33333333333333,57.583333333333336,58.18333333333332,85.0,13.0,/california-statistics-for-each-scratcher-game
85,5,1575,500000.0,5.34,,,,06/19/2023,,,2023-07-30,/scratchers/$5/5-spot-1575,5 Spot,4849728,4122890,15.0,11.0,25897547.52,22016232.599999998,21047819.52,17893342.599999998,2001475.6909090907,2001475.6909090907,0.0,5.34,-2.725261897133952e-08,7.49,7.4767065539107165,0.001169266471183291,0.1872659227064831,0.18726592136313142,-1.3433516798944112e-09,0.13359252391599072,0.1337487291750064,0.00015620525901569038,0.01978431199679553,0.01650666924138409,16.848297338415257,20.193719269393167,9.0,0.31,-0.005514841125296611,0.3060732372369622,-0.005514841125296611,0.85,0.8506765777898991,0.9999999593093086,https://static.www.calottery.com/-/media/Project/calottery/PWS/Scratchers/1575-5-5-Spot-thumbnail.jpg?rev=3994840eef7e41c4909bdbdefa43cf7e,,,,2023-07-30,41,55.0,47.0,60.0,61.666666666666664,47.166666666666664,54.166666666666664,80.0,15.0,/california-statistics-for-each-scratcher-game
86,10,1576,1000000.0,4.13,,,,06/19/2023,,,2023-07-30,/scratchers/$10/$1000000-california-road-trip-riches-1576,"$1,000,000 California Road Trip Riches",5603351,4682621,8.0,7.0,23141839.63,19339224.73,17538488.63,14656603.73,2762746.39,2762746.39,0.0,4.13,-3.774711810273596e-08,8.73,8.708074648684956,0.002418484882281492,0.24213075974506526,0.24213075719695396,-2.5481113052894244e-09,0.11455888819530712,0.11483594713453844,0.0002770589392313283,0.02692350240275558,0.01943127304554212,12.380723986892908,17.154344523372664,11.0,0.3,0.0010512007748413048,0.2958057158860148,0.0010512007748413048,0.87,0.8817390593140234,0.9999999464788887,https://static.www.calottery.com/-/media/Project/calottery/PWS/Scratchers/1576101000000CaliforniaRoadTripthumbnail.jpg?rev=7b451aa3f4f745ca9ede4b7cb67b2056,,,,2023-07-30,41,40.333333333333336,39.333333333333336,56.0,60.666666666666664,42.166666666666664,47.7,50.0,12.0,/california-statistics-for-each-scratcher-game
87,20,1577,5000000.0,3.00,,,,06/19/2023,,,2023-07-30,/scratchers/$20/100x-1577,100X,8117217,6889576,8.0,7.0,24351651.0,20668728.0,16234434.0,13779152.0,2952675.4285714286,2952675.4285714286,0.0,3.0,0.0,5.99,5.992685973537502,0.0001073869128413281,0.3333333333333333,0.3333333333333333,0.0,0.16685216429380656,0.16687008203263096,1.7917738824396734e-05,0.046276441826833034,0.016028108343074228,7.2030815610073216,20.79667269869167,7.0,0.44,0.0005728718091925358,0.44292613217417154,0.0005728718091925358,0.87,0.87725005559527,1.0,https://static.www.calottery.com/-/media/Project/calottery/PWS/Scratchers/1577-20-100X-thumbnail.jpg?rev=eb3a4d38c609495ab017bb85bd734bf2,,,,2023-07-30,41,34.666666666666664,49.333333333333336,83.0,81.0,62.25,62.05,90.0,15.0,/california-statistics-for-each-scratcher-game
88,2,1578,20000.0,6.86,,,,07/24/2023,,,2023-07-30,/scratchers/$2/tic-tac-multiplier-1578,Tic Tac Multiplier,4360956,4302841,30.0,30.0,29916158.16,29517489.26,25555202.16,25214648.26,983916.3086666667,983916.3086666667,0.0,6.86,-8.80833727951911e-09,11.1,11.094456657825564,0.0003778555569491857,0.14577259603620077,0.1457725955318193,-5.043814810257174e-10,0.09010105839287345,0.09013510357847422,3.40451856007673e-05,0.019770341765742157,0.014641304969139872,16.860205612692106,22.76644606628944,13.0,0.25,-0.0003016942031747605,0.24726864470077384,-0.0003016942031747605,0.99,0.9879959132969877,0.9999997438170644,https://static.www.calottery.com/-/media/Project/calottery/PWS/Scratchers/1578-2-Tic-Tac-Multiplier-thumbnail.jpg?rev=eea28448d57c4a3594f340f66c9ad4b2,,,,2023-07-30,6,55.333333333333336,52.666666666666664,33.0,61.333333333333336,42.5,48.96666666666667,56.0,10.0,/california-statistics-for-each-scratcher-game
89,3,1579,20000.0,5.07,,,,07/24/2023,,,2023-07-30,/scratchers/$3/prize-box-bingo-1579,Prize Box Bingo,5601358,5552756,33.0,33.0,28398885.060000002,28152472.92,22797527.060000002,22599716.92,853105.2400000001,853105.2400000001,0.0,5.07,-3.2679189707123514e-08,7.13,7.12769388465031,0.0001012298778959728,0.19723866522272004,0.19723865919383807,-6.028881976982703e-09,0.1402836312207326,0.14029783211559185,1.4200894859262014e-05,0.019369726631739928,0.01581905600534494,17.20893157731254,21.07151999032995,8.0,0.27,-0.0001289885945292051,0.2655538739191358,-0.0001289885945292051,0.99,0.9920939543243592,0.9999965078116466,https://static.www.calottery.com/-/media/Project/calottery/PWS/Scratchers/1579-3-Prize-Box-Bingo-thumbnail.jpg?rev=9349f2fdf7344a3a8ccac65435e5566d,,,,2023-07-30,6,56.666666666666664,51.0,40.0,61.666666666666664,33.833333333333336,48.63333333333333,55.0,12.0,/california-statistics-for-each-scratcher-game
90,5,1580,250000.0,7.42,,,,07/24/2023,,,2023-07-30,/scratchers/$5/spicy-hot-cash-1580,Spicy Hot Cash,4346892,4269884,17.0,17.0,32253938.64,31682539.28,27907046.64,27412655.28,1863678.7811764707,1863678.7811764707,0.0,7.42,-8.837675485110129e-09,11.55,11.548406800876784,0.0003563930372069647,0.13477089067893203,0.13477089216206717,1.48313514247711e-09,0.08656118122351242,0.08659203102579288,3.0849802280463745e-05,0.01628254210985981,0.011685466955178187,20.471725663956512,28.525164422850057,13.0,0.31,0.0002364661204453129,0.31091343405274435,0.0002364661204453129,0.99,0.9862299792435609,1.0000006101900527,https://static.www.calottery.com/-/media/Project/calottery/PWS/Scratchers/1580-5-Spicy-Hot-Cash-thumbnail.jpg?rev=82df035e1e064ee7a78974d11b482e8f,,,,2023-07-30,6,61.666666666666664,57.333333333333336,64.0,90.66666666666667,54.833333333333336,65.7,92.0,20.0,/california-statistics-for-each-scratcher-game
91,10,1581,100.0,8.13,,,,07/24/2023,,,2023-07-30,/scratchers/$10/$50-or-$100-1581,$50 or $100,1874602,1824701,350482.0,341376.0,15240514.260000002,14834819.13,13365912.260000002,13010118.13,43.45595217589989,43.45595217589989,0.0,8.13,-8.763167258944552e-09,8.13,8.129999861303892,8.296624865387904e-09,0.12300123109018048,0.12300123211067553,1.020495049575132e-09,0.12300123109018048,0.12300123211067553,1.020495049575132e-09,0.0544313942535596,0.0544313942535596,6.123896313906687,6.123896313906687,15.0,0.61,1.2418513980974256e-05,0.6070639621555207,1.2418513980974256e-05,0.97,0.9736261860337936,1.0000003033779723,https://static.www.calottery.com/-/media/Project/calottery/PWS/Scratchers/1581-10-50-or-100-thumbnail.jpg?rev=2169fbf693a84177bdead4d736121713,,,,2023-07-30,6,31.666666666666668,31.666666666666668,90.0,89.66666666666667,63.166666666666664,61.233333333333334,89.0,17.0,/california-statistics-for-each-scratcher-game
