,price,gameNumber,topprize,overallodds,topprizeavail,extrachances,secondChance,startDate,endDate,lastdatetoclaim,dateexported,gameURL,gameName,Winning Tickets At Start,Winning Tickets Unclaimed,Photo,topprizestarting,topprizeremain,Total at start,Total remaining,Non-prize at start,Non-prize remaining,topprizeodds,Current Odds of Top Prize,Change in Current Odds of Top Prize,Current Odds of Any Prize,Change in Current Odds of Any Prize,Odds of Profit Prize,Starting Odds of Profit Prize,Change in Odds of Profit Prize,Probability of Winning Any Prize,Starting Probability of Winning Any Prize,Change in Probability of Any Prize,Probability of Winning Profit Prize,Starting Probability of Winning Profit Prize,Change in Probability of Profit Prize,StdDev of All Prizes,StdDev of Profit Prizes,Odds of Any Prize + 3 StdDevs,Odds of Profit Prize + 3 StdDevs,Max Tickets to Buy,Expected Value of Any Prize (as % of cost),Change in Expected Value of Any Prize,Expected Value of Profit Prize (as % of cost),Change in Expected Value of Profit Prize,Percent of Prizes Remaining,Percent of Profit Prizes Remaining,Ratio of Decline in Prizes to Decline in Losing Ticket,FAQ,About,Directory,Data Date,Days Since Start,Rank by Best Probability of Winning Any Prize,Rank by Best Probability of Winning Profit Prize,Rank by Least Expected Losses,Rank by Most Available Prizes,Rank by Best Change in Probabilities,Rank Average,Overall Rank,Rank by Cost,Stats Page
0,20,939,1000000,2.74,Top Prize Claimed,,,"May 9, 2024","September 30, 2025","March 31, 2026",07/22/2025,https://www.kylottery.com/apps/scratch_offs/prizes_remaining.html#game0,"$1,000,000 Casino Nights",26158,26158,https://www.kylottery.com/export/kylmod/galleries/images/KYLottery_ScratchOffs/KY939CV.jpg,0,0,71672.92000000001,71672.92000000001,45514.92000000001,45514.92000000001,inf,inf,,2.74,-1.283608927891825e-05,4.4,4.4019162265078,0.0,0.36496818841388545,0.36496818841388545,0.0,0.22717379171782565,0.22717379171782565,0.0,0.0621408681756202,0.0540278341992672,5.363056572752619,6.167322413162552,6.0,0.28,0.0,0.27666662015849985,0.0,1.0,1.0,,,,,07/22/2025,439,48.333333333333336,46.333333333333336,5.0,,,33.22222222222222,2.0,1.0,/kentucky-statistics-for-each-scratcher-game
1,20,848,1000000,3.57,,,,"March 30, 2023",TBD,TBD,07/22/2025,https://www.kylottery.com/apps/scratch_offs/prizes_remaining.html#game1,"$1,000,000 Luck",306374,306374,https://www.kylottery.com/export/kylmod/galleries/images/KYLottery_ScratchOffs/KY848CV-V7.jpg,1,1,1093755.18,1093755.18,787381.1799999999,787381.1799999999,1093755.18,1093755.18,0.0,3.57,-1.6457064917168346e-07,6.83,6.826710024529232,0.0,0.2801120909161558,0.2801120909161558,0.0,0.1464834446471102,0.1464834446471102,0.0,0.03904618547894285,0.016250371829671425,8.536660915827538,20.509725322255473,8.0,0.45,0.0,0.4479593236145206,0.0,1.0,1.0,,,,,07/22/2025,845,80.33333333333333,80.33333333333333,111.0,,82.83333333333333,88.62499999999999,124.0,16.0,/kentucky-statistics-for-each-scratcher-game
2,5,935,100000,3.40,,,,"May 9, 2024",TBD,TBD,07/22/2025,https://www.kylottery.com/apps/scratch_offs/prizes_remaining.html#game2,"$100,000 Casino Nights",264098,264098,https://www.kylottery.com/export/kylmod/galleries/images/KYLottery_ScratchOffs/KY935CV.jpg,1,1,897933.2,897933.2,633835.2,633835.2,897933.2,897933.2,0.0,3.4,-2.2273371774412667e-07,6.83,6.832700487760335,0.0,0.29411771256875513,0.29411771256875513,0.0,0.1463550175792626,0.1463550175792626,0.0,0.05235293737390236,0.0337346308014022,6.366888163993526,9.88029999074916,9.0,0.38,0.0,0.3813213235285929,0.0,1.0,1.0,,,,,07/22/2025,439,57.333333333333336,61.666666666666664,60.0,,64.33333333333333,60.83333333333333,55.0,12.0,/kentucky-statistics-for-each-scratcher-game
3,10,841,200000,3.27,,,,"June 9, 2022",TBD,TBD,07/22/2025,https://www.kylottery.com/apps/scratch_offs/prizes_remaining.html#game3,$1000 Loaded!,341960,341960,https://www.kylottery.com/export/kylmod/galleries/images/KYLottery_ScratchOffs/KY841CV-V5.jpg-resize.jpg,2,2,1118209.2,1118209.2,776249.2,776249.2,559104.6,559104.6,0.0,3.27,-1.788574088019751e-07,7.22,7.2159741357614395,0.0,0.3058104522499819,0.3058104522499819,0.0,0.13858142797992146,0.13858142797992146,0.0,0.056528943105408604,0.023627536170301167,5.896582656479829,14.106548690635217,9.0,0.42,0.0,0.41767460286941,0.0,1.0,1.0,,,,,07/22/2025,1139,51.333333333333336,72.66666666666667,93.0,,76.0,73.25,93.0,19.0,/kentucky-statistics-for-each-scratcher-game
4,20,974,1000,9.55,,,,"February 20, 2025",TBD,TBD,07/22/2025,https://www.kylottery.com/apps/scratch_offs/prizes_remaining.html#game4,"$100 or $1,000",11487,11487,https://www.kylottery.com/export/kylmod/galleries/images/KYLottery_ScratchOffs/KY974CV.jpg,609,609,109700.85,109700.85,98213.85,98213.85,180.13275862068966,180.13275862068966,0.0,9.55,-7.748344702977597e-06,9.55,9.549926003308087,0.0,0.10471285323609845,0.10471285323609845,0.0,0.10471285323609845,0.10471285323609845,0.0,0.066192156207882,0.066192156207882,5.033636684298515,5.033636684298515,26.0,0.67,0.0,0.6686690975387419,0.0,1.0,1.0,,,,,07/22/2025,152,45.666666666666664,44.666666666666664,125.0,,70.5,71.45833333333333,85.5,9.0,/kentucky-statistics-for-each-scratcher-game
5,1,710,5000,4.85,,,,"June 14, 2019",TBD,TBD,07/22/2025,https://www.kylottery.com/apps/scratch_offs/prizes_remaining.html#game5,$1 Break Fort Knox,1785936,1785936,https://www.kylottery.com/export/kylmod/galleries/images/KYLottery_ScratchOffs/1_BreakFortKnox_710.jpg,8,8,8661789.6,8661789.6,6875853.6,6875853.6,1082723.7,1082723.7,0.0,4.85,-6.926974989025824e-08,9.2,9.198942871070415,0.0,0.20618558129273296,0.20618558129273296,0.0,0.10870814331773725,0.10870814331773725,0.0,0.03601926303189622,0.02427131006168165,9.254259471962111,13.733435516462775,12.0,0.41,0.0,0.40589594135807283,0.0,1.0,1.0,,,,,07/22/2025,2230,83.33333333333333,70.66666666666667,85.0,,75.66666666666667,78.66666666666667,110.0,5.0,/kentucky-statistics-for-each-scratcher-game
6,30,810,2000000,3.12,,,,"February 17, 2022",TBD,TBD,07/22/2025,https://www.kylottery.com/apps/scratch_offs/prizes_remaining.html#game6,"$2,000,000 Diamond Dazzler",507874,507874,https://www.kylottery.com/export/kylmod/galleries/images/KYLottery_ScratchOffs/KY810.jpg,1,1,1584566.8800000001,1584566.8800000001,1076692.8800000001,1076692.8800000001,1584566.8800000001,1584566.8800000001,0.0,3.12,-5.553568051299752e-07,3.12,3.119998267286768,0.0,0.32051299851189535,0.32051299851189535,0.0,0.32051299851189535,0.32051299851189535,0.0,0.06883367009567705,0.06883367009567705,4.842545146272599,4.842545146272599,4.0,0.45,0.0,0.45078904886259075,0.0,1.0,1.0,,,,,07/22/2025,1251,44.666666666666664,44.333333333333336,113.0,,76.16666666666667,69.54166666666667,74.0,8.0,/kentucky-statistics-for-each-scratcher-game
7,10,793,200000,3.37,,,,"February 16, 2023",TBD,TBD,07/22/2025,https://www.kylottery.com/apps/scratch_offs/prizes_remaining.html#game7,"$200,000 Nest Egg ®",576778,576778,https://www.kylottery.com/export/kylmod/galleries/images/KYLottery_ScratchOffs/KY793CV-V7.jpg,1,1,1943741.86,1943741.86,1366963.86,1366963.86,1943741.86,1943741.86,0.0,3.37,-4.424455828417449e-07,7.73,7.732897040101846,0.0,0.29673603633405893,0.29673603633405893,0.0,0.1293176405704258,0.1293176405704258,0.0,0.052796350731144776,0.02237544198899738,6.313498565725659,14.89640200590705,9.0,0.41,0.0,0.4083679358515358,0.0,1.0,1.0,,,,,07/22/2025,887,56.333333333333336,73.66666666666667,89.0,,70.0,72.25,88.0,18.0,/kentucky-statistics-for-each-scratcher-game
8,10,978,225000,3.25,,,,"April 3, 2025",TBD,TBD,07/22/2025,https://www.kylottery.com/apps/scratch_offs/prizes_remaining.html#game8,"$225,000 PAYDAY!",246176,246176,https://www.kylottery.com/export/kylmod/galleries/images/KYLottery_ScratchOffs/$225000-gif.gif,1,1,800072.0,800072.0,553896.0,553896.0,800072.0,800072.0,0.0,3.25,0.0,6.41,6.408111939641018,0.0,0.3076923076923077,0.3076923076923077,0.0,0.15605220530152286,0.15605220530152286,0.0,0.04942194527511316,0.026808774110804102,6.7444573292380765,12.432502119736776,8.0,0.4,0.0,0.3966230539251467,0.0,1.0,1.0,,,,,07/22/2025,110,66.0,69.66666666666667,75.0,,74.0,71.16666666666667,84.0,17.0,/kentucky-statistics-for-each-scratcher-game
9,10,952,250000,2.99,Top Prize Claimed,,,"August 29, 2024","July 31, 2025","January 31, 2026",07/22/2025,https://www.kylottery.com/apps/scratch_offs/prizes_remaining.html#game9,"$250,000 Cash Blowout",62974,62974,https://www.kylottery.com/export/kylmod/galleries/images/KYLottery_ScratchOffs/KY952-CV_P1.jpg,0,0,188292.26,188292.26,125318.26000000001,125318.26000000001,inf,inf,,2.99,-1.3808321170986638e-06,4.75,4.74897223132992,0.0,0.3344486223525163,0.3344486223525163,0.0,0.2105718777218363,0.2105718777218363,0.0,0.05236470897399853,0.04414745319265796,6.364966957436348,7.549016848072529,6.0,0.34,0.0,0.34391264631529755,0.0,1.0,1.0,,,,,07/22/2025,327,57.0,51.333333333333336,26.0,,,44.77777777777778,15.0,4.0,/kentucky-statistics-for-each-scratcher-game
10,2,711,15000,4.83,,,,"June 14, 2019",TBD,TBD,07/22/2025,https://www.kylottery.com/apps/scratch_offs/prizes_remaining.html#game10,$2 Break Fort Knox,370589,370589,https://www.kylottery.com/export/kylmod/galleries/images/KYLottery_ScratchOffs/2_BreakFortKnox_711.jpg,3,3,1789944.87,1789944.87,1419355.87,1419355.87,596648.29,596648.29,0.0,4.83,-4.860484893332317e-07,11.12,11.12160205787142,0.0,0.2070394381053262,0.2070394381053262,0.0,0.08991510348927118,0.08991510348927118,0.0,0.040028767413057324,0.0201867410581548,8.327157313477,16.51079470562096,14.0,0.4,0.0,0.4030416594038696,0.0,1.0,1.0,,,,,07/22/2025,2230,79.0,76.33333333333333,81.0,,66.83333333333333,75.79166666666666,101.0,10.0,/kentucky-statistics-for-each-scratcher-game
11,10,792,225000,3.37,,,,"May 21, 2021",TBD,TBD,07/22/2025,https://www.kylottery.com/apps/scratch_offs/prizes_remaining.html#game11,$30 Million Payout Spectacular,278298,278298,https://www.kylottery.com/export/kylmod/galleries/images/KYLottery_ScratchOffs/KY792CV-V10-x250.jpg,2,2,937864.26,937864.26,659566.26,659566.26,468932.13,468932.13,0.0,3.37,-2.7722561905169166e-07,7.8,7.796367263809801,0.0,0.29673598730732814,0.29673598730732814,0.0,0.1282648656948129,0.1282648656948129,0.0,0.05312583469687968,0.022349240513526845,6.274269763207691,14.912900954857228,9.0,0.43,0.0,0.43272532051555446,0.0,1.0,1.0,,,,,07/22/2025,1523,54.333333333333336,74.0,105.0,,78.0,77.83333333333334,108.0,24.0,/kentucky-statistics-for-each-scratcher-game
12,50,953,5000000,2.77,,,,"October 10, 2024",TBD,TBD,07/22/2025,https://www.kylottery.com/apps/scratch_offs/prizes_remaining.html#game12,"$5,000,000 Fortune",361036,361036,https://www.kylottery.com/export/kylmod/galleries/images/KYLottery_ScratchOffs/KY953-CV.jpg,1,1,1000069.72,1000069.72,639033.72,639033.72,1000069.72,1000069.72,0.0,2.77,-7.199498050272555e-07,2.77,2.76999800573904,0.0,0.3610110902347738,0.3610110902347738,0.0,0.3610110902347738,0.3610110902347738,0.0,0.10376680021015815,0.10376680021015815,3.2123026520901026,3.2123026520901026,4.0,0.44,0.0,0.443836375290105,0.0,1.0,1.0,,,,,07/22/2025,285,43.333333333333336,43.333333333333336,110.0,,74.16666666666667,67.70833333333334,72.0,1.0,/kentucky-statistics-for-each-scratcher-game
13,10,828,500,9.75,,,,"March 30, 2023","July 31, 2025","January 31, 2026",07/22/2025,https://www.kylottery.com/apps/scratch_offs/prizes_remaining.html#game13,"$50, $100, $500!",26241,26241,https://www.kylottery.com/export/kylmod/galleries/images/KYLottery_ScratchOffs/828-GIF.gif,663,663,255849.75,255849.75,229608.75,229608.75,385.8970588235294,385.8970588235294,0.0,9.75,-2.9314079846369914e-06,9.75,9.74997141877215,0.0,0.10256440322221311,0.10256440322221311,0.0,0.10256440322221311,0.10256440322221311,0.0,0.04329781862648635,0.04329781862648635,7.696359281795277,7.696359281795277,17.0,0.61,0.0,0.6090271996372861,0.0,1.0,1.0,,,,,07/22/2025,845,76.0,52.666666666666664,119.0,,70.16666666666667,79.45833333333333,113.0,27.0,/kentucky-statistics-for-each-scratcher-game
14,10,973,500,9.75,,,,"February 20, 2025",TBD,TBD,07/22/2025,https://www.kylottery.com/apps/scratch_offs/prizes_remaining.html#game14,"$50, $100, & $500 Blowout",439621,439621,https://www.kylottery.com/export/kylmod/galleries/images/KYLottery_ScratchOffs/KY973CV_Pulse1.jpg,11215,11215,4286304.75,4286304.75,3846683.75,3846683.75,382.1939144003567,382.1939144003567,0.0,9.75,-1.7497589273792377e-07,9.75,9.749998293985046,0.0,0.1025641205103511,0.1025641205103511,0.0,0.1025641205103511,0.1025641205103511,0.0,0.04310491792256818,0.04310491792256818,7.732933643408927,7.732933643408927,17.0,0.61,0.0,0.6112489921386817,0.0,1.0,1.0,,,,,07/22/2025,152,76.66666666666667,53.333333333333336,120.0,,85.5,83.875,121.0,31.0,/kentucky-statistics-for-each-scratcher-game
15,10,788,500,9.75,,,,"February 19, 2021","July 31, 2025","January 31, 2026",07/22/2025,https://www.kylottery.com/apps/scratch_offs/prizes_remaining.html#game15,"$50, $100, and $500 Blowout!",43294,43294,https://www.kylottery.com/export/kylmod/galleries/images/KYLottery_ScratchOffs/ezgif.com-gif-maker-5.gif,1122,1122,422116.5,422116.5,378822.5,378822.5,376.21791443850265,376.21791443850265,0.0,9.75,-1.1845071206733173e-06,9.75,9.749988451055573,0.0,0.10256422405215627,0.10256422405215627,0.0,0.10256422405215627,0.10256422405215627,0.0,0.04293309864889177,0.04293309864889177,7.762625504978059,7.762625504978059,17.0,0.61,0.0,0.6139805172038019,0.0,1.0,1.0,,,,,07/22/2025,1614,77.33333333333333,54.0,121.0,,75.33333333333333,81.91666666666666,116.0,29.0,/kentucky-statistics-for-each-scratcher-game
16,30,896,50000,2.42,,,,"July 20, 2023",TBD,TBD,07/22/2025,https://www.kylottery.com/apps/scratch_offs/prizes_remaining.html#game16,"$50,000 CA$H",46805,46805,https://www.kylottery.com/export/kylmod/galleries/images/KYLottery_ScratchOffs/KY896CV_P1_v8.jpg,6,6,113268.09999999999,113268.09999999999,66463.09999999999,66463.09999999999,18878.016666666666,18878.016666666666,0.0,2.42,-8.828611056179696e-07,4.87,4.867763977824573,0.0,0.41322350531482854,0.41322350531482854,0.0,0.20543313204082353,0.20543313204082353,0.0,0.07569519732947504,0.045178796358704754,4.403211650621831,7.375753693394692,6.0,0.37,0.0,0.368197549175407,0.0,1.0,1.0,,,,,07/22/2025,733,44.0,50.333333333333336,45.0,,51.5,47.708333333333336,19.0,2.0,/kentucky-statistics-for-each-scratcher-game
17,5,980,500,3.98,,,,"April 3, 2025",TBD,TBD,07/22/2025,https://www.kylottery.com/apps/scratch_offs/prizes_remaining.html#game17,$500 Cash!,884650,884650,https://www.kylottery.com/export/kylmod/galleries/images/KYLottery_ScratchOffs/$500-Cash-gif.gif,5083,5083,3520907.0,3520907.0,2636257.0,2636257.0,692.6828644501279,692.6828644501279,0.0,3.98,0.0,6.65,6.651202197353806,0.0,0.25125628140703515,0.25125628140703515,0.0,0.1503487595667821,0.1503487595667821,0.0,0.051076579311935086,0.04630690399677867,6.526100197188555,7.198252785682688,10.0,0.44,0.0,0.44069866088482323,0.0,1.0,1.0,,,,,07/22/2025,110,60.0,49.333333333333336,108.0,,85.0,75.58333333333334,100.0,33.0,/kentucky-statistics-for-each-scratcher-game
18,5,926,500,3.97,,,,"February 15, 2024","July 31, 2025","January 31, 2026",07/22/2025,https://www.kylottery.com/apps/scratch_offs/prizes_remaining.html#game18,$500 Frenzy,67411,67411,https://www.kylottery.com/export/kylmod/galleries/images/KYLottery_ScratchOffs/KY926CV-P1-V5.jpg,222,222,267621.67000000004,267621.67000000004,200210.67000000004,200210.67000000004,1205.503018018018,1205.503018018018,0.0,3.97,-2.5035341869004705e-06,10.07,10.0677526145512,0.0,0.2518897993804671,0.2518897993804671,0.0,0.09932703337929386,0.09932703337929386,0.0,0.059015062906423145,0.03175224619703776,5.647802268002844,10.493800689180103,15.0,0.26,0.0,0.2597404538507815,0.0,1.0,1.0,,,,,07/22/2025,523,50.333333333333336,64.66666666666667,3.0,,32.166666666666664,37.541666666666664,5.0,1.0,/kentucky-statistics-for-each-scratcher-game
19,5,712,75000,4.05,Top Prize Claimed,,,"June 14, 2019",TBD,TBD,07/22/2025,https://www.kylottery.com/apps/scratch_offs/prizes_remaining.html#game19,$5 Break Fort Knox,212806,212806,https://www.kylottery.com/export/kylmod/galleries/images/KYLottery_ScratchOffs/5_BreakFortKnox_712.jpg,0,0,861864.2999999999,861864.2999999999,649058.2999999999,649058.2999999999,inf,inf,,4.05,-3.4808263903602703e-07,7.4,7.399053939201429,0.0,0.24691366619327412,0.24691366619327412,0.0,0.1351524138379141,0.1351524138379141,0.0,0.037924891706566856,0.026860802879978093,8.788939179184842,12.40833442463914,9.0,0.38,0.0,0.3815091476149369,0.0,1.0,1.0,,,,,07/22/2025,2230,81.66666666666667,69.0,61.0,,,70.55555555555556,78.0,23.0,/kentucky-statistics-for-each-scratcher-game
20,5,912,44000,3.01,,,,"December 7, 2023","July 31, 2025","January 31, 2026",07/22/2025,https://www.kylottery.com/apps/scratch_offs/prizes_remaining.html#game20,$weet Heart Ca$h,109998,109998,https://www.kylottery.com/export/kylmod/galleries/images/KYLottery_ScratchOffs/KY912CV.jpg,1,1,331093.98,331093.98,221095.97999999998,221095.97999999998,331093.98,331093.98,0.0,3.01,-2.959884682866515e-06,4.87,4.873673364245234,0.0,0.33222689697456603,0.33222689697456603,0.0,0.20518404194591852,0.20518404194591852,0.0,0.057686301914999016,0.04997582818218509,5.778075775867649,6.669236345685838,6.0,0.35,0.0,0.35022244505320255,0.0,1.0,1.0,,,,,07/22/2025,593,51.0,47.333333333333336,32.0,,41.0,42.833333333333336,10.0,2.0,/kentucky-statistics-for-each-scratcher-game
21,10,914,2024,3.08,,,,"December 7, 2023","September 30, 2025","March 31, 2026",07/22/2025,https://www.kylottery.com/apps/scratch_offs/prizes_remaining.html#game21,2024 Doubler,105214,105214,https://www.kylottery.com/export/kylmod/galleries/images/KYLottery_ScratchOffs/KY914CV-V8.jpg,154,154,324059.12,324059.12,218845.12,218845.12,2104.2799999999997,2104.2799999999997,0.0,3.08,-3.703028015535701e-07,4.49,4.4909642728457,0.0,0.3246754449035515,0.3246754449035515,0.0,0.22266932873334794,0.22266932873334794,0.0,0.05636338927799735,0.05465993641221957,5.91367201698736,6.097796420680372,6.0,0.37,0.0,0.37262967546033277,0.0,1.0,1.0,,,,,07/22/2025,593,52.0,46.0,52.0,,58.833333333333336,52.208333333333336,29.0,8.0,/kentucky-statistics-for-each-scratcher-game
22,2,917,25000,4.79,,,,"January 4, 2024",TBD,TBD,07/22/2025,https://www.kylottery.com/apps/scratch_offs/prizes_remaining.html#game22,20X The Cash,188842,188842,https://www.kylottery.com/export/kylmod/galleries/images/KYLottery_ScratchOffs/KY917CV-V6.jpg,1,1,904553.18,904553.18,715711.18,715711.18,904553.18,904553.18,0.0,4.79,-1.9899327539509413e-07,11.55,11.549303507360733,0.0,0.20876830876687158,0.20876830876687158,0.0,0.08658530788135134,0.08658530788135134,0.0,0.03796659697863427,0.017315497923712658,8.779239205953337,19.245846968069905,14.0,0.38,0.0,0.3756623437211529,0.0,1.0,1.0,,,,,07/22/2025,565,81.33333333333333,79.66666666666667,56.0,,63.333333333333336,70.08333333333333,75.0,8.0,/kentucky-statistics-for-each-scratcher-game
23,50,859,1000000,2.98,,,,"October 20, 2022",TBD,TBD,07/22/2025,https://www.kylottery.com/apps/scratch_offs/prizes_remaining.html#game23,500X,34379,34379,https://www.kylottery.com/export/kylmod/galleries/images/KYLottery_ScratchOffs/500X.gif,1,1,102449.42,102449.42,68070.42,68070.42,102449.42,102449.42,0.0,2.98,-4.0995839702827826e-06,2.98,2.9799877832397685,0.0,0.3355718455036164,0.3355718455036164,0.0,0.3355718455036164,0.3355718455036164,0.0,0.10390637578783302,0.10390637578783302,3.2077168440554304,3.2077168440554304,4.0,0.66,0.0,0.6570439926207186,0.0,1.0,1.0,,,,,07/22/2025,1006,43.0,43.0,124.0,,70.66666666666667,70.16666666666667,76.0,2.0,/kentucky-statistics-for-each-scratcher-game
24,5,971,150000,3.68,Top Prize Claimed,,,"February 20, 2025",TBD,TBD,07/22/2025,https://www.kylottery.com/apps/scratch_offs/prizes_remaining.html#game24,50X The Luck,259831,259831,https://www.kylottery.com/export/kylmod/galleries/images/KYLottery_ScratchOffs/KY971CV.jpg,0,0,956178.0800000001,956178.0800000001,696347.0800000001,696347.0800000001,inf,inf,,3.68,-8.36664233063915e-08,6.72,6.721955471820144,0.0,0.2717391531702256,0.2717391531702256,0.0,0.1487662339020559,0.1487662339020559,0.0,0.04951636904718159,0.037665612916776135,6.731606211635411,8.849254550621376,9.0,0.38,0.0,0.38462190094312987,0.0,1.0,1.0,,,,,07/22/2025,152,65.66666666666667,58.0,64.0,,,62.555555555555564,63.0,16.0,/kentucky-statistics-for-each-scratcher-game
25,1,835,1500,4.92,,,,"May 15, 2025",TBD,TBD,07/22/2025,https://www.kylottery.com/apps/scratch_offs/prizes_remaining.html#game25,5X The Win,230401,230401,https://www.kylottery.com/export/kylmod/galleries/images/KYLottery_ScratchOffs/KY835CV_v7.jpg,5,5,1133572.92,1133572.92,903171.9199999999,903171.9199999999,226714.58399999997,226714.58399999997,0.0,4.92,-8.115931350639386e-07,9.55,9.552707200943834,0.0,0.20325219747841336,0.20325219747841336,0.0,0.10468236688979615,0.10468236688979615,0.0,0.03614528604051439,0.023773346817816954,9.22167254334329,14.019647898166864,12.0,0.38,0.0,0.37588790125373595,0.0,1.0,1.0,,,,,07/22/2025,68,82.66666666666667,71.66666666666667,57.0,,55.833333333333336,66.79166666666667,70.0,3.0,/kentucky-statistics-for-each-scratcher-game
26,2,895,21000,4.39,Top Prize Claimed,,,"July 20, 2023","July 31, 2025","January 31, 2026",07/22/2025,https://www.kylottery.com/apps/scratch_offs/prizes_remaining.html#game26,7.11.21,113714,113714,https://www.kylottery.com/export/kylmod/galleries/images/KYLottery_ScratchOffs/KY895CV-V5.jpg,0,0,499204.45999999996,499204.45999999996,385490.45999999996,385490.45999999996,inf,inf,,4.39,-9.214661262826942e-07,9.27,9.271646669885962,0.0,0.22779064270318347,0.22779064270318347,0.0,0.10785570628440477,0.10785570628440477,0.0,0.03891576173925366,0.019817473533536894,8.564864517280505,16.81492004400229,11.0,0.33,0.0,0.3273872004230735,0.0,1.0,1.0,,,,,07/22/2025,733,80.66666666666667,76.66666666666667,17.0,,,58.111111111111114,46.0,3.0,/kentucky-statistics-for-each-scratcher-game
27,5,916,77777,3.29,Top Prize Claimed,,,"December 7, 2023","July 31, 2025","January 31, 2026",07/22/2025,https://www.kylottery.com/apps/scratch_offs/prizes_remaining.html#game27,777,119862,119862,https://www.kylottery.com/export/kylmod/galleries/images/KYLottery_ScratchOffs/KY916CV-V4.jpg,0,0,394345.98,394345.98,274483.98,274483.98,inf,inf,,3.29,-2.4851274000485253e-06,5.92,5.920118298779481,0.0,0.30395212314090453,0.30395212314090453,0.0,0.1689155434961772,0.1689155434961772,0.0,0.050756982827520385,0.03711465310317258,6.566881095511947,8.97996796694595,8.0,0.3,0.0,0.2960397621372149,0.0,1.0,1.0,,,,,07/22/2025,593,62.666666666666664,59.0,8.0,,,43.22222222222222,11.0,3.0,/kentucky-statistics-for-each-scratcher-game
28,2,928,30000,4.49,Top Prize Claimed,,,"March 28, 2024","October 31, 2025","April 30, 2026",07/22/2025,https://www.kylottery.com/apps/scratch_offs/prizes_remaining.html#game28,Big Money Spectacular,155865,155865,https://www.kylottery.com/export/kylmod/galleries/images/KYLottery_ScratchOffs/KY928CV_v8.jpg,0,0,699833.85,699833.85,543968.85,543968.85,inf,inf,,4.49,-1.2145740021747326e-06,15.39,15.388047230589942,0.0,0.2227174197272778,0.2227174197272778,0.0,0.06498550368445043,0.06498550368445043,0.0,0.05134244935935359,0.013052530923171145,6.492083130138387,25.523499129164488,19.0,0.35,0.0,0.3546246032982155,0.0,1.0,1.0,,,,,07/22/2025,481,59.333333333333336,84.0,38.0,,,60.44444444444445,54.0,6.0,/kentucky-statistics-for-each-scratcher-game
29,3,759,25000,3.59,,,,"June 19, 2020",TBD,TBD,07/22/2025,https://www.kylottery.com/apps/scratch_offs/prizes_remaining.html#game29,Bingo,2669334,2669334,https://www.kylottery.com/export/kylmod/galleries/images/KYLottery_ScratchOffs/yellow250.jpg,17,17,9582909.06,9582909.06,6913575.0600000005,6913575.0600000005,563700.5329411766,563700.5329411766,0.0,3.59,-6.261146723338502e-09,7.87,7.871832405511238,0.0,0.2785515337774782,0.2785515337774782,0.0,0.12703522489882768,0.12703522489882768,0.0,0.04640050858317316,0.02392637493258125,7.1838099717568795,13.931467663943735,10.0,0.35,0.0,0.35108003216977224,0.0,1.0,1.0,,,,,07/22/2025,1859,73.33333333333333,71.33333333333333,34.0,,59.833333333333336,59.625,52.0,10.0,/kentucky-statistics-for-each-scratcher-game
30,5,836,50000,3.76,,,,"February 17, 2022","October 31, 2025","April 30, 2026",07/22/2025,https://www.kylottery.com/apps/scratch_offs/prizes_remaining.html#game30,Black Pearls,220464,220464,https://www.kylottery.com/export/kylmod/galleries/images/KYLottery_ScratchOffs/Black_Pearl_836.jpg,2,2,828944.6399999999,828944.6399999999,608480.6399999999,608480.6399999999,414472.31999999995,414472.31999999995,0.0,3.76,-7.720660332095808e-07,9.26,9.260599019136885,0.0,0.26595765214538014,0.26595765214538014,0.0,0.10798437530158853,0.10798437530158853,0.0,0.0515953940625806,0.019794724750575837,6.460335686995361,16.83633601766809,11.0,0.4,0.0,0.40352062382983644,0.0,1.0,1.0,,,,,07/22/2025,1251,58.333333333333336,77.0,82.0,,64.33333333333333,70.41666666666667,77.0,22.0,/kentucky-statistics-for-each-scratcher-game
31,20,951,777000,3.63,Top Prize Claimed,,,"August 29, 2024","July 31, 2025","January 31, 2026",07/22/2025,https://www.kylottery.com/apps/scratch_offs/prizes_remaining.html#game31,Blazing Hot 7's,10876,10876,https://www.kylottery.com/export/kylmod/galleries/images/KYLottery_ScratchOffs/KY951-CV.jpg,0,0,39479.88,39479.88,28603.879999999997,28603.879999999997,inf,inf,,3.63,-2.2289834720789985e-05,5.77,5.770939921064172,0.0,0.27548823425112084,0.27548823425112084,0.0,0.17328199802426605,0.17328199802426605,0.0,0.043644133308059586,0.0367077585684174,7.632169397541363,9.068694650244574,7.0,0.42,0.0,0.4224866384660199,0.0,1.0,1.0,,,,,07/22/2025,327,75.33333333333333,59.666666666666664,99.0,,,78.0,109.0,11.0,/kentucky-statistics-for-each-scratcher-game
32,3,847,25000,3.44,Top Prize Claimed,,,"March 30, 2023",TBD,TBD,07/22/2025,https://www.kylottery.com/apps/scratch_offs/prizes_remaining.html#game32,Block,250453,250453,https://www.kylottery.com/export/kylmod/galleries/images/KYLottery_ScratchOffs/KY847CV_v6.jpg,0,0,861558.32,861558.32,611105.32,611105.32,inf,inf,,3.44,-3.71420010122591e-07,7.19,7.191516001402314,0.0,0.29069778238957794,0.29069778238957794,0.0,0.1390527393396614,0.1390527393396614,0.0,0.05126182856043316,0.029487008679278268,6.502395418087521,11.303346734168965,9.0,0.34,0.0,0.33695506667378555,0.0,1.0,1.0,,,,,07/22/2025,845,59.666666666666664,66.66666666666667,21.0,,,49.111111111111114,21.0,2.0,/kentucky-statistics-for-each-scratcher-game
33,10,815,200000,3.12,,,,"September 2, 2021",TBD,TBD,07/22/2025,https://www.kylottery.com/apps/scratch_offs/prizes_remaining.html#game33,Bluegrass Blowout,151484,151484,https://www.kylottery.com/export/kylmod/galleries/images/KYLottery_ScratchOffs/KY815CV-V5.jpg,1,1,472630.08,472630.08,321146.08,321146.08,472630.08,472630.08,0.0,3.12,-1.6926557022109077e-07,9.43,9.432602881890393,0.0,0.32051287476461504,0.32051287476461504,0.0,0.10601527622029917,0.10601527622029917,0.0,0.06669652722361809,0.019527758738194834,4.997596580138667,17.063904726372556,12.0,0.35,0.0,0.3511351374225081,0.0,1.0,1.0,,,,,07/22/2025,1419,45.333333333333336,77.33333333333333,35.0,,57.333333333333336,53.75,35.0,11.0,/kentucky-statistics-for-each-scratcher-game
34,3,852,25000,3.68,Top Prize Claimed,,,"July 14, 2022","July 31, 2025","January 31, 2026",07/22/2025,https://www.kylottery.com/apps/scratch_offs/prizes_remaining.html#game34,Bolt Bucks,89104,89104,https://www.kylottery.com/export/kylmod/galleries/images/KYLottery_ScratchOffs/KY852CVB.jpg-resize.jpg,0,0,327902.72000000003,327902.72000000003,238798.72000000003,238798.72000000003,inf,inf,,3.68,-2.19577318549824e-06,6.46,6.458705115326282,0.0,0.2717397271135888,0.2717397271135888,0.0,0.15482979670755287,0.15482979670755287,0.0,0.036915931536359,0.021796162385115826,9.028610247948562,15.288606647746464,8.0,0.33,0.0,0.32704791878874384,0.0,1.0,1.0,,,,,07/22/2025,1104,82.0,75.0,16.0,,,57.666666666666664,44.0,7.0,/kentucky-statistics-for-each-scratcher-game
35,10,930,550,9.76,,,,"March 28, 2024",TBD,TBD,07/22/2025,https://www.kylottery.com/apps/scratch_offs/prizes_remaining.html#game35,Bonus Blowout,185846,185846,https://www.kylottery.com/export/kylmod/galleries/images/KYLottery_ScratchOffs/Bonus-Blowout.gif,303,303,1813856.96,1813856.96,1628010.96,1628010.96,5986.326600660066,5986.326600660066,0.0,9.76,-5.292589334007006e-07,9.76,9.75999483443281,0.0,0.10245907062082106,0.10245907062082106,0.0,0.10245907062082106,0.10245907062082106,0.0,0.027642309039445267,0.027642309039445267,12.058026903036179,12.058026903036179,13.0,0.62,0.0,0.6210437873789318,0.0,1.0,1.0,,,,,07/22/2025,481,84.33333333333333,68.66666666666667,122.0,,79.5,88.625,125.0,33.0,/kentucky-statistics-for-each-scratcher-game
36,5,843,100000,3.91,,,,"May 11, 2023",TBD,TBD,07/22/2025,https://www.kylottery.com/apps/scratch_offs/prizes_remaining.html#game36,Boom,159908,159908,https://www.kylottery.com/export/kylmod/galleries/images/KYLottery_ScratchOffs/KY843CV-V8.jpg,1,1,625240.28,625240.28,465332.28,465332.28,625240.28,625240.28,0.0,3.91,-4.478278334693317e-07,8.77,8.765456329735034,0.0,0.25575459023734887,0.25575459023734887,0.0,0.11408419167039857,0.11408419167039857,0.0,0.04718874561287007,0.02198909763043366,7.063519169094299,15.155806486432503,11.0,0.4,0.0,0.4002942869937944,0.0,1.0,1.0,,,,,07/22/2025,803,72.0,74.66666666666667,78.0,,66.16666666666667,72.70833333333334,91.0,29.0,/kentucky-statistics-for-each-scratcher-game
37,30,714,3000000,2.48,,,,"February 22, 2019",TBD,TBD,07/22/2025,https://www.kylottery.com/apps/scratch_offs/prizes_remaining.html#game37,Break Fort Knox,1459023,1459023,https://www.kylottery.com/export/kylmod/galleries/images/KYLottery_ScratchOffs/KY714CV-V5.jpg,1,1,3618377.04,3618377.04,2159354.04,2159354.04,3618377.04,3618377.04,0.0,2.48,-1.105467993131156e-08,4.92,4.919695494691959,0.0,0.40322581090914517,0.40322581090914517,0.0,0.20326461283608646,0.20326461283608646,0.0,0.0628277620440566,0.03356279484259348,5.305490922773538,9.931498071133177,6.0,0.36,0.0,0.35762276844010454,0.0,1.0,1.0,,,,,07/22/2025,2342,47.666666666666664,62.0,39.0,,61.166666666666664,52.45833333333333,30.0,4.0,/kentucky-statistics-for-each-scratcher-game
38,10,927,175000,3.19,Top Prize Claimed,,,"February 15, 2024","July 31, 2025","January 31, 2026",07/22/2025,https://www.kylottery.com/apps/scratch_offs/prizes_remaining.html#game38,Cash Blast,45271,45271,https://www.kylottery.com/export/kylmod/galleries/images/KYLottery_ScratchOffs/KY927CV.jpg,0,0,144414.49,144414.49,99143.48999999999,99143.48999999999,inf,inf,,3.19,-3.3930113244988994e-06,4.77,4.767082590612002,0.0,0.31348068746797403,0.31348068746797403,0.0,0.20977190577090865,0.20977190577090865,0.0,0.04969761803323796,0.045389878591246866,6.706235994173333,7.342001291652194,6.0,0.37,0.0,0.36578517318265547,0.0,1.0,1.0,,,,,07/22/2025,523,65.0,50.0,44.0,,,53.0,32.0,9.0,/kentucky-statistics-for-each-scratcher-game
39,20,987,500000,2.61,,,,"May 15, 2025",TBD,TBD,07/22/2025,https://www.kylottery.com/apps/scratch_offs/prizes_remaining.html#game39,Cash Bonus,290614,290614,https://www.kylottery.com/export/kylmod/galleries/images/KYLottery_ScratchOffs/KY987CV.jpg,2,2,758502.5399999999,758502.5399999999,467888.5399999999,467888.5399999999,379251.26999999996,379251.26999999996,0.0,2.61,-7.119290595957348e-07,4.0,4.0025223475773855,0.0,0.3831420352220561,0.3831420352220561,0.0,0.24984245262372412,0.24984245262372412,0.0,0.06070216972988427,0.05377974678424951,5.491188147660224,6.197917457407134,5.0,0.37,0.0,0.37430883504591944,0.0,1.0,1.0,,,,,07/22/2025,68,49.0,46.666666666666664,55.0,,56.166666666666664,51.70833333333333,27.0,6.0,/kentucky-statistics-for-each-scratcher-game
40,10,886,225000,3.48,,,,"May 11, 2023",TBD,TBD,07/22/2025,https://www.kylottery.com/apps/scratch_offs/prizes_remaining.html#game40,Cash Double Doubler,77546,77546,https://www.kylottery.com/export/kylmod/galleries/images/KYLottery_ScratchOffs/KY886CV.jpg,1,1,269860.08,269860.08,192314.08000000002,192314.08000000002,269860.08,269860.08,0.0,3.48,-2.964499232301029e-07,9.38,9.376324658628956,0.0,0.2873564070258653,0.2873564070258653,0.0,0.1066515971244349,0.1066515971244349,0.0,0.05529421193428396,0.015232984987923637,6.027889911889667,21.865713852924813,11.0,0.44,0.0,0.44012265619209956,0.0,1.0,1.0,,,,,07/22/2025,803,53.0,80.66666666666667,107.0,,78.16666666666667,79.70833333333334,114.0,28.0,/kentucky-statistics-for-each-scratcher-game
41,5,893,75000,3.63,Top Prize Claimed,,,"July 20, 2023","July 31, 2025","January 31, 2026",07/22/2025,https://www.kylottery.com/apps/scratch_offs/prizes_remaining.html#game41,Cash Eruption,109874,109874,https://www.kylottery.com/export/kylmod/galleries/images/KYLottery_ScratchOffs/KY893CV.jpg,0,0,398842.62,398842.62,288968.62,288968.62,inf,inf,,3.63,-1.5544978618075185e-06,7.63,7.6308569460653946,0.0,0.2754825219009031,0.2754825219009031,0.0,0.13104688071968348,0.13104688071968348,0.0,0.050816396086570396,0.029477412478708904,6.559171053691087,11.305647389872796,10.0,0.38,0.0,0.37641472061618386,0.0,1.0,1.0,,,,,07/22/2025,733,62.0,67.0,58.0,,,62.333333333333336,62.0,15.0,/kentucky-statistics-for-each-scratcher-game
42,5,924,50000,3.61,,,,"February 15, 2024",TBD,TBD,07/22/2025,https://www.kylottery.com/apps/scratch_offs/prizes_remaining.html#game42,Clover Cash,208356,208356,https://www.kylottery.com/export/kylmod/galleries/images/KYLottery_ScratchOffs/KY924CV.jpg,1,1,752165.1599999999,752165.1599999999,543809.1599999999,543809.1599999999,752165.1599999999,752165.1599999999,0.0,3.61,-2.1271923834575467e-07,6.51,6.51416867302929,0.0,0.2770083691743168,0.2770083691743168,0.0,0.15351153004992255,0.15351153004992255,0.0,0.04868183645070353,0.035503854939822145,6.8469557374539995,9.387888510896182,8.0,0.4,0.0,0.40404166638968847,0.0,1.0,1.0,,,,,07/22/2025,523,69.0,60.333333333333336,83.0,,72.16666666666667,71.125,83.0,25.0,/kentucky-statistics-for-each-scratcher-game
43,5,938,50000,3.41,,,,"May 9, 2024",TBD,TBD,07/22/2025,https://www.kylottery.com/apps/scratch_offs/prizes_remaining.html#game43,Corner Cash Crossword,121663,121663,https://www.kylottery.com/export/kylmod/galleries/images/KYLottery_ScratchOffs/KY938CV-V6.jpg,1,1,414870.83,414870.83,293207.83,293207.83,414870.83,414870.83,0.0,3.41,-2.000622699893162e-06,5.53,5.531968797919862,0.0,0.29325571865885697,0.29325571865885697,0.0,0.1807674693277412,0.1807674693277412,0.0,0.048084036937253466,0.04084868468995368,6.931912594081235,8.159309653343884,7.0,0.37,0.0,0.369021621230747,0.0,1.0,1.0,,,,,07/22/2025,439,70.33333333333333,56.0,46.0,,48.0,55.08333333333333,39.0,8.0,/kentucky-statistics-for-each-scratcher-game
44,3,758,25000,3.86,,,,"July 24, 2020",TBD,TBD,07/22/2025,https://www.kylottery.com/apps/scratch_offs/prizes_remaining.html#game44,Crossword,2640755,2640755,https://www.kylottery.com/export/kylmod/galleries/images/KYLottery_ScratchOffs/ezgif.com-gif-maker-21.gif,11,11,10193314.299999999,10193314.299999999,7552559.299999999,7552559.299999999,926664.9363636363,926664.9363636363,0.0,3.86,-2.9431055520129397e-08,7.27,7.2747446459871306,0.0,0.2590673651375794,0.2590673651375794,0.0,0.1374618696137488,0.1374618696137488,0.0,0.04393355458703349,0.029990787925933824,7.587193405166367,11.114435876559646,9.0,0.35,0.0,0.35054265308940086,0.0,1.0,1.0,,,,,07/22/2025,1824,75.0,66.33333333333333,33.0,,59.0,58.33333333333333,47.0,8.0,/kentucky-statistics-for-each-scratcher-game
45,5,533,50000,3.96,Top Prize Claimed,,,"May 21, 2018","July 31, 2025","January 31, 2026",07/22/2025,https://www.kylottery.com/apps/scratch_offs/prizes_remaining.html#game45,Deluxe Crossword Doubler,84988,84988,https://www.kylottery.com/export/kylmod/galleries/images/KYLottery_ScratchOffs/Deluxe-Crossword-Doubler-533.gif,0,0,336552.48,336552.48,251564.47999999998,251564.47999999998,inf,inf,,3.96,-1.4262263050703008e-06,9.33,9.332593866119462,0.0,0.25252561268392404,0.25252561268392404,0.0,0.10715134659725689,0.10715134659725689,0.0,0.0531062398500697,0.028691399080019456,6.276262789529894,11.61414188759798,13.0,0.37,0.0,0.37170778958377904,0.0,1.0,1.0,,,,,07/22/2025,2619,54.666666666666664,68.0,51.0,,,57.888888888888886,45.0,10.0,/kentucky-statistics-for-each-scratcher-game
46,30,757,3000000,2.60,,,,"February 19, 2021",TBD,TBD,07/22/2025,https://www.kylottery.com/apps/scratch_offs/prizes_remaining.html#game46,Fastest Road to $3 Million™,1431372,1431372,https://www.kylottery.com/export/kylmod/galleries/images/KYLottery_ScratchOffs/scratchOff_757.gif,2,2,3721567.2,3721567.2,2290195.2,2290195.2,1860783.6,1860783.6,0.0,2.6,-5.3740800356813715e-08,5.41,5.413361591207282,0.0,0.3846154052849243,0.3846154052849243,0.0,0.18472809974937976,0.18472809974937976,0.0,0.0645512033668497,0.03268806915027323,5.16384069403439,10.19724926308397,7.0,0.4,0.0,0.400037941007108,0.0,1.0,1.0,,,,,07/22/2025,1614,47.0,63.333333333333336,77.0,,73.33333333333333,65.16666666666667,66.0,7.0,/kentucky-statistics-for-each-scratcher-game
47,20,979,1000000,2.93,,,,"April 3, 2025",TBD,TBD,07/22/2025,https://www.kylottery.com/apps/scratch_offs/prizes_remaining.html#game47,Feelin' Like A Million Bucks,125960,125960,https://www.kylottery.com/export/kylmod/galleries/images/KYLottery_ScratchOffs/KY979-CV-V5.jpg,1,1,369062.80000000005,369062.80000000005,243102.80000000005,243102.80000000005,369062.80000000005,369062.80000000005,0.0,2.93,-2.167652768089126e-06,4.16,4.157414500067589,0.0,0.34129766814248014,0.34129766814248014,0.0,0.2405341107998114,0.2405341107998114,0.0,0.0469132549423241,0.043119425924806144,7.104911644090056,7.72979466416912,5.0,0.42,0.0,0.4241821157420704,0.0,1.0,1.0,,,,,07/22/2025,110,72.66666666666667,53.0,101.0,,65.66666666666667,73.08333333333334,92.0,10.0,/kentucky-statistics-for-each-scratcher-game
48,5,957,250,3.95,,,,"November 7, 2024","October 31, 2025","April 30, 2026",07/22/2025,https://www.kylottery.com/apps/scratch_offs/prizes_remaining.html#game48,Festive 250's,284851,284851,https://www.kylottery.com/export/kylmod/galleries/images/KYLottery_ScratchOffs/$250s.gif,3579,3579,1125161.45,1125161.45,840310.45,840310.45,314.3787231070131,314.3787231070131,0.0,3.95,-3.999426038168135e-07,7.69,7.687048664011313,0.0,0.25316465821335793,0.25316465821335793,0.0,0.13008893838304028,0.13008893838304028,0.0,0.051473033539498635,0.037642352381573894,6.475735593784291,8.854738006252058,11.0,0.43,0.0,0.4258963828287685,0.0,1.0,1.0,,,,,07/22/2025,257,59.0,58.333333333333336,104.0,,75.66666666666667,74.25,98.5,32.0,/kentucky-statistics-for-each-scratcher-game
49,10,950,150000,3.07,,,,"August 29, 2024","July 31, 2025","January 31, 2026",07/22/2025,https://www.kylottery.com/apps/scratch_offs/prizes_remaining.html#game49,Firewolf Crossword,68825,68825,https://www.kylottery.com/export/kylmod/galleries/images/KYLottery_ScratchOffs/FIrewolf-950.gif,1,1,211292.75,211292.75,142467.75,142467.75,211292.75,211292.75,0.0,3.07,-3.549577541052165e-06,5.64,5.6367080165399495,0.0,0.32573405524108817,0.32573405524108817,0.0,0.1774085152301081,0.1774085152301081,0.0,0.05924244566151931,0.045688785765755635,5.626136482039119,7.294316612535305,8.0,0.4,0.0,0.39577930068341444,0.0,1.0,1.0,,,,,07/22/2025,327,50.0,49.666666666666664,72.0,,53.666666666666664,56.33333333333333,40.0,12.0,/kentucky-statistics-for-each-scratcher-game
50,5,985,80000,3.48,,,,"May 15, 2025",TBD,TBD,07/22/2025,https://www.kylottery.com/apps/scratch_offs/prizes_remaining.html#game50,Flamingo Bingo,89564,89564,https://www.kylottery.com/export/kylmod/galleries/images/KYLottery_ScratchOffs/KY985CV_v4-PEC1.jpg,1,1,311682.72,311682.72,222118.71999999997,222118.71999999997,311682.72,311682.72,0.0,3.48,-2.310041442168602e-06,5.85,5.850326601096178,0.0,0.287356985645626,0.287356985645626,0.0,0.1709306280118839,0.1709306280118839,0.0,0.05055338183803291,0.042929334824144225,6.593204708852311,7.763566805506505,8.0,0.39,0.0,0.38693283538991663,0.0,1.0,1.0,,,,,07/22/2025,68,63.666666666666664,54.333333333333336,66.0,,53.666666666666664,59.416666666666664,51.0,11.0,/kentucky-statistics-for-each-scratcher-game
51,5,851,500,3.97,,,,"March 31, 2022",TBD,TBD,07/22/2025,https://www.kylottery.com/apps/scratch_offs/prizes_remaining.html#game51,Full of $500's Limited Edition,213557,213557,https://www.kylottery.com/export/kylmod/galleries/images/KYLottery_ScratchOffs/Fullof500s_851.gif,1204,1204,847821.29,847821.29,634264.29,634264.29,704.1705066445184,704.1705066445184,0.0,3.97,-3.4205321743236304e-07,8.22,8.220895956559682,0.0,0.25188925492527314,0.25188925492527314,0.0,0.12164124266796883,0.12164124266796883,0.0,0.053104598474921695,0.0362049030708166,6.276735834142101,9.206034255793435,12.0,0.39,0.0,0.39043854775949166,0.0,1.0,1.0,,,,,07/22/2025,1209,55.0,60.0,69.0,,65.16666666666667,62.29166666666667,61.0,14.0,/kentucky-statistics-for-each-scratcher-game
52,5,837,55000,3.78,,,,"May 12, 2022","October 31, 2025","April 30, 2026",07/22/2025,https://www.kylottery.com/apps/scratch_offs/prizes_remaining.html#game52,Funky 5's,299526,299526,https://www.kylottery.com/export/kylmod/galleries/images/KYLottery_ScratchOffs/Funky-5s-837.jpg,1,1,1132208.28,1132208.28,832682.28,832682.28,1132208.28,1132208.28,0.0,3.78,-2.4730432105449747e-07,8.91,8.912356932571356,0.0,0.2645503299747043,0.2645503299747043,0.0,0.11220376467928155,0.11220376467928155,0.0,0.050929172362236784,0.023125057214809633,6.544894296527138,14.412743407721202,11.0,0.42,0.0,0.42148527479049785,0.0,1.0,1.0,,,,,07/22/2025,1167,61.0,73.0,97.0,,75.83333333333333,76.70833333333333,103.0,34.0,/kentucky-statistics-for-each-scratcher-game
53,5,555,50000,3.31,,,,"August 29, 2024",TBD,TBD,07/22/2025,https://www.kylottery.com/apps/scratch_offs/prizes_remaining.html#game53,Ghostbusters™,216726,216726,https://www.kylottery.com/export/kylmod/galleries/images/KYLottery_ScratchOffs/GB-FIrst-4gif.gif,1,1,717363.06,717363.06,500637.06000000006,500637.06000000006,717363.06,717363.06,0.0,3.31,-8.363965659707604e-08,7.31,7.310333231427698,0.0,0.3021148288941582,0.3021148288941582,0.0,0.13679266981988197,0.13679266981988197,0.0,0.060243141652187006,0.036848975312356175,5.532992042359798,9.045098421995409,10.0,0.37,0.0,0.37377729266772886,0.0,1.0,1.0,,,,,07/22/2025,327,49.666666666666664,59.333333333333336,54.0,,64.83333333333333,56.95833333333333,42.0,9.0,/kentucky-statistics-for-each-scratcher-game
54,10,937,200000,3.06,Top Prize Claimed,,,"May 9, 2024","September 30, 2025","March 31, 2026",07/22/2025,https://www.kylottery.com/apps/scratch_offs/prizes_remaining.html#game54,Golden Casino,49484,49484,https://www.kylottery.com/export/kylmod/galleries/images/KYLottery_ScratchOffs/KY937CV.jpg,0,0,151421.04,151421.04,101937.04000000001,101937.04000000001,inf,inf,,3.06,-2.6416408189440547e-07,5.18,5.182101300479124,0.0,0.32679747194906916,0.32679747194906916,0.0,0.19297191274658074,0.19297191274658074,0.0,0.05540074013320817,0.04397963581543156,6.016035298638721,7.577299982174968,7.0,0.35,0.0,0.3516222980960369,0.0,1.0,1.0,,,,,07/22/2025,439,52.333333333333336,52.0,36.0,,,46.77777777777778,17.0,6.0,/kentucky-statistics-for-each-scratcher-game
55,5,933,90000,3.39,Top Prize Claimed,,,"March 28, 2024","September 30, 2025","March 31, 2026",07/22/2025,https://www.kylottery.com/apps/scratch_offs/prizes_remaining.html#game55,Gold Mine 9X,88413,88413,https://www.kylottery.com/export/kylmod/galleries/images/KYLottery_ScratchOffs/KY933CV-V8.jpg,0,0,299720.07,299720.07,211307.07,211307.07,inf,inf,,3.39,-2.3355126000970614e-07,5.15,5.153370013755159,0.0,0.2949853196316562,0.2949853196316562,0.0,0.1940477779260643,0.1940477779260643,0.0,0.04532572711948336,0.04001544266127279,7.353563422445352,8.328924421941622,6.0,0.38,0.0,0.38203523288402513,0.0,1.0,1.0,,,,,07/22/2025,481,74.33333333333333,56.666666666666664,62.0,,,64.33333333333333,64.0,17.0,/kentucky-statistics-for-each-scratcher-game
56,10,779,250000,3.45,,,,"September 4, 2020",TBD,TBD,07/22/2025,https://www.kylottery.com/apps/scratch_offs/prizes_remaining.html#game56,Gold Rush $10,283006,283006,https://www.kylottery.com/export/kylmod/galleries/images/KYLottery_ScratchOffs/KY779-CV-V5x250.jpg,2,2,976370.7000000001,976370.7000000001,693364.7000000001,693364.7000000001,488185.35000000003,488185.35000000003,0.0,3.45,-7.169408094573538e-07,8.65,8.654151266164988,0.0,0.2898552802728474,0.2898552802728474,0.0,0.11555148150803486,0.11555148150803486,0.0,0.050839273626513574,0.014012353477931415,6.556458956894417,23.78351821312582,10.0,0.42,0.0,0.42456548234788033,0.0,1.0,1.0,,,,,07/22/2025,1782,61.333333333333336,82.66666666666667,102.0,,71.66666666666667,79.41666666666667,112.0,26.0,/kentucky-statistics-for-each-scratcher-game
57,30,761,3000000,2.60,,,,"February 21, 2020",TBD,TBD,07/22/2025,https://www.kylottery.com/apps/scratch_offs/prizes_remaining.html#game57,Gold Rush $30,924642,924642,https://www.kylottery.com/export/kylmod/galleries/images/KYLottery_ScratchOffs/KY761CVx250.jpg,1,1,2404069.2,2404069.2,1479427.2000000002,1479427.2000000002,2404069.2,2404069.2,0.0,2.6,-8.319228092737227e-08,5.4,5.400897278061843,0.0,0.3846154166124184,0.3846154166124184,0.0,0.1851544194446998,0.1851544194446998,0.0,0.06451768435813067,0.03290491614231195,5.166513245509916,10.129967996712907,7.0,0.39,0.0,0.3867757123443628,0.0,1.0,1.0,,,,,07/22/2025,1978,47.333333333333336,62.666666666666664,65.0,,68.66666666666667,60.91666666666667,56.0,6.0,/kentucky-statistics-for-each-scratcher-game
58,20,832,1000000,3.66,,,,"December 2, 2021",TBD,TBD,07/22/2025,https://www.kylottery.com/apps/scratch_offs/prizes_remaining.html#game58,High Roller,659648,659648,https://www.kylottery.com/export/kylmod/galleries/images/KYLottery_ScratchOffs/250_highroller.jpg,2,2,2414311.68,2414311.68,1754663.6800000002,1754663.6800000002,1207155.84,1207155.84,0.0,3.66,-2.8165377559070984e-07,9.38,9.383836538611028,0.0,0.27322412067045215,0.27322412067045215,0.0,0.10656622117034632,0.10656622117034632,0.0,0.048820303781754164,0.013784943219238148,6.82768965664878,24.17870008365844,11.0,0.46,0.0,0.4628363951454474,0.0,1.0,1.0,,,,,07/22/2025,1328,68.33333333333333,83.66666666666667,114.0,,80.83333333333333,86.70833333333333,123.0,15.0,/kentucky-statistics-for-each-scratcher-game
59,20,942,1000,3.16,,,,"July 18, 2024","September 30, 2025","March 31, 2026",07/22/2025,https://www.kylottery.com/apps/scratch_offs/prizes_remaining.html#game59,HIT $1000,21359,21359,https://www.kylottery.com/export/kylmod/galleries/images/KYLottery_ScratchOffs/KY942-CV.jpg,63,63,67494.44,67494.44,46135.44,46135.44,1071.3403174603175,1071.3403174603175,0.0,3.16,-6.519055495564732e-06,4.64,4.641953232462173,0.0,0.31645775920822594,0.31645775920822594,0.0,0.21542655643464603,0.21542655643464603,0.0,0.05175945948142004,0.04987721118996359,6.438105462413166,6.680008453348783,6.0,0.42,0.0,0.41987065516934835,0.0,1.0,1.0,,,,,07/22/2025,369,57.666666666666664,47.666666666666664,96.0,,61.0,65.58333333333333,68.0,8.0,/kentucky-statistics-for-each-scratcher-game
60,2,945,100,4.27,,,,"July 18, 2024","July 31, 2025","January 31, 2026",07/22/2025,https://www.kylottery.com/apps/scratch_offs/prizes_remaining.html#game60,HIT $100,129037,129037,https://www.kylottery.com/export/kylmod/galleries/images/KYLottery_ScratchOffs/KY945-CV.jpg,517,517,550987.99,550987.99,421950.99,421950.99,1065.7407930367506,1065.7407930367506,0.0,4.27,-1.7967723760567299e-06,7.26,7.260815707979179,0.0,0.2341924582612657,0.2341924582612657,0.0,0.13772557247267178,0.13772557247267178,0.0,0.03909771434904137,0.030132032390418263,8.525084306273987,11.06081206748008,9.0,0.36,0.0,0.362190033521662,0.0,1.0,1.0,,,,,07/22/2025,369,80.0,66.0,41.0,,46.666666666666664,58.416666666666664,48.0,4.0,/kentucky-statistics-for-each-scratcher-game
61,5,944,250,3.52,,,,"July 18, 2024",TBD,TBD,07/22/2025,https://www.kylottery.com/apps/scratch_offs/prizes_remaining.html#game61,HIT $250,399636,399636,https://www.kylottery.com/export/kylmod/galleries/images/KYLottery_ScratchOffs/KY944CV-V7.jpg,678,678,1406718.72,1406718.72,1007082.72,1007082.72,2074.806371681416,2074.806371681416,0.0,3.52,-5.118294010841851e-07,6.21,6.211141675092612,0.0,0.2840910544970634,0.2840910544970634,0.0,0.16100099664609396,0.16100099664609396,0.0,0.04779039752869993,0.03469320872470969,6.9747801432776475,9.607620778646345,8.0,0.41,0.0,0.4064055482335479,0.0,1.0,1.0,,,,,07/22/2025,369,70.66666666666667,61.0,87.0,,68.16666666666667,71.70833333333334,87.0,26.0,/kentucky-statistics-for-each-scratcher-game
62,30,941,5000,2.23,,,,"June 13, 2024",TBD,TBD,07/22/2025,https://www.kylottery.com/apps/scratch_offs/prizes_remaining.html#game62,"HIT $5,000",141629,141629,https://www.kylottery.com/export/kylmod/galleries/images/KYLottery_ScratchOffs/KY941CV-V11.jpg,28,28,315832.67,315832.67,174203.66999999998,174203.66999999998,11279.738214285713,11279.738214285713,0.0,2.23,-2.121376487129883e-06,4.05,4.052713297660751,0.0,0.4484314445654652,0.4484314445654652,0.0,0.24674827123280732,0.24674827123280732,0.0,0.07434887447942809,0.049086170805392876,4.483225658699506,6.790187221330432,5.0,0.33,0.0,0.3287760581575015,0.0,1.0,1.0,,,,,07/22/2025,404,44.333333333333336,48.333333333333336,18.0,,38.166666666666664,37.208333333333336,4.0,1.0,/kentucky-statistics-for-each-scratcher-game
63,10,943,600,3.14,,,,"July 18, 2024","September 30, 2025","March 31, 2026",07/22/2025,https://www.kylottery.com/apps/scratch_offs/prizes_remaining.html#game63,HIT $600,35479,35479,https://www.kylottery.com/export/kylmod/galleries/images/KYLottery_ScratchOffs/KY943-CV.jpg,77,77,111404.06,111404.06,75925.06,75925.06,1446.805974025974,1446.805974025974,0.0,3.14,-5.385800122937121e-07,5.63,5.628738884397737,0.0,0.3184715091020071,0.3184715091020071,0.0,0.1776596890596388,0.1776596890596388,0.0,0.05165078397208122,0.03419472054255974,6.452423094298799,9.743294672868384,7.0,0.36,0.0,0.36426878747621266,0.0,1.0,1.0,,,,,07/22/2025,369,58.0,61.333333333333336,42.0,,52.666666666666664,53.5,34.0,10.0,/kentucky-statistics-for-each-scratcher-game
64,10,868,175000,3.19,,,,"December 1, 2022",TBD,TBD,07/22/2025,https://www.kylottery.com/apps/scratch_offs/prizes_remaining.html#game64,Hit The Jackpot,201440,201440,https://www.kylottery.com/export/kylmod/galleries/images/KYLottery_ScratchOffs/KY868CV-V5.jpg,1,1,642593.6,642593.6,441153.6,441153.6,642593.6,642593.6,0.0,3.19,-9.33716115362482e-07,6.87,6.873534571281875,0.0,0.31347991652570134,0.31347991652570134,0.0,0.14548555617630443,0.14548555617630443,0.0,0.05039572256486394,0.0210612440072182,6.614100794066989,15.82417979629485,8.0,0.41,0.0,0.4069776670458595,0.0,1.0,1.0,,,,,07/22/2025,964,64.66666666666667,75.33333333333333,88.0,,65.16666666666667,73.29166666666667,94.0,20.0,/kentucky-statistics-for-each-scratcher-game
65,1,961,1000,4.56,Top Prize Claimed,,,"November 7, 2024","September 30, 2025","March 31, 2026",07/22/2025,https://www.kylottery.com/apps/scratch_offs/prizes_remaining.html#game65,Holiday Cash,197524,197524,https://www.kylottery.com/export/kylmod/galleries/images/KYLottery_ScratchOffs/Holiday-Cash.gif,0,0,900709.44,900709.44,703185.44,703185.44,inf,inf,,4.56,-4.885038175142667e-07,8.96,8.957020256764686,0.0,0.2192983527421176,0.2192983527421176,0.0,0.11164427134623946,0.11164427134623946,0.0,0.041490814334763766,0.02796381190257343,8.033579999337261,11.918755073969628,12.0,0.31,0.0,0.30876231946166854,0.0,1.0,1.0,,,,,07/22/2025,257,78.33333333333333,68.33333333333333,9.0,,,51.888888888888886,28.0,2.0,/kentucky-statistics-for-each-scratcher-game
66,20,535,250000,1.00,,,,"November 7, 2024","October 31, 2025","April 30, 2026",07/22/2025,https://www.kylottery.com/apps/scratch_offs/prizes_remaining.html#game66,Holiday Gift Pack,459904,459904,https://www.kylottery.com/export/kylmod/galleries/images/KYLottery_ScratchOffs/KY-535-HOLIDAY-GIFT-PACK-FRONT.jpg,1,1,459904.0,459904.0,0.0,0.0,459904.0,459904.0,0.0,1.0,0.0,1.15,1.1528149596430541,0.0,1.0,1.0,0.0,0.8674419009184525,0.8674419009184525,0.0,0.06513142057146416,0.06488903327496744,5.117800611185909,5.136908725229908,1.0,-0.28,-0.0,0.17675590992902865,0.0,1.0,1.0,,,,,07/22/2025,257,46.666666666666664,45.0,1.0,,49.333333333333336,35.5,3.0,2.0,/kentucky-statistics-for-each-scratcher-game
67,5,983,55000,3.50,,,,"May 15, 2025",TBD,TBD,07/22/2025,https://www.kylottery.com/apps/scratch_offs/prizes_remaining.html#game67,Hot 5's,463860,463860,https://www.kylottery.com/export/kylmod/galleries/images/KYLottery_ScratchOffs/KY983CV.jpg,3,3,1623510.0,1623510.0,1159650.0,1159650.0,541170.0,541170.0,0.0,3.5,0.0,5.41,5.405231739351909,0.0,0.2857142857142857,0.2857142857142857,0.0,0.1850059439116482,0.1850059439116482,0.0,0.0488230665094166,0.04427069226067702,6.827273480215686,7.5292470137977645,7.0,0.42,0.0,0.41655487185172857,0.0,1.0,1.0,,,,,07/22/2025,68,68.0,51.0,92.0,,79.66666666666667,72.66666666666667,90.0,28.0,/kentucky-statistics-for-each-scratcher-game
68,20,960,500000,2.96,Top Prize Claimed,,,"November 7, 2024","August 31, 2025","February 28, 2026",07/22/2025,https://www.kylottery.com/apps/scratch_offs/prizes_remaining.html#game68,Jackpot Frost,66473,66473,https://www.kylottery.com/export/kylmod/galleries/images/KYLottery_ScratchOffs/Jackpot-Frost-960-CV.jpg,0,0,196760.08,196760.08,130287.07999999999,130287.07999999999,inf,inf,,2.96,-4.0658653936146695e-07,3.69,3.6921113863244015,0.0,0.337837975198211,0.337837975198211,0.0,0.27084773327912176,0.27084773327912176,0.0,0.0679171300246868,0.07255858619401309,4.907579631585574,4.593592827449423,5.0,0.34,0.0,0.3436826590770482,0.0,1.0,1.0,,,,,07/22/2025,257,45.0,44.0,25.0,,,38.0,7.0,3.0,/kentucky-statistics-for-each-scratcher-game
69,5,977,75000,2.92,,,,"April 3, 2025",TBD,TBD,07/22/2025,https://www.kylottery.com/apps/scratch_offs/prizes_remaining.html#game69,Kentucky Bourbon Trail®,284215,284215,https://www.kylottery.com/export/kylmod/galleries/images/KYLottery_ScratchOffs/KY977CV_v14.jpg,1,1,829907.7999999999,829907.7999999999,545692.7999999999,545692.7999999999,829907.7999999999,829907.7999999999,0.0,2.92,-9.639625028186384e-07,4.17,4.16998879503967,0.0,0.34246608354912056,0.34246608354912056,0.0,0.23980879785325343,0.23980879785325343,0.0,0.042706305332736935,0.03763078956931339,7.805034334573894,8.85760043073741,5.0,0.34,0.0,0.342046036483606,0.0,1.0,1.0,,,,,07/22/2025,110,77.66666666666667,58.666666666666664,23.0,,43.166666666666664,50.625,24.0,5.0,/kentucky-statistics-for-each-scratcher-game
70,3,965,30000,3.57,Top Prize Claimed,,,"January 9, 2025","September 30, 2025","March 31, 2026",07/22/2025,https://www.kylottery.com/apps/scratch_offs/prizes_remaining.html#game70,Kentucky Jackpot,83405,83405,https://www.kylottery.com/export/kylmod/galleries/images/KYLottery_ScratchOffs/KY965-CVv9.jpg,0,0,297755.85,297755.85,214350.84999999998,214350.84999999998,inf,inf,,3.57,-2.854687825559972e-06,9.46,9.46335494533435,0.0,0.28011284445265405,0.28011284445265405,0.0,0.10567076959245017,0.10567076959245017,0.0,0.04526364761541807,0.014375241397536391,7.363611236755707,23.170940121619406,11.0,0.28,0.0,0.28098716506299926,0.0,1.0,1.0,,,,,07/22/2025,194,74.66666666666667,82.0,6.0,,,54.22222222222223,38.0,5.0,/kentucky-statistics-for-each-scratcher-game
71,5,966,125000,3.52,,,,"January 9, 2025",TBD,TBD,07/22/2025,https://www.kylottery.com/apps/scratch_offs/prizes_remaining.html#game71,Kentucky Jackpot,516411,516411,https://www.kylottery.com/export/kylmod/galleries/images/KYLottery_ScratchOffs/KY966-CV.jpg,1,1,1817766.72,1817766.72,1301355.72,1301355.72,1817766.72,1817766.72,0.0,3.52,-3.960904290162775e-07,5.78,5.781404254236426,0.0,0.28409102161664374,0.28409102161664374,0.0,0.17296835786344336,0.17296835786344336,0.0,0.04811487357559288,0.040355294651553686,6.927771743319549,8.25974830570199,8.0,0.4,0.0,0.3954804963895243,0.0,1.0,1.0,,,,,07/22/2025,194,70.0,56.333333333333336,71.0,,64.83333333333333,65.54166666666667,67.0,19.0,/kentucky-statistics-for-each-scratcher-game
72,10,967,250000,3.42,,,,"January 9, 2025",TBD,TBD,07/22/2025,https://www.kylottery.com/apps/scratch_offs/prizes_remaining.html#game72,Kentucky Jackpot,219541,219541,https://www.kylottery.com/export/kylmod/galleries/images/KYLottery_ScratchOffs/KY967-CV.jpg,1,1,750830.22,750830.22,531289.22,531289.22,750830.22,750830.22,0.0,3.42,-2.930089840673641e-07,7.97,7.9703406473254566,0.0,0.2923977464938801,0.2923977464938801,0.0,0.12546515189856558,0.12546515189856558,0.0,0.049240902000229785,0.016926069825998202,6.769231308503704,19.68937070172839,9.0,0.41,0.0,0.41191880985043217,0.0,1.0,1.0,,,,,07/22/2025,194,67.0,80.0,91.0,,73.0,77.75,106.0,23.0,/kentucky-statistics-for-each-scratcher-game
73,20,968,1000000,3.24,Top Prize Claimed,,,"January 9, 2025",TBD,TBD,07/22/2025,https://www.kylottery.com/apps/scratch_offs/prizes_remaining.html#game73,Kentucky Jackpot,113644,113644,https://www.kylottery.com/export/kylmod/galleries/images/KYLottery_ScratchOffs/KY968-CVv8.jpg,0,0,368206.56,368206.56,254562.56,254562.56,inf,inf,,3.24,-1.5208854509118908e-06,4.15,4.148145644630707,0.0,0.30864244471844565,0.30864244471844565,0.0,0.24107157406451823,0.24107157406451823,0.0,0.041171894196719155,0.04114188214777191,8.095561169885443,8.10130439586845,5.0,0.37,0.0,0.37063016354975203,0.0,1.0,1.0,,,,,07/22/2025,194,78.66666666666667,55.333333333333336,50.0,,,61.333333333333336,57.0,7.0,/kentucky-statistics-for-each-scratcher-game
74,30,969,3000000,2.45,,,,"January 9, 2025",TBD,TBD,07/22/2025,https://www.kylottery.com/apps/scratch_offs/prizes_remaining.html#game74,Kentucky Jackpot,185631,185631,https://www.kylottery.com/export/kylmod/galleries/images/KYLottery_ScratchOffs/KY969-CV.jpg,1,1,454795.95,454795.95,269164.95,269164.95,454795.95,454795.95,0.0,2.45,-2.088848856424923e-06,4.15,4.150725563566669,0.0,0.4081641178992733,0.4081641178992733,0.0,0.24092173396805153,0.24092173396805153,0.0,0.06536109299518147,0.05173828318705498,5.099733810797086,6.442303726671492,5.0,0.37,0.0,0.37017484067913387,0.0,1.0,1.0,,,,,07/22/2025,194,46.333333333333336,47.0,49.0,,48.666666666666664,47.75,20.0,3.0,/kentucky-statistics-for-each-scratcher-game
75,10,972,150000,2.62,Top Prize Claimed,,,"February 20, 2025",TBD,TBD,07/22/2025,https://www.kylottery.com/apps/scratch_offs/prizes_remaining.html#game75,King Crossword,125693,125693,https://www.kylottery.com/export/kylmod/galleries/images/KYLottery_ScratchOffs/KY972CV-V5.jpg,0,0,329315.66000000003,329315.66000000003,203622.66000000003,203622.66000000003,inf,inf,,2.62,-2.0041561340101954e-06,4.19,4.1875739118271635,0.0,0.38168015425959945,0.38168015425959945,0.0,0.23880175515843494,0.23880175515843494,0.0,0.06548570179041142,0.05745963604560364,5.089963546533295,5.800745859493653,6.0,0.29,0.0,0.28953433642561077,0.0,1.0,1.0,,,,,07/22/2025,152,46.0,45.666666666666664,7.0,,,32.888888888888886,1.0,1.0,/kentucky-statistics-for-each-scratcher-game
76,2,982,777,3.65,Top Prize Claimed,,,"April 3, 2025",TBD,TBD,07/22/2025,https://www.kylottery.com/apps/scratch_offs/prizes_remaining.html#game76,Lucky 7 Tripler,168577,168577,https://www.kylottery.com/export/kylmod/galleries/images/KYLottery_ScratchOffs/KY982CV_v4.jpg,0,0,615306.0499999999,615306.0499999999,446729.04999999993,446729.04999999993,inf,inf,,3.65,-8.126037438068099e-08,6.71,6.707794614629892,0.0,0.27397262500284414,0.27397262500284414,0.0,0.14908029500768724,0.14908029500768724,0.0,0.04758102815323693,0.032805537827187904,7.005302206273873,10.159760709072717,9.0,0.32,0.0,0.3240623364634832,0.0,1.0,1.0,,,,,07/22/2025,110,71.0,63.0,15.0,,,49.666666666666664,23.0,2.0,/kentucky-statistics-for-each-scratcher-game
77,2,970,15000,4.29,,,,"February 20, 2025",TBD,TBD,07/22/2025,https://www.kylottery.com/apps/scratch_offs/prizes_remaining.html#game77,Lucky Me!,153834,153834,https://www.kylottery.com/export/kylmod/galleries/images/KYLottery_ScratchOffs/KY970CV.jpg,1,1,659947.86,659947.86,506113.86,506113.86,659947.86,659947.86,0.0,4.29,-1.303133250517612e-06,8.06,8.055501983521513,0.0,0.2331005368612934,0.2331005368612934,0.0,0.12413875659712068,0.12413875659712068,0.0,0.038640013305709715,0.025705305935064884,8.62615235721671,12.965439154393838,10.0,0.37,0.0,0.369400876130962,0.0,1.0,1.0,,,,,07/22/2025,152,81.0,70.33333333333333,47.0,,50.0,62.08333333333333,58.0,7.0,/kentucky-statistics-for-each-scratcher-game
78,20,747,1000000,3.61,,,,"May 21, 2021",TBD,TBD,07/22/2025,https://www.kylottery.com/apps/scratch_offs/prizes_remaining.html#game78,Max,503556,503556,https://www.kylottery.com/export/kylmod/galleries/images/KYLottery_ScratchOffs/ezgif.com-gif-maker-6.gif,2,2,1817837.16,1817837.16,1314281.16,1314281.16,908918.58,908918.58,0.0,3.61,-8.801668461472035e-08,9.09,9.092367328564999,0.0,0.2770083346306627,0.2770083346306627,0.0,0.10998235815422396,0.10998235815422396,0.0,0.04725153772805881,0.013989031797373135,7.054345311799865,23.825352271518792,10.0,0.47,0.0,0.4659492572766425,0.0,1.0,1.0,,,,,07/22/2025,1523,71.66666666666667,83.33333333333333,115.0,,84.83333333333333,88.70833333333333,126.0,17.0,/kentucky-statistics-for-each-scratcher-game
79,20,808,1000000,3.58,,,,"May 12, 2022","July 31, 2025","January 31, 2026",07/22/2025,https://www.kylottery.com/apps/scratch_offs/prizes_remaining.html#game79,Mega Millionaire,37608,37608,https://www.kylottery.com/export/kylmod/galleries/images/KYLottery_ScratchOffs/Mega_Millionaire_808.jpg,1,1,134636.64,134636.64,97028.64000000001,97028.64000000001,134636.64,134636.64,0.0,3.58,-4.753535144651544e-06,9.67,9.670736963080017,0.0,0.2793309367479723,0.2793309367479723,0.0,0.10340473573189934,0.10340473573189934,0.0,0.05380968904022246,0.014679206380766023,6.193651045081969,22.670879994001453,11.0,0.7,0.0,0.7045886687067353,0.0,1.0,1.0,,,,,07/22/2025,1167,54.0,81.66666666666667,126.0,,71.16666666666667,83.20833333333334,120.0,14.0,/kentucky-statistics-for-each-scratcher-game
80,30,879,3000000,2.61,,,,"February 16, 2023",TBD,TBD,07/22/2025,https://www.kylottery.com/apps/scratch_offs/prizes_remaining.html#game80,Mega Multiplier!,400077,400077,https://www.kylottery.com/export/kylmod/galleries/images/KYLottery_ScratchOffs/MegaMultiplier879.gif,1,1,1044200.97,1044200.97,644123.97,644123.97,1044200.97,1044200.97,0.0,2.61,-9.289399529718611e-07,5.48,5.477713020715848,0.0,0.3831421183681287,0.3831421183681287,0.0,0.18255793909212795,0.18255793909212795,0.0,0.06264846792524521,0.03166984953178959,5.320623334821991,10.524676771371112,7.0,0.37,0.0,0.3694059247909085,0.0,1.0,1.0,,,,,07/22/2025,887,48.0,65.0,48.0,,52.0,53.25,33.0,5.0,/kentucky-statistics-for-each-scratcher-game
81,5,975,77777,3.29,,,,"February 20, 2025",TBD,TBD,07/22/2025,https://www.kylottery.com/apps/scratch_offs/prizes_remaining.html#game81,Mega Super Hot 7s,566692,566692,https://www.kylottery.com/export/kylmod/galleries/images/KYLottery_ScratchOffs/KY975CV.jpg,2,2,1864416.68,1864416.68,1297724.68,1297724.68,932208.34,932208.34,0.0,3.29,-3.647253359173799e-07,4.91,4.910531846806628,0.0,0.3039514786399602,0.3039514786399602,0.0,0.2036439292518408,0.2036439292518408,0.0,0.04711967854407392,0.0426490773843714,7.07409690781524,7.8155611372673315,6.0,0.39,0.0,0.38943808677891634,0.0,1.0,1.0,,,,,07/22/2025,152,72.33333333333333,55.0,67.0,,64.0,64.58333333333333,65.0,18.0,/kentucky-statistics-for-each-scratcher-game
82,50,904,1000000,2.98,,,,"September 21, 2023",TBD,TBD,07/22/2025,https://www.kylottery.com/apps/scratch_offs/prizes_remaining.html#game82,Millionaire Club,325448,325448,https://www.kylottery.com/export/kylmod/galleries/images/KYLottery_ScratchOffs/KY904CV_v8-PEC1.jpg,1,1,969835.04,969835.04,644387.04,644387.04,969835.04,969835.04,0.0,2.98,-4.124412742728715e-08,2.98,2.9799998770925002,0.0,0.3355704836389695,0.3355704836389695,0.0,0.3355704836389695,0.3355704836389695,0.0,0.10450920808986262,0.10450920808986262,3.18948035935659,3.18948035935659,4.0,0.45,0.0,0.44981208143653306,0.0,1.0,1.0,,,,,07/22/2025,670,42.666666666666664,42.666666666666664,112.0,,85.16666666666667,70.625,79.5,3.0,/kentucky-statistics-for-each-scratcher-game
83,10,878,200000,3.26,Top Prize Claimed,,,"February 16, 2023","August 31, 2025","February 28, 2026",07/22/2025,https://www.kylottery.com/apps/scratch_offs/prizes_remaining.html#game83,Money Bag Multiplier,105055,105055,https://www.kylottery.com/export/kylmod/galleries/images/KYLottery_ScratchOffs/KY878CV.jpg,0,0,342479.3,342479.3,237424.3,237424.3,inf,inf,,3.26,-8.759653502895259e-07,7.38,7.375608390403584,0.0,0.3067487349589318,0.3067487349589318,0.0,0.13558203568685964,0.13558203568685964,0.0,0.054391369861684066,0.024224809152622078,6.128065724194637,13.755921968857875,9.0,0.37,0.0,0.37348421363061673,0.0,1.0,1.0,,,,,07/22/2025,887,53.333333333333336,71.0,53.0,,,59.111111111111114,50.0,14.0,/kentucky-statistics-for-each-scratcher-game
84,5,936,60000,3.63,,,,"May 9, 2024",TBD,TBD,07/22/2025,https://www.kylottery.com/apps/scratch_offs/prizes_remaining.html#game84,Mood Money,217311,217311,https://www.kylottery.com/export/kylmod/galleries/images/KYLottery_ScratchOffs/KY936CV.jpg,1,1,788838.9299999999,788838.9299999999,571527.9299999999,571527.9299999999,788838.9299999999,788838.9299999999,0.0,3.63,-1.1789479000636712e-06,7.07,7.073067508316372,0.0,0.27548241844333055,0.27548241844333055,0.0,0.14138137361536843,0.14138137361536843,0.0,0.03982001590289181,0.017554737378315206,8.370677057614051,18.98499439526613,8.0,0.4,0.0,0.39878149886288444,0.0,1.0,1.0,,,,,07/22/2025,439,79.33333333333333,79.33333333333333,76.0,,60.5,73.79166666666666,96.0,31.0,/kentucky-statistics-for-each-scratcher-game
85,10,807,100000,3.19,Top Prize Claimed,,,"February 17, 2022",TBD,TBD,07/22/2025,https://www.kylottery.com/apps/scratch_offs/prizes_remaining.html#game85,Multiplier Craze,214212,214212,https://www.kylottery.com/export/kylmod/galleries/images/KYLottery_ScratchOffs/multiplier_craze-807.gif,0,0,683336.28,683336.28,469124.28,469124.28,inf,inf,,3.19,-4.0975433063998846e-07,6.93,6.926732352106394,0.0,0.3134797522741375,0.3134797522741375,0.0,0.1443682170996406,0.1443682170996406,0.0,0.050629491224943646,0.020774236699266445,6.583575711050903,16.042905984631915,8.0,0.38,0.0,0.3844587435756348,0.0,1.0,1.0,,,,,07/22/2025,1251,63.333333333333336,75.66666666666667,63.0,,,67.33333333333333,71.0,15.0,/kentucky-statistics-for-each-scratcher-game
86,3,907,24000,3.56,Top Prize Claimed,,,"October 19, 2023","September 30, 2025","March 31, 2026",07/22/2025,https://www.kylottery.com/apps/scratch_offs/prizes_remaining.html#game86,Naughty or Nice Cashword,114910,114910,https://www.kylottery.com/export/kylmod/galleries/images/KYLottery_ScratchOffs/KY907CV.jpg,0,0,409079.60000000003,409079.60000000003,294169.60000000003,294169.60000000003,inf,inf,,3.56,-1.4667072129859556e-06,7.89,7.8879890476465935,0.0,0.2808992884015068,0.2808992884015068,0.0,0.12677502389514006,0.12677502389514006,0.0,0.04939651628170011,0.018988741072668933,6.747717946566022,17.548321993345382,9.0,0.28,0.0,0.27632641453932694,0.0,1.0,1.0,,,,,07/22/2025,642,66.33333333333333,78.0,4.0,,,49.444444444444436,22.0,3.0,/kentucky-statistics-for-each-scratcher-game
87,5,908,50000,3.39,,,,"October 19, 2023","September 30, 2025","March 31, 2026",07/22/2025,https://www.kylottery.com/apps/scratch_offs/prizes_remaining.html#game87,Nutcracker Cash,495649,495649,https://www.kylottery.com/export/kylmod/galleries/images/KYLottery_ScratchOffs/Nutcracker.gif,2,2,1680250.11,1680250.11,1184601.11,1184601.11,840125.055,840125.055,0.0,3.39,-6.546644419620843e-08,5.79,5.785925076531578,0.0,0.29498527004909986,0.29498527004909986,0.0,0.17283320934384763,0.17283320934384763,0.0,0.05300760497411363,0.04390230648532494,6.288326070906569,7.592417009781113,8.0,0.39,0.0,0.3943151316768338,0.0,1.0,1.0,,,,,07/22/2025,642,55.666666666666664,52.333333333333336,70.0,,70.83333333333333,62.20833333333333,60.0,13.0,/kentucky-statistics-for-each-scratcher-game
88,3,981,21000,3.42,,,,"April 3, 2025",TBD,TBD,07/22/2025,https://www.kylottery.com/apps/scratch_offs/prizes_remaining.html#game88,One Word Crossword,198520,198520,https://www.kylottery.com/export/kylmod/galleries/images/KYLottery_ScratchOffs/KY981-CV-V9.jpg,1,1,678938.4,678938.4,480418.4,480418.4,678938.4,678938.4,0.0,3.42,-5.891550691100816e-07,5.97,5.971047887076206,0.0,0.292397833086379,0.292397833086379,0.0,0.16747479151262706,0.16747479151262706,0.0,0.05078488484584816,0.03967853774089154,6.563415744006802,8.400226583933977,8.0,0.34,0.0,0.343428511390829,0.0,1.0,1.0,,,,,07/22/2025,110,62.333333333333336,57.0,24.0,,46.333333333333336,47.41666666666667,18.0,1.0,/kentucky-statistics-for-each-scratcher-game
89,2,845,30000,4.65,,,,"May 15, 2025",TBD,TBD,07/22/2025,https://www.kylottery.com/apps/scratch_offs/prizes_remaining.html#game89,PAYDAY Multiplier,404593,404593,https://www.kylottery.com/export/kylmod/galleries/images/KYLottery_ScratchOffs/KY845CV-V7.jpg,2,2,1881357.4500000002,1881357.4500000002,1476764.4500000002,1476764.4500000002,940678.7250000001,940678.7250000001,0.0,4.65,-2.391889962557685e-07,13.52,13.522101313860219,0.0,0.21505381487936634,0.21505381487936634,0.0,0.07395300307171898,0.07395300307171898,0.0,0.045861332046825104,0.013998504406957832,7.2681566456347255,23.807992932895424,17.0,0.4,0.0,0.40274307321789543,0.0,1.0,1.0,,,,,07/22/2025,68,73.66666666666667,83.0,80.0,,70.5,76.79166666666667,104.0,11.0,/kentucky-statistics-for-each-scratcher-game
90,10,831,225000,3.35,,,,"December 2, 2021",TBD,TBD,07/22/2025,https://www.kylottery.com/apps/scratch_offs/prizes_remaining.html#game90,Payout Party,421382,421382,https://www.kylottery.com/export/kylmod/galleries/images/KYLottery_ScratchOffs/250_payoutparty.jpg,1,1,1411629.7,1411629.7,990247.7,990247.7,1411629.7,1411629.7,0.0,3.35,-4.958807540377202e-07,7.61,7.6059646003394485,0.0,0.2985076107107462,0.2985076107107462,0.0,0.13147576310772874,0.13147576310772874,0.0,0.05260250625320385,0.022342787729160176,6.3367383878145604,14.917858260186561,9.0,0.41,0.0,0.40514611133661893,0.0,1.0,1.0,,,,,07/22/2025,1328,56.666666666666664,74.33333333333333,84.0,,67.5,70.625,79.5,16.0,/kentucky-statistics-for-each-scratcher-game
91,5,903,100000,3.63,,,,"August 31, 2023","October 31, 2025","April 30, 2026",07/22/2025,https://www.kylottery.com/apps/scratch_offs/prizes_remaining.html#game91,Pink Diamond,259869,259869,https://www.kylottery.com/export/kylmod/galleries/images/KYLottery_ScratchOffs/KY903CV.jpg,1,1,943324.47,943324.47,683455.47,683455.47,943324.47,943324.47,0.0,3.63,-4.98237896853564e-07,7.64,7.64060196659701,0.0,0.2754822309195992,0.2754822309195992,0.0,0.1308797401529061,0.1308797401529061,0.0,0.0495680652831109,0.02682522644598134,6.724585795707555,12.424863897705142,10.0,0.4,0.0,0.39598377651793026,0.0,1.0,1.0,,,,,07/22/2025,691,65.33333333333333,69.33333333333333,73.0,,63.666666666666664,67.83333333333333,73.0,21.0,/kentucky-statistics-for-each-scratcher-game
92,10,806,210000,3.48,,,,"May 12, 2022",TBD,TBD,07/22/2025,https://www.kylottery.com/apps/scratch_offs/prizes_remaining.html#game92,Power 10's,382759,382759,https://www.kylottery.com/export/kylmod/galleries/images/KYLottery_ScratchOffs/Power_10s_806.gif,1,1,1332001.32,1332001.32,949242.3200000001,949242.3200000001,1332001.32,1332001.32,0.0,3.48,-2.4024000222117226e-07,8.32,8.31897499312998,0.0,0.28735639087358045,0.28735639087358045,0.0,0.12020711696162391,0.12020711696162391,0.0,0.055337413857912666,0.02368722193594296,6.0235573793481265,14.071048128346606,10.0,0.42,0.0,0.41940809353746733,0.0,1.0,1.0,,,,,07/22/2025,1167,52.666666666666664,72.33333333333333,95.0,,75.33333333333333,73.83333333333333,97.0,21.0,/kentucky-statistics-for-each-scratcher-game
93,5,833,80000,3.58,,,,"February 17, 2022",TBD,TBD,07/22/2025,https://www.kylottery.com/apps/scratch_offs/prizes_remaining.html#game93,Power Shot,548725,548725,https://www.kylottery.com/export/kylmod/galleries/images/KYLottery_ScratchOffs/KY833-833.jpg,1,1,1964435.5,1964435.5,1415710.5,1415710.5,1964435.5,1964435.5,0.0,3.58,-2.54526045801547e-07,6.32,6.316206613828915,0.0,0.2793296800352264,0.2793296800352264,0.0,0.1583228765522911,0.1583228765522911,0.0,0.04652837241565989,0.035104735376835366,7.163994013211819,9.495105241056379,8.0,0.41,0.0,0.41164507861038935,0.0,1.0,1.0,,,,,07/22/2025,1251,73.0,60.666666666666664,90.0,,73.33333333333333,74.25,98.5,32.0,/kentucky-statistics-for-each-scratcher-game
94,10,554,177000,3.28,Top Prize Claimed,,,"August 31, 2023","July 31, 2025","January 31, 2026",07/22/2025,https://www.kylottery.com/apps/scratch_offs/prizes_remaining.html#game94,Precious 7's,79462,79462,https://www.kylottery.com/export/kylmod/galleries/images/KYLottery_ScratchOffs/Precious-7s-Cropped.png,0,0,260635.36,260635.36,181173.36,181173.36,inf,inf,,3.28,-1.3812400589139677e-06,7.71,7.707446179323397,0.0,0.3048784698908435,0.3048784698908435,0.0,0.12974466207531604,0.12974466207531604,0.0,0.06078431234338011,0.031869547535466065,5.483492662909068,10.456071416674597,10.0,0.36,0.0,0.35857003088610506,0.0,1.0,1.0,,,,,07/22/2025,691,48.666666666666664,64.33333333333333,40.0,,,51.0,25.0,7.0,/kentucky-statistics-for-each-scratcher-game
95,1,880,2000,4.79,,,,"June 15, 2023","October 31, 2025","April 30, 2026",07/22/2025,https://www.kylottery.com/apps/scratch_offs/prizes_remaining.html#game95,Precious Metals Copper,136437,136437,https://www.kylottery.com/export/kylmod/galleries/images/KYLottery_ScratchOffs/KY880CV-V7.jpg,1,1,653533.23,653533.23,517096.23,517096.23,653533.23,653533.23,0.0,4.79,-3.519331374225051e-07,16.91,16.90637934602649,0.0,0.20876834069587916,0.20876834069587916,0.0,0.05914927019752637,0.05914927019752637,0.0,0.05099214987832832,0.0112823721715617,6.536640723431786,29.522050647281958,21.0,0.32,0.0,0.32172208595434354,0.0,1.0,1.0,,,,,07/22/2025,768,60.666666666666664,84.33333333333333,14.0,,46.5,51.375,26.0,1.0,/kentucky-statistics-for-each-scratcher-game
96,2,888,20000,4.66,Top Prize Claimed,,,"June 15, 2023","October 31, 2025","April 30, 2026",07/22/2025,https://www.kylottery.com/apps/scratch_offs/prizes_remaining.html#game96,Precious Metals Silver,232782,232782,https://www.kylottery.com/export/kylmod/galleries/images/KYLottery_ScratchOffs/KY888CV.jpg,0,0,1084764.12,1084764.12,851982.1200000001,851982.1200000001,inf,inf,,4.66,-1.1062312801603812e-07,15.0,14.99950221238938,0.0,0.21459229841698285,0.21459229841698285,0.0,0.06666887912946963,0.06666887912946963,0.0,0.05063654393965523,0.014073308904186215,6.582674908397235,23.67774355409236,19.0,0.39,0.0,0.3901945492291411,0.0,1.0,1.0,,,,,07/22/2025,768,63.0,82.33333333333333,68.0,,,71.1111111111111,82.0,9.0,/kentucky-statistics-for-each-scratcher-game
97,20,891,500000,2.96,Top Prize Claimed,,,"June 15, 2023",TBD,TBD,07/22/2025,https://www.kylottery.com/apps/scratch_offs/prizes_remaining.html#game97,Precious Metals Titanium,39115,39115,https://www.kylottery.com/export/kylmod/galleries/images/KYLottery_ScratchOffs/KY891CV_v8.jpg,0,0,115780.4,115780.4,76665.4,76665.4,inf,inf,,2.96,-3.4548161864355863e-06,4.89,4.886469148307588,0.0,0.33783900500950076,0.33783900500950076,0.0,0.20464674382449474,0.20464674382449474,0.0,0.057908379622493365,0.048334744577647124,5.7553723470411295,6.8943437030855215,6.0,0.35,0.0,0.34988555881844874,0.0,1.0,1.0,,,,,07/22/2025,768,50.666666666666664,48.666666666666664,31.0,,,43.444444444444436,12.0,5.0,/kentucky-statistics-for-each-scratcher-game
98,10,925,150000,3.20,Top Prize Claimed,,,"February 15, 2024","September 30, 2025","March 31, 2026",07/22/2025,https://www.kylottery.com/apps/scratch_offs/prizes_remaining.html#game98,Red Cherry Tripler,56828,56828,https://www.kylottery.com/export/kylmod/galleries/images/KYLottery_ScratchOffs/KY925CV.jpg,0,0,181849.6,181849.6,125021.6,125021.6,inf,inf,,3.2,-3.299429858633074e-06,6.44,6.436677049412431,0.0,0.31250103107523275,0.31250103107523275,0.0,0.15535966653652206,0.15535966653652206,0.0,0.05435167693043252,0.03349883715846697,6.132236990316544,9.947090708371684,8.0,0.34,0.0,0.33990838552865293,0.0,1.0,1.0,,,,,07/22/2025,523,53.666666666666664,62.333333333333336,22.0,,,46.0,16.0,5.0,/kentucky-statistics-for-each-scratcher-game
99,5,949,100000,3.51,Top Prize Claimed,,,"August 29, 2024","September 30, 2025","March 31, 2026",07/22/2025,https://www.kylottery.com/apps/scratch_offs/prizes_remaining.html#game99,Ring Of Fire,68173,68173,https://www.kylottery.com/export/kylmod/galleries/images/KYLottery_ScratchOffs/KY949-CV.jpg,0,0,239287.22999999998,239287.22999999998,171114.22999999998,171114.22999999998,inf,inf,,3.51,-9.611879412687716e-07,7.25,7.2515607006485245,0.0,0.2849005587432665,0.2849005587432665,0.0,0.13790134858976877,0.13790134858976877,0.0,0.052815113806537486,0.03240001674390606,6.3107404833855165,10.28485393255113,9.0,0.31,0.0,0.3104890779691333,0.0,1.0,1.0,,,,,07/22/2025,327,56.0,63.666666666666664,11.0,,,43.55555555555555,13.5,4.0,/kentucky-statistics-for-each-scratcher-game
100,10,894,200000,3.19,,,,"July 20, 2023","September 30, 2025","March 31, 2026",07/22/2025,https://www.kylottery.com/apps/scratch_offs/prizes_remaining.html#game100,Six Figures,65264,65264,https://www.kylottery.com/export/kylmod/galleries/images/KYLottery_ScratchOffs/KY894CV.jpg,1,1,208192.16,208192.16,142928.16,142928.16,208192.16,208192.16,0.0,3.19,-7.685207742918527e-07,4.8,4.799262332872291,0.0,0.31347986474023976,0.31347986474023976,0.0,0.2083653550568706,0.2083653550568706,0.0,0.050504276882039775,0.04634492764497939,6.599433702648278,7.19125247250539,6.0,0.47,0.0,0.46976348754995384,0.0,1.0,1.0,,,,,07/22/2025,733,64.0,49.0,116.0,,75.83333333333333,76.20833333333333,102.0,22.0,/kentucky-statistics-for-each-scratcher-game
101,5,958,100000,3.31,,,,"November 7, 2024","October 31, 2025","April 30, 2026",07/22/2025,https://www.kylottery.com/apps/scratch_offs/prizes_remaining.html#game101,Stocking Stuffer,214468,214468,https://www.kylottery.com/export/kylmod/galleries/images/KYLottery_ScratchOffs/Stocking-Stuffer.gif,2,2,709889.08,709889.08,495421.07999999996,495421.07999999996,354944.54,354944.54,0.0,3.31,-1.1269366198862159e-07,5.93,5.927992851893914,0.0,0.302114837671805,0.302114837671805,0.0,0.1686911615759647,0.1686911615759647,0.0,0.053014285320921194,0.04101559727751421,6.287429118078205,8.12643811793175,8.0,0.4,0.0,0.4023544525975188,0.0,1.0,1.0,,,,,07/22/2025,257,55.333333333333336,55.666666666666664,79.0,,72.5,65.625,69.0,20.0,/kentucky-statistics-for-each-scratcher-game
102,10,940,210000,2.99,Top Prize Claimed,,,"June 13, 2024","July 31, 2025","January 31, 2026",07/22/2025,https://www.kylottery.com/apps/scratch_offs/prizes_remaining.html#game102,The Big $10 Ticket,57168,57168,https://www.kylottery.com/export/kylmod/galleries/images/KYLottery_ScratchOffs/The-Big-$10-Ticket.gif,0,0,170932.32,170932.32,113764.32,113764.32,inf,inf,,2.99,-1.8720859812935578e-06,5.15,5.153832237833926,0.0,0.33444878665200195,0.33444878665200195,0.0,0.19403037465190837,0.19403037465190837,0.0,0.04580247908463775,0.02918387738008133,7.276700109808293,11.417899476769586,6.0,0.35,0.0,0.34985257295298716,0.0,1.0,1.0,,,,,07/22/2025,404,74.0,67.66666666666667,30.0,,,57.22222222222223,43.0,13.0,/kentucky-statistics-for-each-scratcher-game
103,3,829,25000,3.69,Top Prize Claimed,,,"January 6, 2022","July 31, 2025","January 31, 2026",07/22/2025,https://www.kylottery.com/apps/scratch_offs/prizes_remaining.html#game103,The Cash Wheel,102105,102105,https://www.kylottery.com/export/kylmod/galleries/images/KYLottery_ScratchOffs/KY829CV_v6.jpg,0,0,376767.45,376767.45,274662.45,274662.45,inf,inf,,3.69,-1.1943706920800685e-06,6.08,6.0791422624522,0.0,0.2710030337051812,0.2710030337051812,0.0,0.1644968906512513,0.1644968906512513,0.0,0.03527774501992922,0.023740064004672424,9.447953355056322,14.03778158793822,7.0,0.34,0.0,0.33538853809737407,0.0,1.0,1.0,,,,,07/22/2025,1293,83.66666666666667,72.0,20.0,,,58.555555555555564,49.0,9.0,/kentucky-statistics-for-each-scratcher-game
104,5,931,75000,3.16,Top Prize Claimed,,,"June 13, 2024","October 31, 2025","April 30, 2026",07/22/2025,https://www.kylottery.com/apps/scratch_offs/prizes_remaining.html#game104,The Price Is Right™,121920,121920,https://www.kylottery.com/export/kylmod/galleries/images/KYLottery_ScratchOffs/KY931CV-V17.jpg,0,0,385267.2,385267.2,263347.2,263347.2,inf,inf,,3.16,-5.191202365301058e-07,5.03,5.025330985456206,0.0,0.3164558604811728,0.3164558604811728,0.0,0.1989918679772729,0.1989918679772729,0.0,0.041533877204674385,0.03150153265514463,8.025048827984833,10.580035448680087,6.0,0.33,0.0,0.3308453617880587,0.0,1.0,1.0,,,,,07/22/2025,404,78.0,65.33333333333333,19.0,,,54.11111111111111,37.0,7.0,/kentucky-statistics-for-each-scratcher-game
105,3,803,25000,3.70,Top Prize Claimed,,,"June 15, 2023","July 31, 2025","January 31, 2026",07/22/2025,https://www.kylottery.com/apps/scratch_offs/prizes_remaining.html#game105,Treasure Hunt,118853,118853,https://www.kylottery.com/export/kylmod/galleries/images/KYLottery_ScratchOffs/KY803CVV3.jpg,0,0,439756.10000000003,439756.10000000003,320903.10000000003,320903.10000000003,inf,inf,,3.7,-2.2739877860602378e-07,8.47,8.466289322706094,0.0,0.27027033172941356,0.27027033172941356,0.0,0.11811550041386587,0.11811550041386587,0.0,0.049039181661115934,0.023040571009868734,6.79689708448894,14.463205656138658,11.0,0.35,0.0,0.34619880115336693,0.0,1.0,1.0,,,,,07/22/2025,768,67.66666666666667,73.33333333333333,28.0,,,56.333333333333336,41.0,6.0,/kentucky-statistics-for-each-scratcher-game
106,10,746,200000,3.45,,,,"March 31, 2022",TBD,TBD,07/22/2025,https://www.kylottery.com/apps/scratch_offs/prizes_remaining.html#game106,Triple Jackpot,989108,989108,https://www.kylottery.com/export/kylmod/galleries/images/KYLottery_ScratchOffs/TripleJackpot_746.png,3,3,3412422.6,3412422.6,2423314.6,2423314.6,1137474.2,1137474.2,0.0,3.45,-1.7582816388047223e-07,8.14,8.136709379903001,0.0,0.28985512342846226,0.28985512342846226,0.0,0.1228998054754072,0.1228998054754072,0.0,0.04869356376525727,0.014772100645334539,6.845484302295092,22.563845678016506,9.0,0.42,0.0,0.423232824076272,0.0,1.0,1.0,,,,,07/22/2025,1209,68.66666666666667,81.0,100.0,,78.66666666666667,82.08333333333334,117.0,30.0,/kentucky-statistics-for-each-scratcher-game
107,2,821,15000,4.67,Top Prize Claimed,,,"June 13, 2024","July 31, 2025","January 31, 2026",07/22/2025,https://www.kylottery.com/apps/scratch_offs/prizes_remaining.html#game107,Triple Play,141680,141680,https://www.kylottery.com/export/kylmod/galleries/images/KYLottery_ScratchOffs/KY821CV.jpg,0,0,661645.6,661645.6,519965.6,519965.6,inf,inf,,4.67,-9.068298799003635e-07,11.57,11.569849791036424,0.0,0.21413295649479705,0.21413295649479705,0.0,0.08643154561736278,0.08643154561736278,0.0,0.04346177177520774,0.020579886940849224,7.669160191459719,16.19245777192068,15.0,0.35,0.0,0.34632317934844215,0.0,1.0,1.0,,,,,07/22/2025,404,75.66666666666667,76.0,29.0,,,60.22222222222223,53.0,5.0,/kentucky-statistics-for-each-scratcher-game
108,10,986,200000,2.98,Top Prize Claimed,,,"May 15, 2025",TBD,TBD,07/22/2025,https://www.kylottery.com/apps/scratch_offs/prizes_remaining.html#game108,Turtle,80167,80167,https://www.kylottery.com/export/kylmod/galleries/images/KYLottery_ScratchOffs/KY986CV.jpg,0,0,238897.66,238897.66,158730.66,158730.66,inf,inf,,2.98,-2.762689261997516e-06,4.73,4.726889592402058,0.0,0.3355713968781525,0.3355713968781525,0.0,0.21155560764681014,0.21155560764681014,0.0,0.05646701188545787,0.049366125665962574,5.902716980840865,6.751366460949724,6.0,0.32,0.0,0.32032005424932086,0.0,1.0,1.0,,,,,07/22/2025,68,51.666666666666664,48.0,13.0,,,37.55555555555555,6.0,2.0,/kentucky-statistics-for-each-scratcher-game
109,2,962,10000,3.29,Top Prize Claimed,,,"November 7, 2024","September 30, 2025","March 31, 2026",07/22/2025,https://www.kylottery.com/apps/scratch_offs/prizes_remaining.html#game109,Twelve Elves,108048,108048,https://www.kylottery.com/export/kylmod/galleries/images/KYLottery_ScratchOffs/Twelve-Elves-962-CV.png,0,0,355477.92,355477.92,247429.91999999998,247429.91999999998,inf,inf,,3.29,-2.5880651040694752e-06,5.33,5.330049630395994,0.0,0.30395215442911916,0.30395215442911916,0.0,0.18761551380258076,0.18761551380258076,0.0,0.047297673343107235,0.0390374993234807,7.0471033587408565,8.537705217764378,7.0,0.25,0.0,0.2479822885868847,0.0,1.0,1.0,,,,,07/22/2025,257,71.33333333333333,57.333333333333336,2.0,,,43.55555555555555,13.5,1.0,/kentucky-statistics-for-each-scratcher-game
110,5,984,100000,3.41,,,,"February 20, 2025",TBD,TBD,07/22/2025,https://www.kylottery.com/apps/scratch_offs/prizes_remaining.html#game110,Waves of Cash,275045,275045,https://www.kylottery.com/export/kylmod/galleries/images/KYLottery_ScratchOffs/KY984CV_v6.jpg,3,3,937903.4500000001,937903.4500000001,662858.4500000001,662858.4500000001,312634.48333333334,312634.48333333334,0.0,3.41,-4.797935224747936e-07,5.51,5.507681014739562,0.0,0.29325527266678963,0.29325527266678963,0.0,0.18156461808950392,0.18156461808950392,0.0,0.05082906084765813,0.044124235939635915,6.55777187814784,7.554092201579251,7.0,0.42,0.0,0.42476631378724666,0.0,1.0,1.0,,,,,07/22/2025,152,61.666666666666664,51.666666666666664,103.0,,74.33333333333333,72.66666666666666,89.0,27.0,/kentucky-statistics-for-each-scratcher-game
111,20,915,500000,2.96,Top Prize Claimed,,,"December 7, 2023","August 31, 2025","February 28, 2026",07/22/2025,https://www.kylottery.com/apps/scratch_offs/prizes_remaining.html#game111,When It's Gold Outside,52391,52391,https://www.kylottery.com/export/kylmod/galleries/images/KYLottery_ScratchOffs/KY915CV_v9.jpg,0,0,155077.36,155077.36,102686.35999999999,102686.35999999999,inf,inf,,2.96,-2.3214220308805365e-06,4.2,4.196373968339873,0.0,0.33783862210385807,0.33783862210385807,0.0,0.2383009730649935,0.2383009730649935,0.0,0.06063846597033113,0.06053347424426532,5.496484072973527,5.505774705988921,6.0,0.35,0.0,0.34540905485661966,0.0,1.0,1.0,,,,,07/22/2025,593,49.333333333333336,45.333333333333336,27.0,,,40.55555555555556,9.0,4.0,/kentucky-statistics-for-each-scratcher-game
112,1,696,8000,4.65,,,,"June 19, 2020",TBD,TBD,07/22/2025,https://www.kylottery.com/apps/scratch_offs/prizes_remaining.html#game112,Wild 8's,4154528,4154528,https://www.kylottery.com/export/kylmod/galleries/images/KYLottery_ScratchOffs/KY696.gif,35,35,19318555.200000003,19318555.200000003,15164027.200000003,15164027.200000003,551958.7200000001,551958.7200000001,0.0,4.65,-1.0352741173296782e-08,8.66,8.659285851318085,0.0,0.21505376566725617,0.21505376566725617,0.0,0.11548296443496939,0.11548296443496939,0.0,0.03276796762916982,0.019014179878341964,10.172511183084524,17.530638511577703,10.0,0.4,0.0,0.39630350199587905,0.0,1.0,1.0,,,,,07/22/2025,1859,84.0,77.66666666666667,74.0,,73.0,77.16666666666667,105.0,4.0,/kentucky-statistics-for-each-scratcher-game
113,10,990,250000,3.42,,,,"June 26, 2025",TBD,TBD,07/22/2025,https://www.kylottery.com/apps/scratch_offs/prizes_remaining.html#game113,Wild Cash 100X,491465,491465,https://www.kylottery.com/export/kylmod/galleries/images/KYLottery_ScratchOffs/KY990CV.jpg,2,2,1680810.3,1680810.3,1189345.3,1189345.3,840405.15,840405.15,0.0,3.42,-1.7848534125658877e-07,5.7,5.700327610882379,0.0,0.29239771300741907,0.29239771300741907,0.0,0.17542851363330775,0.17542851363330775,0.0,0.04314886018280176,0.032024996625957855,7.72507297839355,10.408168690216447,7.0,0.42,0.0,0.4220884573509201,0.0,1.0,1.0,,,,,07/22/2025,26,76.33333333333333,64.0,98.0,,77.83333333333333,79.04166666666666,111.0,25.0,/kentucky-statistics-for-each-scratcher-game
114,20,989,1500000,3.49,,,,"June 26, 2025",TBD,TBD,07/22/2025,https://www.kylottery.com/apps/scratch_offs/prizes_remaining.html#game114,Wild Cash 200X,281975,281975,https://www.kylottery.com/export/kylmod/galleries/images/KYLottery_ScratchOffs/KY989CV_v6.jpg,3,3,984092.7500000001,984092.7500000001,702117.7500000001,702117.7500000001,328030.9166666667,328030.9166666667,0.0,3.49,-7.621232857155078e-07,8.34,8.34075229264489,0.0,0.28653316966299897,0.28653316966299897,0.0,0.1198932620120883,0.1198932620120883,0.0,0.051484721333075634,0.01837185608125976,6.474264038529851,18.140904233427907,10.0,0.48,0.0,0.4776966990891096,0.0,1.0,1.0,,,,,07/22/2025,26,58.666666666666664,78.66666666666667,117.0,,76.33333333333333,82.66666666666667,119.0,13.0,/kentucky-statistics-for-each-scratcher-game
115,2,993,25000,4.79,,,,"June 26, 2025",TBD,TBD,07/22/2025,https://www.kylottery.com/apps/scratch_offs/prizes_remaining.html#game115,Wild Cash 20X,370682,370682,https://www.kylottery.com/export/kylmod/galleries/images/KYLottery_ScratchOffs/KY993CV_v4.jpg,3,3,1775566.78,1775566.78,1404884.78,1404884.78,591855.5933333334,591855.5933333334,0.0,4.79,-4.39296346921442e-07,10.62,10.619540903599326,0.0,0.20876835893455947,0.20876835893455947,0.0,0.09416602931121681,0.09416602931121681,0.0,0.036324297726167264,0.01866765029475797,9.176366851164216,17.85429515539167,13.0,0.42,0.0,0.41907312935706137,0.0,1.0,1.0,,,,,07/22/2025,26,82.33333333333333,78.33333333333333,94.0,,71.83333333333333,81.625,115.0,12.0,/kentucky-statistics-for-each-scratcher-game
116,30,988,3500000,3.76,,,,"May 15, 2025",TBD,TBD,07/22/2025,https://www.kylottery.com/apps/scratch_offs/prizes_remaining.html#game116,Wild Cash 300X,147422,147422,https://www.kylottery.com/export/kylmod/galleries/images/KYLottery_ScratchOffs/KY988CV_v9.jpg,2,2,554306.72,554306.72,406884.72,406884.72,277153.36,277153.36,0.0,3.76,-1.2989198470951153e-06,3.76,3.7599951160613747,0.0,0.2659577922663655,0.2659577922663655,0.0,0.2659577922663655,0.2659577922663655,0.0,0.08121779921710494,0.08121779921710494,4.104076408007134,4.104076408007134,5.0,0.63,0.0,0.6301627620844805,0.0,1.0,1.0,,,,,07/22/2025,68,43.666666666666664,43.666666666666664,123.0,,75.5,71.45833333333333,85.5,9.0,/kentucky-statistics-for-each-scratcher-game
117,3,992,30000,3.49,,,,"June 26, 2025",TBD,TBD,07/22/2025,https://www.kylottery.com/apps/scratch_offs/prizes_remaining.html#game117,Wild Cash 30X,438452,438452,https://www.kylottery.com/export/kylmod/galleries/images/KYLottery_ScratchOffs/KY992CV_v7.jpg,3,3,1530197.48,1530197.48,1091745.48,1091745.48,510065.82666666666,510065.82666666666,0.0,3.49,-3.136850023286128e-07,5.1,5.099398814958977,0.0,0.286533041170516,0.286533041170516,0.0,0.19610154770921653,0.19610154770921653,0.0,0.036053207611089676,0.03062069933626381,9.24539941382847,10.885487547801171,6.0,0.37,0.0,0.36530612289354464,0.0,1.0,1.0,,,,,07/22/2025,26,83.0,65.66666666666667,43.0,,56.666666666666664,62.083333333333336,59.0,11.0,/kentucky-statistics-for-each-scratcher-game
118,5,991,175000,3.68,,,,"June 26, 2025",TBD,TBD,07/22/2025,https://www.kylottery.com/apps/scratch_offs/prizes_remaining.html#game118,Wild Cash 50X,879623,879623,https://www.kylottery.com/export/kylmod/galleries/images/KYLottery_ScratchOffs/KY991CV_v5.jpg,4,4,3237012.64,3237012.64,2357389.64,2357389.64,809253.16,809253.16,0.0,3.68,-1.9771316069845968e-07,6.61,6.610517975150916,0.0,0.2717391841611956,0.2717391841611956,0.0,0.15127407621596706,0.15127407621596706,0.0,0.0491336941954041,0.038070092081126355,6.784158364916456,8.755622982889442,9.0,0.43,0.0,0.43395328778515496,0.0,1.0,1.0,,,,,07/22/2025,26,67.33333333333333,57.666666666666664,106.0,,80.16666666666667,77.79166666666667,107.0,35.0,/kentucky-statistics-for-each-scratcher-game
119,5,883,90000,3.65,Top Prize Claimed,,,"March 30, 2023",TBD,TBD,07/22/2025,https://www.kylottery.com/apps/scratch_offs/prizes_remaining.html#game119,Wild Cash Multiplier,162719,162719,https://www.kylottery.com/export/kylmod/galleries/images/KYLottery_ScratchOffs/KY883CV-V5.jpg,0,0,593924.35,593924.35,431205.35,431205.35,inf,inf,,3.65,-5.893006406750666e-07,9.1,9.095871110022053,0.0,0.2739727641920515,0.2739727641920515,0.0,0.10993999232224999,0.10993999232224999,0.0,0.039782988389228315,0.014701160592003928,8.378359283244338,22.666076047750565,10.0,0.38,0.0,0.37901145601120684,0.0,1.0,1.0,,,,,07/22/2025,845,79.66666666666667,81.33333333333333,59.0,,,73.33333333333333,95.0,30.0,/kentucky-statistics-for-each-scratcher-game
120,5,850,50000,3.59,,,,"July 14, 2022","October 31, 2025","April 30, 2026",07/22/2025,https://www.kylottery.com/apps/scratch_offs/prizes_remaining.html#game120,Wild Luck HD,434605,434605,https://www.kylottery.com/export/kylmod/galleries/images/KYLottery_ScratchOffs/ezgif.com-gif-maker-2.gif,1,1,1560231.95,1560231.95,1125626.95,1125626.95,1560231.95,1560231.95,0.0,3.59,-6.088838265523886e-07,7.43,7.425958449346755,0.0,0.2785517016390522,0.2785517016390522,0.0,0.13466275186174356,0.13466275186174356,0.0,0.05041422680856567,0.029235973411032116,6.611789634080651,11.400860203540885,9.0,0.41,0.0,0.4059886004059655,0.0,1.0,1.0,,,,,07/22/2025,1104,64.33333333333333,67.33333333333333,86.0,,66.66666666666667,71.08333333333333,81.0,24.0,/kentucky-statistics-for-each-scratcher-game
121,20,870,500000,3.70,,,,"January 5, 2023",TBD,TBD,07/22/2025,https://www.kylottery.com/apps/scratch_offs/prizes_remaining.html#game121,Wild Numbers 100X,231573,231573,https://www.kylottery.com/export/kylmod/galleries/images/KYLottery_ScratchOffs/KY870CV.jpg,1,1,856820.1000000001,856820.1000000001,625247.1000000001,625247.1000000001,856820.1000000001,856820.1000000001,0.0,3.7,-1.1671061414606017e-07,7.34,7.338363637920845,0.0,0.27027030181368317,0.27027030181368317,0.0,0.13627016176092996,0.13627016176092996,0.0,0.0485693480911246,0.026601029121060178,6.862835674264842,12.529498823449558,9.0,0.44,0.0,0.44351759996265266,0.0,1.0,1.0,,,,,07/22/2025,929,69.33333333333333,70.0,109.0,,82.33333333333333,82.66666666666666,118.0,12.0,/kentucky-statistics-for-each-scratcher-game
122,10,959,500,9.75,,,,"November 7, 2024","July 31, 2025","January 31, 2026",07/22/2025,https://www.kylottery.com/apps/scratch_offs/prizes_remaining.html#game122,"Win $50, $100, or $500",10476,10476,https://www.kylottery.com/export/kylmod/galleries/images/KYLottery_ScratchOffs/Purple-and-Green-$50-$100-$500.gif,260,260,102141.0,102141.0,91665.0,91665.0,392.85,392.85,0.0,9.75,0.0,9.75,9.75,0.0,0.10256410256410256,0.10256410256410256,0.0,0.10256410256410256,0.10256410256410256,0.0,0.043025286939465564,0.043025286939465564,7.741656758290423,7.741656758290423,17.0,0.61,0.0,0.6090012825408013,0.0,1.0,1.0,,,,,07/22/2025,257,77.0,53.666666666666664,118.0,,88.33333333333333,84.25,122.0,32.0,/kentucky-statistics-for-each-scratcher-game
123,10,963,25000/year for 10 years,2.98,Top Prize Claimed,,,"November 7, 2024","September 30, 2025","March 31, 2026",07/22/2025,https://www.kylottery.com/apps/scratch_offs/prizes_remaining.html#game123,Winter Cash,67762,67762,https://www.kylottery.com/export/kylmod/galleries/images/KYLottery_ScratchOffs/Winter-Cash-963CV_v6.jpg,0,0,201930.76,201930.76,134168.76,134168.76,inf,inf,,2.98,-3.7636663180499805e-06,4.54,4.540303541315346,0.0,0.3355717327786857,0.3355717327786857,0.0,0.2202495914425791,0.2202495914425791,0.0,0.051060272312572805,0.044731457074002334,6.527603708202631,7.450629016069407,6.0,0.31,0.0,0.3098920417966622,0.0,1.0,1.0,,,,,07/22/2025,257,60.333333333333336,50.666666666666664,10.0,,,40.333333333333336,8.0,3.0,/kentucky-statistics-for-each-scratcher-game
124,3,929,23000,3.32,Top Prize Claimed,,,"March 28, 2024","July 31, 2025","January 31, 2026",07/22/2025,https://www.kylottery.com/apps/scratch_offs/prizes_remaining.html#game124,Word Games,87089,87089,https://www.kylottery.com/export/kylmod/galleries/images/KYLottery_ScratchOffs/KY929CV_v7.jpg,0,0,289135.48,289135.48,202046.47999999998,202046.47999999998,inf,inf,,3.32,-1.6601214074112811e-06,7.43,7.4308661012593165,0.0,0.30120531931450706,0.30120531931450706,0.0,0.13457381499991353,0.13457381499991353,0.0,0.04925938096275793,0.01806005928923138,6.76637482048878,18.448183724229768,9.0,0.32,0.0,0.31884529141519824,0.0,1.0,1.0,,,,,07/22/2025,481,66.66666666666667,79.0,12.0,,,52.555555555555564,31.0,4.0,/kentucky-statistics-for-each-scratcher-game
125,5,976,50000,3.42,Top Prize Claimed,,,"February 20, 2025","October 31, 2025","April 30, 2026",07/22/2025,https://www.kylottery.com/apps/scratch_offs/prizes_remaining.html#game125,X's & O's,96346,96346,https://www.kylottery.com/export/kylmod/galleries/images/KYLottery_ScratchOffs/KY976-CV-A.jpg,0,0,329503.32,329503.32,233157.32,233157.32,inf,inf,,3.42,-9.711586517425239e-07,5.35,5.345083217078156,0.0,0.2923979447835073,0.2923979447835073,0.0,0.1870878262109905,0.1870878262109905,0.0,0.04835686533931898,0.042902825707279386,6.892702493192413,7.768516916491679,7.0,0.35,0.0,0.3518632607290374,0.0,1.0,1.0,,,,,07/22/2025,152,69.66666666666667,54.666666666666664,37.0,,,53.77777777777778,36.0,6.0,/kentucky-statistics-for-each-scratcher-game
