,price,gameNumber,topprize,overallodds,topprizestarting_x,topprizeavail,extrachances,secondChance,startDate,endDate,lastdatetoclaim,dateexported,gameURL,gameName,Winning Tickets At Start,Winning Tickets Unclaimed,topprizestarting_y,topprizeremain,Total at start,Total remaining,Non-prize at start,Non-prize remaining,topprizeodds,Current Odds of Top Prize,Change in Current Odds of Top Prize,Current Odds of Any Prize,Change in Current Odds of Any Prize,Odds of Profit Prize,Starting Odds of Profit Prize,Change in Odds of Profit Prize,Probability of Winning Any Prize,Starting Probability of Winning Any Prize,Change in Probability of Any Prize,Probability of Winning Profit Prize,Starting Probability of Winning Profit Prize,Change in Probability of Profit Prize,StdDev of All Prizes,StdDev of Profit Prizes,Odds of Any Prize + 3 StdDevs,Odds of Profit Prize + 3 StdDevs,Max Tickets to Buy,Expected Value of Any Prize (as % of cost),Change in Expected Value of Any Prize,Expected Value of Profit Prize (as % of cost),Change in Expected Value of Profit Prize,Percent of Prizes Remaining,Percent of Profit Prizes Remaining,Ratio of Decline in Prizes to Decline in Losing Ticket,Photo,FAQ,About,Directory,Data Date,Days Since Start,Rank by Best Probability of Winning Any Prize,Rank by Best Probability of Winning Profit Prize,Rank by Least Expected Losses,Rank by Most Available Prizes,Rank by Best Change in Probabilities,Rank Average,Overall Rank,Rank by Cost,Stats Page
0,50,464,5000000,3.30,3.0,,,,"May. 28, 2024",TBD,TBD,2024-06-16,https://www.molottery.com/scratchers/464,"$5,000,000 FORTUNE",3739344,3631222,3.0,2.0,12339835.2,11983032.6,8600491.2,8351810.6,0,0,,3.3,-5.007079760911314e-08,3.3,3.2999999465146828,-3.3863126320327556e-08,0.30303031820327275,0.3030303079417188,-1.0261553939905355e-08,0.30303031820327275,0.3030303079417188,-1.0261553939905355e-08,0.02672957477297021,0.02672957477297021,12.470538398504631,12.470538398504631,4.0,0.5,-0.0005916896164147047,0.5004104971095796,-0.0005916896164147047,0.94,0.9371949180581591,0.9999988627255377,https://www.scratcherstats.com/wp-content/uploads/gameimages/moscratchers_464.gif,,,,2024-06-16,19,59.333333333333336,39.0,86.0,61.0,,61.333333333333336,85.0,3.0,/missouri-statistics-for-each-scratcher-game
1,5,463,100000,4.03,6.0,,,,"May. 28, 2024",TBD,TBD,2024-06-16,https://www.molottery.com/scratchers/463,50X THE WIN,2399770,2097470,6.0,5.0,9671073.100000001,8452804.1,7271303.1000000015,6355334.1,0,0,,4.03,-1.183039373660518e-08,7.64,7.60190930599989,0.005341392386997271,0.24813896075195876,0.24813896038216235,-3.69796415711221e-10,0.13084699467774244,0.13154589981897563,0.0006989051412331915,0.016005073319091276,0.008587190276078351,20.826522747069482,38.816146400992984,8.0,0.43,-0.0009819266096786434,0.43111421961280544,-0.0009819266096786434,0.88,0.876680267379931,0.9999999896598877,https://www.scratcherstats.com/wp-content/uploads/gameimages/moscratchers_463.gif,,,,2024-06-16,19,61.666666666666664,61.333333333333336,70.0,83.66666666666667,,69.16666666666667,91.0,24.0,/missouri-statistics-for-each-scratcher-game
2,1,466,2500,4.81,8.0,,,,"May. 28, 2024",TBD,TBD,2024-06-16,https://www.molottery.com/scratchers/466,COOL $50S,3469046,3082250,8.0,8.0,16686111.259999998,14825622.499999998,13217065.259999998,11743372.499999998,0,0,,4.81,-3.3725396695701624e-08,10.81,10.75050124861158,0.005420803052026921,0.2079002149117251,0.2079002111396718,-3.77205330859276e-09,0.09251739994450149,0.09301891854848622,0.0005015186039847297,0.01725616738370819,0.007723409972948339,19.316644125056712,43.15747142295587,12.0,0.45,-0.012509717527790771,0.45129141967871556,-0.012509717527790771,0.9,0.9004829887746532,0.9999998554198369,https://www.scratcherstats.com/wp-content/uploads/gameimages/moscratchers_466.gif,,,,2024-06-16,19,61.333333333333336,61.666666666666664,78.0,69.0,,67.5,90.0,15.0,/missouri-statistics-for-each-scratcher-game
3,20,468,2000000,3.04,2.0,,,,"May. 28, 2024",TBD,TBD,2024-06-16,https://www.molottery.com/scratchers/468,"$2,000,000 EXTREME CASH",1072897,1029221,2.0,2.0,3261606.88,3128831.84,2188709.88,2099610.84,0,0,,3.04,-2.68470804067421e-07,5.34,5.339970628250907,0.0003220399360953925,0.32894745673384085,0.3289474571729387,4.3909786917595284e-10,0.18720665961184865,0.18726694763254667,6.028802069801831e-05,0.04734812861391613,0.03225060724772079,7.040004812190895,10.335540320104025,6.0,0.45,0.0002899858096853797,0.45105328475715056,0.0002899858096853797,0.96,0.9563099573733292,1.000000031455791,https://www.scratcherstats.com/wp-content/uploads/gameimages/moscratchers_468.gif,,,,2024-06-16,19,34.333333333333336,34.333333333333336,77.0,89.66666666666667,,58.83333333333334,82.0,10.0,/missouri-statistics-for-each-scratcher-game
4,10,467,1000000,3.18,2.0,,,,"Apr. 29, 2024",TBD,TBD,2024-06-16,https://www.molottery.com/scratchers/467,"$1,000,000 BLACK DIAMOND",1326942,999673,2.0,1.0,4219675.5600000005,3178960.14,2892733.5600000005,2179287.14,0,0,,3.18,-4.4039558163755166e-08,5.54,5.52627408763617,0.0027519877001009763,0.3144654226539497,0.31446545053825237,2.7884302644665127e-08,0.18045713063391802,0.18095374643781809,0.0004966158039000634,0.03946059287337454,0.022604333585821458,8.447174571275713,14.74605582823972,6.0,0.43,-0.0036876710611878825,0.43239817424566523,-0.0036876710611878825,0.74,0.7399994270551447,1.0000002708570224,https://www.scratcherstats.com/wp-content/uploads/gameimages/moscratchers_467.gif,,,,2024-06-16,48,40.666666666666664,43.0,72.0,85.66666666666667,,60.33333333333333,83.0,11.0,/missouri-statistics-for-each-scratcher-game
5,5,461,100000,3.99,6.0,,,,"Apr. 29, 2024",TBD,TBD,2024-06-16,https://www.molottery.com/scratchers/461,DOUBLE-SIDED DOLLARS,1387118,1064522,6.0,5.0,5534600.82,4247442.78,4147482.8200000003,3182920.7800000003,0,0,,3.99,-1.8363990773598299e-07,7.52,7.461040711782151,0.007310931512325674,0.2506266124410881,0.25062660354858524,-8.892502845192496e-09,0.13305679041644358,0.13402955949842807,0.000972769081984487,0.03255336736354485,0.01740124177474807,10.239497601620444,19.15507178971372,9.0,0.44,-0.00032025809953163095,0.43870969868452586,-0.00032025809953163095,0.78,0.7773046620245865,0.9999998829173781,https://www.scratcherstats.com/wp-content/uploads/gameimages/moscratchers_461.gif,,,,2024-06-16,48,57.333333333333336,51.333333333333336,75.0,70.66666666666667,,63.58333333333334,88.0,23.0,/missouri-statistics-for-each-scratcher-game
6,2,462,25000,4.46,5.0,,,,"Apr. 29, 2024",TBD,TBD,2024-06-16,https://www.molottery.com/scratchers/462,WIN IT ALL,1241507,922449,5.0,4.0,5537121.22,4114122.54,4295614.22,3191673.54,0,0,,4.46,-1.3125520560814165e-07,8.1,8.05000138113314,0.006429558170867375,0.22421527606619346,0.22421525554525537,-2.0520938087686957e-08,0.12342998092910225,0.12422358117151494,0.0007936002424126926,0.03427793145345955,0.02270296230739669,9.724327147131396,14.681947285821506,10.0,0.43,-0.007058409034951915,0.43112564479128235,-0.007058409034951915,0.74,0.7428667323647975,0.999999735390993,https://www.scratcherstats.com/wp-content/uploads/gameimages/moscratchers_462.gif,,,,2024-06-16,48,55.0,42.333333333333336,71.0,58.666666666666664,,56.75,75.0,16.0,/missouri-statistics-for-each-scratcher-game
7,5,465,100000,3.97,7.0,,,,"Apr. 19, 2024",TBD,TBD,2024-06-16,https://www.molottery.com/scratchers/465,20X CROSSWORD,1267566,1091414,7.0,7.0,5032237.0200000005,4332913.58,3764671.0200000005,3241499.58,0,0,,3.97,-1.33859120261755e-07,7.41,7.388895741013195,0.00278177916953267,0.2518892024834101,0.2518891697668452,-3.271656490166919e-08,0.13496278369771098,0.13533822035806342,0.00037543666035244616,0.030154543801562787,0.016278213624548593,11.054054057716664,20.476550383333123,8.0,0.43,0.002100682980853993,0.43300823256778986,0.002100682980853993,0.89,0.8959045442880791,0.9999991952523098,https://www.scratcherstats.com/wp-content/uploads/gameimages/moscratchers_465.gif,,,,2024-06-16,58,58.666666666666664,52.666666666666664,73.0,60.0,,61.08333333333333,84.0,21.0,/missouri-statistics-for-each-scratcher-game
8,5,459,77777,4.05,5.0,,,,"Mar. 25, 2024",TBD,TBD,2024-06-16,https://www.molottery.com/scratchers/459,SILVER 7S,1022487,524864,5.0,2.0,4141072.3499999996,2125699.1999999997,3118585.3499999996,1600835.1999999997,0,0,,4.05,-9.408668916668471e-08,7.77,7.677167821342564,0.011569646425751381,0.24691360347819705,0.24691360111584634,-2.3623507039438607e-09,0.12876658454466036,0.13025636839929372,0.0014897838546333586,0.033647451378270445,0.01633477919979588,9.906457346265,20.404835619252903,9.0,0.42,-0.0055036284530101225,0.42395033351382294,-0.0055036284530101225,0.5,0.5032068274063018,0.9999999899087331,https://www.scratcherstats.com/wp-content/uploads/gameimages/moscratchers_459.gif,,,,2024-06-16,83,56.666666666666664,52.333333333333336,65.0,78.66666666666667,,63.16666666666667,87.0,22.0,/missouri-statistics-for-each-scratcher-game
9,1,460,5000,4.62,6.0,,,,"Mar. 25, 2024",TBD,TBD,2024-06-16,https://www.molottery.com/scratchers/460,10X,1627880,913316,6.0,3.0,7520805.600000001,4219519.92,5892925.600000001,3306203.92,0,0,,4.62,-2.18034282884253e-07,10.29,10.02292899408284,0.026481179023134998,0.21645026364379447,0.21645023371833202,-2.9925462441404704e-08,0.09719733457770897,0.09977123459523282,0.0025739000175238474,0.03622118289751498,0.01568050341672238,9.202625314318023,21.256719117945885,12.0,0.43,-0.052973022593536936,0.42799665080308913,-0.052973022593536936,0.54,0.5312012791467855,0.9999998232893974,https://www.scratcherstats.com/wp-content/uploads/gameimages/moscratchers_460.gif,,,,2024-06-16,83,50.333333333333336,54.333333333333336,68.0,60.333333333333336,,58.25000000000001,80.0,12.0,/missouri-statistics-for-each-scratcher-game
10,20,456,200,9.38,90445.0,,,,"Mar. 25, 2024",TBD,TBD,2024-06-16,https://www.molottery.com/scratchers/456,$100 & $200,241192,179361,90445.0,67220.0,2262380.96,1682406.1800000002,2021188.96,1503045.1800000002,0,0,,9.38,-1.0698962133200455e-07,9.38,9.379996019768484,3.173422315374843e-07,0.10660981950848963,0.10660985334028766,3.383179802973757e-08,0.10660981950848963,0.10660985334028766,3.383179802973757e-08,0.01888007039779988,0.01888007039779988,17.65356368153567,17.65356368153567,11.0,0.63,-9.241994317222427e-06,0.6262126977673641,-9.241994317222427e-06,0.74,0.7435580712780667,1.000000920555585,https://www.scratcherstats.com/wp-content/uploads/gameimages/moscratchers_456.gif,,,,2024-06-16,83,61.0,48.666666666666664,91.0,87.33333333333333,,72.0,92.0,11.0,/missouri-statistics-for-each-scratcher-game
11,5,457,100000,3.96,3.0,Top Prize Claimed,,,"Feb. 26, 2024",TBD,TBD,2024-06-16,https://www.molottery.com/scratchers/457,FROGGER,826655,175594,3.0,0.0,3273553.8,695352.24,2446898.8,519758.24,0,0,,3.96,-3.4514881267298273e-07,7.22,7.359755480663952,-0.018559705740062868,0.2525253396840737,0.2525253142380771,-2.5445996587603048e-08,0.13844355089221,0.13587407932604115,-0.0025694715661688516,0.03652447414797264,0.02287230279902489,9.125826377628288,14.571461441274357,9.0,0.38,-0.02435217364800545,0.3768077175301142,-0.02435217364800545,0.15,0.14406050721837937,0.9999999728229395,https://www.scratcherstats.com/wp-content/uploads/gameimages/moscratchers_457.gif,,,,2024-06-16,111,49.333333333333336,41.333333333333336,22.0,35.666666666666664,,37.083333333333336,22.0,12.0,/missouri-statistics-for-each-scratcher-game
12,2,458,25000,4.46,5.0,,,,"Feb. 26, 2024",TBD,TBD,2024-06-16,https://www.molottery.com/scratchers/458,MONEY MATCH MULTIPLIER,1305335,673415,5.0,1.0,5821794.1,3003430.9,4516459.1,2330015.9,0,0,,4.46,-2.996573018619851e-07,8.15,8.04942371719004,0.011882577941388838,0.22421531382452728,0.2242152504880798,-6.333644747558154e-08,0.1227736288177184,0.12423249603129208,0.0014588672135736752,0.03449876934427288,0.0227891955813936,9.662041778882713,14.626234190731795,10.0,0.42,-0.02587739812130537,0.41724794651448516,-0.02587739812130537,0.47,0.4619794718611014,0.9999996989705513,https://www.scratcherstats.com/wp-content/uploads/gameimages/moscratchers_458.gif,,,,2024-06-16,111,54.333333333333336,41.666666666666664,59.0,51.666666666666664,,51.666666666666664,60.0,13.0,/missouri-statistics-for-each-scratcher-game
13,10,434,1000000,3.27,2.0,,,,"Feb. 26, 2024",TBD,TBD,2024-06-16,https://www.molottery.com/scratchers/434,100X THE MONEY,1400611,732940,2.0,1.0,4579997.97,2396713.8,3179386.9699999997,1663773.7999999998,0,0,,3.27,-3.3379037583545566e-07,5.83,5.799130889508757,0.006052329767982261,0.3058104996301184,0.3058104623212635,-3.7308854894391175e-08,0.17140224966443626,0.17243963260237943,0.001037382937943171,0.03930565051958232,0.02178251090371487,8.480446757905296,15.302226555060122,7.0,0.45,-0.000977317716238145,0.44748703745504786,-0.000977317716238145,0.54,0.5372911676787553,0.9999998660738515,https://www.scratcherstats.com/wp-content/uploads/gameimages/moscratchers_434.gif,,,,2024-06-16,111,41.333333333333336,45.666666666666664,76.0,65.33333333333333,,57.08333333333333,77.0,10.0,/missouri-statistics-for-each-scratcher-game
14,30,453,3000000,2.64,3.0,,,,"Jan. 29, 2024",TBD,TBD,2024-06-16,https://www.molottery.com/scratchers/453,300X,1678327,1321069,3.0,2.0,4430783.28,3487622.16,2752456.2800000003,2166553.16,0,0,,2.64,-4.587652934307972e-08,3.59,3.5851703747337895,0.0008520352249480338,0.3787878961653528,0.37878790272509394,6.55974113916713e-09,0.27868931896862675,0.2789267720852048,0.0002374531165780236,0.03783150905997288,0.032736733087113695,8.810938776479118,10.182135172055906,4.0,0.42,-0.0007877280787308667,0.4177549440086494,-0.0007877280787308667,0.79,0.7953387179059881,1.000000064037472,https://www.scratcherstats.com/wp-content/uploads/gameimages/moscratchers_453.gif,,,,2024-06-16,139,47.0,33.666666666666664,60.0,87.33333333333333,,57.0,76.0,4.0,/missouri-statistics-for-each-scratcher-game
15,5,454,100000,4.06,5.0,Top Prize Claimed,,,"Jan. 29, 2024",TBD,TBD,2024-06-16,https://www.molottery.com/scratchers/454,FULL OF $500S,1086360,256281,5.0,0.0,4410621.6,1040500.8599999999,3324261.5999999996,784219.8599999999,0,0,,4.06,-8.265250255422208e-07,8.26,7.706860761351604,0.07169168840875711,0.24630562229697262,0.24630545222543493,-1.7007153768622274e-07,0.121074483421432,0.12975451756113254,0.008680034139700546,0.0399262919647168,0.019691386928269262,8.3484455600064,16.92560051798023,10.0,0.37,-0.030817247704422013,0.3703767419509851,-0.030817247704422013,0.17,0.1558412100945655,0.999999786816198,https://www.scratcherstats.com/wp-content/uploads/gameimages/moscratchers_454.gif,,,,2024-06-16,139,39.333333333333336,47.333333333333336,16.0,18.333333333333332,,30.25,11.0,7.0,/missouri-statistics-for-each-scratcher-game
16,1,455,3000,4.66,8.0,,,,"Jan. 29, 2024",TBD,TBD,2024-06-16,https://www.molottery.com/scratchers/455,CASH DOUBLER,1659091,832982,8.0,5.0,7731364.0600000005,3881696.12,6072273.0600000005,3048714.12,0,0,,4.66,-3.091432098390341e-08,10.48,10.210788508880366,0.02619594757304339,0.21459228131208627,0.21459227634347575,-4.968610523015116e-09,0.09543560340634609,0.09793562946978049,0.002500026063434399,0.033928566265547966,0.014767153831345673,9.824447024615425,22.57124341611403,12.0,0.43,-0.057633213839017726,0.42685413798504573,-0.057633213839017726,0.5,0.49452246495886065,0.9999999766536437,https://www.scratcherstats.com/wp-content/uploads/gameimages/moscratchers_455.gif,,,,2024-06-16,139,56.0,57.666666666666664,67.0,76.33333333333333,,64.25,89.0,14.0,/missouri-statistics-for-each-scratcher-game
17,20,447,2000000,3.08,2.0,,,,"Dec. 26, 2023",TBD,TBD,2024-06-16,https://www.molottery.com/scratchers/447,200X THE CASH,1059794,468062,2.0,1.0,3264165.52,1441630.96,2204371.52,973568.96,0,0,,3.08,-6.659124468294747e-07,5.5,5.460460502323589,0.007270051663895621,0.3246755408808085,0.3246753763979456,-1.6448286294101777e-07,0.18181294784376018,0.1831347373677495,0.001321789523989314,0.047328350053856105,0.03163765236674917,7.042889036185782,10.53554577751497,7.0,0.46,0.00043418848958604647,0.45579586995276183,0.00043418848958604647,0.45,0.4546281570436694,0.9999995992724162,https://www.scratcherstats.com/wp-content/uploads/gameimages/moscratchers_447.gif,,,,2024-06-16,173,34.666666666666664,36.666666666666664,80.0,49.0,,50.08333333333333,52.0,6.0,/missouri-statistics-for-each-scratcher-game
18,10,448,1000000,3.18,2.0,,,,"Dec. 26, 2023",TBD,TBD,2024-06-16,https://www.molottery.com/scratchers/448,"$1,000,000 CASH PAYOUT",1418160,688254,2.0,1.0,4509748.8,2188647.72,3091588.8,1500393.7200000002,0,0,,3.18,-3.289702556485345e-07,5.56,5.526272706775025,0.0065596339177761975,0.31446551225483144,0.3144654645891522,-4.766567923697451e-08,0.17977453650588698,0.18095379165310346,0.0011792551472164792,0.03960339065987042,0.02254904861127369,8.416684819990653,14.78203431373655,6.0,0.44,-0.0013894057885155378,0.43847934363101954,-0.0013894057885155378,0.46,0.4593725478205928,0.9999998570729232,https://www.scratcherstats.com/wp-content/uploads/gameimages/moscratchers_448.gif,,,,2024-06-16,173,39.666666666666664,43.333333333333336,74.0,59.0,,54.0,70.0,7.0,/missouri-statistics-for-each-scratcher-game
19,5,449,100000,4.04,4.0,,,,"Dec. 26, 2023",TBD,TBD,2024-06-16,https://www.molottery.com/scratchers/449,"$100,000 CASH PAYOUT",1069598,292160,4.0,1.0,4321175.92,1180326.4,3251577.92,888166.3999999999,0,0,,4.04,-3.388893106731243e-07,8.03,7.644944651143865,0.049964010653672224,0.24752483635876868,0.2475248051745185,-3.118425018211468e-08,0.12458083614187945,0.13080539436611568,0.006224558224236232,0.038661190288141765,0.018504488610640836,8.621656347504604,18.011440945659775,9.0,0.41,-0.01257115318829664,0.4075670619811815,-0.01257115318829664,0.26,0.25239626789818176,0.9999999526552863,https://www.scratcherstats.com/wp-content/uploads/gameimages/moscratchers_449.gif,,,,2024-06-16,173,43.0,49.666666666666664,48.0,53.666666666666664,,48.58333333333333,45.5,18.0,/missouri-statistics-for-each-scratcher-game
20,2,450,25000,4.29,6.0,,,,"Dec. 26, 2023",TBD,TBD,2024-06-16,https://www.molottery.com/scratchers/450,"$25,000 CASH PAYOUT",1421241,562151,6.0,1.0,6097123.89,2411627.79,4675882.89,1849476.79,0,0,,4.29,-3.275795723774433e-07,9.15,8.831469641620775,0.03618477616185189,0.23310030945913277,0.23310026712598714,-4.233314562784862e-08,0.10927726385548014,0.11323143718767031,0.0039541733321901695,0.0339166080219888,0.014676432601214085,9.827855002112734,22.710192416519053,11.0,0.39,-0.04160368736674411,0.39169614538234976,-0.04160368736674411,0.35,0.34739506632297384,0.9999998811629224,https://www.scratcherstats.com/wp-content/uploads/gameimages/moscratchers_450.gif,,,,2024-06-16,173,56.333333333333336,58.333333333333336,32.0,53.0,,49.91666666666667,50.0,11.0,/missouri-statistics-for-each-scratcher-game
21,1,451,5000,4.70,7.0,,,,"Dec. 26, 2023",TBD,TBD,2024-06-16,https://www.molottery.com/scratchers/451,"$5,000 CASH PAYOUT",1751053,791128,7.0,3.0,8229949.100000001,3718301.6,6478896.100000001,2927173.6,0,0,,4.7,-1.6136399488476506e-07,10.44,10.228265732736121,0.02108821924804258,0.2127659917795789,0.2127659600320731,-3.174750579093555e-08,0.09574910691737974,0.09776828507685771,0.002019178159477969,0.03572563657121457,0.015877543950967302,9.330257879782636,20.992773160198198,13.0,0.43,-0.06291199281466078,0.4256793626981786,-0.06291199281466078,0.44,0.4329457335007447,0.9999998770250093,https://www.scratcherstats.com/wp-content/uploads/gameimages/moscratchers_451.gif,,,,2024-06-16,173,51.666666666666664,53.333333333333336,66.0,58.666666666666664,,57.416666666666664,78.0,10.0,/missouri-statistics-for-each-scratcher-game
22,3,452,50000,3.82,7.0,,,,"Dec. 26, 2023",TBD,TBD,2024-06-16,https://www.molottery.com/scratchers/452,TREASURE HUNT,1714422,811363,7.0,3.0,6549092.04,3099406.6599999997,4834670.04,2288043.6599999997,0,0,,3.82,-2.129439832144747e-07,6.29,6.181088532066365,0.018147731167061514,0.261780160456552,0.26178010631092063,-5.414563136740824e-08,0.15890012473357798,0.1617838014796555,0.002883676746077507,0.03726763195108287,0.028475761487755845,8.94421355260208,11.705583741857224,8.0,0.39,-0.010801107924405487,0.3865543913898341,-0.010801107924405487,0.46,0.45767040685452737,0.9999998141657818,https://www.scratcherstats.com/wp-content/uploads/gameimages/moscratchers_452.gif,,,,2024-06-16,173,48.0,37.666666666666664,29.0,54.0,,42.166666666666664,31.0,5.0,/missouri-statistics-for-each-scratcher-game
23,5,445,100000,3.99,6.0,,,,"Nov. 27, 2023",TBD,TBD,2024-06-16,https://www.molottery.com/scratchers/445,"$100,000 DIAMOND DAZZLER",1384644,377558,6.0,2.0,5524729.5600000005,1506456.4200000002,4140085.5600000005,1128898.4200000002,0,0,,3.99,-2.7879996690575596e-07,7.89,7.461322791981622,0.05772092348067005,0.250626636290738,0.2506265918201599,-4.447057810885724e-08,0.12671063741655914,0.13402449242306727,0.007313855006508135,0.033641248709645626,0.016478071688293235,9.90821085692071,20.226760656811628,9.0,0.42,-0.010598474567838547,0.41605397037815905,-0.010598474567838547,0.25,0.2482954698178897,0.9999999334784072,https://www.scratcherstats.com/wp-content/uploads/gameimages/moscratchers_445.gif,,,,2024-06-16,202,57.0,51.666666666666664,57.0,50.0,,53.916666666666664,69.0,20.0,/missouri-statistics-for-each-scratcher-game
24,2,446,30000,4.44,6.0,,,,"Nov. 27, 2023",TBD,TBD,2024-06-16,https://www.molottery.com/scratchers/446,FAST $100S,1419697,474321,6.0,2.0,6303454.680000001,2105985.24,4883757.680000001,1631664.2400000002,0,0,,4.44,-1.1396091277855996e-07,9.52,9.221885734683966,0.03233574420646201,0.22522525089210038,0.22522524952192877,-1.3701716150560372e-09,0.10504110902974143,0.10843769146249024,0.003396582432748818,0.03840602061761111,0.018294998590483058,8.679035961101054,18.218415248057546,12.0,0.41,-0.03635068582360975,0.40774744359527726,-0.03635068582360975,0.31,0.3104752331430942,0.9999999969477109,https://www.scratcherstats.com/wp-content/uploads/gameimages/moscratchers_446.gif,,,,2024-06-16,202,43.333333333333336,50.333333333333336,49.0,62.666666666666664,,51.333333333333336,58.0,12.0,/missouri-statistics-for-each-scratcher-game
25,10,440,200000,3.24,2.0,Top Prize Claimed,,,"Oct. 16, 2023","Mar. 08, 2024","Sep. 04, 2024",2024-06-16,https://www.molottery.com/scratchers/440,SEASONS GREETINGS,697728,226509,2.0,0.0,2260638.72,733889.16,1562910.7200000002,507380.16000000003,0,0,,3.24,-2.180165735186666e-07,7.2,7.050217060452583,0.021856967444130352,0.30864204259772254,0.3086420736093085,3.1011585965856625e-08,0.13880573220200876,0.14183960457180672,0.003033872369797963,0.05313305666937702,0.028977135926112063,6.273384635485143,11.502023428561268,9.0,0.4,-0.006560510146044367,0.4045782127814969,-0.006560510146044367,0.31,0.303997582636761,1.0000000482982707,https://www.scratcherstats.com/wp-content/uploads/gameimages/moscratchers_440.gif,,,,2024-06-16,244,31.333333333333332,37.0,44.0,64.66666666666667,,44.25,35.0,3.0,/missouri-statistics-for-each-scratcher-game
26,5,441,100000,3.59,3.0,,,,"Oct. 16, 2023","Mar. 08, 2024","Sep. 04, 2024",2024-06-16,https://www.molottery.com/scratchers/441,HOLIDAY RICHES,992942,393434,3.0,2.0,3564661.78,1412428.06,2571719.78,1018994.06,0,0,,3.59,-4.248003966540447e-08,7.1,6.8942821335045625,0.029520744887425624,0.2785515438663068,0.2785515929845783,4.9118271505665945e-08,0.14088859750727117,0.1450477338518305,0.004159136344559333,0.044656951887772196,0.025948904708005656,7.464168405919795,12.844928167519704,9.0,0.41,-0.00355191380226746,0.4146774207251626,-0.00355191380226746,0.4,0.3949898149265948,1.0000001157216085,https://www.scratcherstats.com/wp-content/uploads/gameimages/moscratchers_441.gif,,,,2024-06-16,244,35.666666666666664,39.666666666666664,55.0,73.66666666666667,,51.0,56.0,19.0,/missouri-statistics-for-each-scratcher-game
27,3,442,50000,3.82,4.0,,,,"Oct. 16, 2023","Mar. 08, 2024","Sep. 04, 2024",2024-06-16,https://www.molottery.com/scratchers/442,STOCKING STUFFER,922657,468832,4.0,2.0,3524549.7399999998,1790938.24,2601892.7399999998,1322106.24,0,0,,3.82,-1.34007971095662e-07,6.32,6.181109515216244,0.023077646999380873,0.2617801397926673,0.26178015967432994,1.9881662649545717e-08,0.15813389408231887,0.1617832522685881,0.0036493581862692415,0.03745160364269289,0.028502173130747106,8.90020647939905,11.694531762295451,8.0,0.38,-0.015519490077687425,0.38220251063967603,-0.015519490077687425,0.48,0.48027472933173754,1.0000000784593794,https://www.scratcherstats.com/wp-content/uploads/gameimages/moscratchers_442.gif,,,,2024-06-16,244,47.666666666666664,37.333333333333336,26.0,80.33333333333333,,47.83333333333333,44.0,6.0,/missouri-statistics-for-each-scratcher-game
28,2,443,25000,4.45,4.0,,,,"Oct. 16, 2023","Mar. 08, 2024","Sep. 04, 2024",2024-06-16,https://www.molottery.com/scratchers/443,TIS THE SEASON,1018459,494491,4.0,2.0,4532142.55,2200484.95,3513683.55,1705993.9500000002,0,0,,4.45,-4.3172301628777694e-07,8.19,8.01604219433164,0.021839512251961388,0.22471919814004557,0.2247191283944766,-6.974556895911199e-08,0.1220835961543006,0.12474984234827594,0.002666246193975333,0.034741832642851196,0.022696633770171167,9.594395011842233,14.685662846657683,10.0,0.4,-0.039444481855902505,0.4018715882505849,-0.039444481855902505,0.44,0.43535460735797055,0.9999997070928689,https://www.scratcherstats.com/wp-content/uploads/gameimages/moscratchers_443.gif,,,,2024-06-16,244,54.0,42.666666666666664,43.0,49.666666666666664,,47.33333333333333,43.0,9.0,/missouri-statistics-for-each-scratcher-game
29,1,444,1000,4.74,18.0,,,,"Oct. 16, 2023","Mar. 08, 2024","Sep. 04, 2024",2024-06-16,https://www.molottery.com/scratchers/444,HAPPY PAWLIDAYS!,1645654,794890,18.0,10.0,7800399.96,3767778.6,6154745.96,2972888.6,0,0,,4.74,-1.5924502579224628e-07,11.1,10.600168506879566,0.046963349888325456,0.21097049773102344,0.2109704900992885,-7.631734938451373e-09,0.09010642346762468,0.09433812296012037,0.0042316994924956886,0.03561821855478669,0.012077369235129984,9.358396417880328,27.597586081842493,13.0,0.41,-0.09628238076714178,0.412479185344784,-0.09628238076714178,0.43,0.42598600139605425,0.9999999662013412,https://www.scratcherstats.com/wp-content/uploads/gameimages/moscratchers_444.gif,,,,2024-06-16,244,52.0,59.666666666666664,53.0,68.33333333333333,,58.25,79.0,11.0,/missouri-statistics-for-each-scratcher-game
30,20,437,300000,2.95,2.0,,,,"Sep. 25, 2023","Mar. 08, 2024","Sep. 04, 2024",2024-06-16,https://www.molottery.com/scratchers/437,MERRY & BRIGHT,554282,181572,2.0,1.0,1635131.9000000001,535637.4,1080849.9000000001,354065.4,0,0,,2.95,-7.467738436667917e-07,5.34,5.289546300040437,0.008940440864517183,0.3389833039913225,0.3389832374286831,-6.656263940030271e-08,0.18737689890728235,0.18905213099133952,0.0016752320840571766,0.04945056392832577,0.03209114856252405,6.740488531118072,10.386005315872033,6.0,0.43,0.001212911831485246,0.4298032062758921,0.001212911831485246,0.37,0.37710967164457704,0.9999999043400793,https://www.scratcherstats.com/wp-content/uploads/gameimages/moscratchers_437.gif,,,,2024-06-16,265,32.666666666666664,35.0,69.0,57.666666666666664,,48.58333333333333,45.5,5.0,/missouri-statistics-for-each-scratcher-game
31,5,438,100000,4.84,6.0,,,,"Sep. 25, 2023",TBD,TBD,2024-06-16,https://www.molottery.com/scratchers/438,MONEY RUSH,941885,172963,6.0,1.0,4558723.399999999,837140.9199999999,3616838.3999999994,664177.9199999999,0,0,,4.84,-1.0989786522498004e-06,4.84,4.8399995753197045,-1.0112348782987816e-06,0.20661179730988843,0.20661158837683272,-2.0893305571756393e-07,0.20661179730988843,0.20661158837683272,-2.0893305571756393e-07,0.043943516574238964,0.043943516574238964,7.585162527607623,7.585162527607623,6.0,0.46,-0.005505388115461162,0.46376472274649416,-0.005505388115461162,0.18,0.17549098184087608,0.9999997725306617,https://www.scratcherstats.com/wp-content/uploads/gameimages/moscratchers_438.gif,,,,2024-06-16,265,36.0,31.666666666666668,81.0,24.333333333333332,,43.25000000000001,34.0,17.0,/missouri-statistics-for-each-scratcher-game
32,1,439,6000,4.71,6.0,,,,"Sep. 25, 2023",TBD,TBD,2024-06-16,https://www.molottery.com/scratchers/439,TRIPLE LUCK,1754963,631977,6.0,2.0,8265875.7299999995,2976611.67,6510912.7299999995,2344634.67,0,0,,4.71,-2.2508814533882774e-07,11.01,10.461411413311733,0.05203153183081084,0.21231427284250445,0.21231424380359007,-2.903891438421624e-08,0.0908617216021845,0.09558939616193084,0.004727674559746334,0.03016651316370181,0.011387689646817429,11.049586787550368,29.268207295538158,13.0,0.41,-0.1085914506665685,0.4062200267351024,-0.1085914506665685,0.33,0.32275331166881305,0.9999999230288309,https://www.scratcherstats.com/wp-content/uploads/gameimages/moscratchers_439.gif,,,,2024-06-16,265,58.333333333333336,60.333333333333336,46.0,54.0,,54.66666666666667,73.0,9.0,/missouri-statistics-for-each-scratcher-game
33,5,435,100000,4.04,5.0,Top Prize Claimed,,,"Aug. 28, 2023",TBD,TBD,2024-06-16,https://www.molottery.com/scratchers/435,POWER 5S,1098140,220943,5.0,0.0,4436485.6,892609.72,3338345.5999999996,671666.72,0,0,,4.04,-8.066235263884473e-07,7.91,7.6468312037961095,0.034265446572460743,0.24752495213469727,0.24752478595104008,-1.6618365719645034e-07,0.12644058036609535,0.13077312331722074,0.0043325429511253954,0.03817815281131552,0.01873238992007805,8.730651877773687,17.791685296714927,9.0,0.4,-0.01792268498656162,0.3986291870236576,-0.01792268498656162,0.18,0.1814938769009565,0.9999998308965912,https://www.scratcherstats.com/wp-content/uploads/gameimages/moscratchers_435.gif,,,,2024-06-16,293,44.333333333333336,49.0,40.0,28.666666666666668,,40.5,29.0,14.0,/missouri-statistics-for-each-scratcher-game
34,2,436,25000,4.46,5.0,,,,"Aug. 28, 2023",TBD,TBD,2024-06-16,https://www.molottery.com/scratchers/436,20X THE MONEY,1422231,483190,5.0,2.0,6343150.26,2155027.4,4920919.26,1671837.4,0,0,,4.46,-1.856124892051738e-07,8.28,8.04968274111675,0.028208857163560683,0.22421528825392906,0.22421525582715213,-3.242677693027218e-08,0.12082029598701084,0.12422849845896755,0.003408202471956709,0.03477428042310273,0.02239160019532763,9.585438337460864,14.885683622826074,10.0,0.42,-0.023796589806080064,0.41714860185046404,-0.023796589806080064,0.35,0.3459015552314425,0.9999999255830422,https://www.scratcherstats.com/wp-content/uploads/gameimages/moscratchers_436.gif,,,,2024-06-16,293,53.666666666666664,44.333333333333336,58.0,56.0,,53.0,66.0,14.0,/missouri-statistics-for-each-scratcher-game
35,10,428,777777,3.22,2.0,Top Prize Claimed,,,"Aug. 28, 2023",TBD,TBD,2024-06-16,https://www.molottery.com/scratchers/428,TRIPLE RED 777,1407619,256599,2.0,0.0,4532533.180000001,826248.78,3124914.1800000006,569649.78,0,0,,3.22,-9.44025599720718e-07,5.84,5.646222072737012,0.03497700239285461,0.31055929938710897,0.31055901854437684,-2.808427321254747e-07,0.17112416610993308,0.17710957647743547,0.005985410367502386,0.05029626625618249,0.03604712317055686,6.627226016715813,9.246550210102427,7.0,0.38,-0.0133675389050792,0.37846832912152284,-0.0133675389050792,0.17,0.1648688781668482,0.9999997983999419,https://www.scratcherstats.com/wp-content/uploads/gameimages/moscratchers_428.gif,,,,2024-06-16,293,32.333333333333336,32.333333333333336,23.0,20.0,,26.916666666666668,4.0,1.0,/missouri-statistics-for-each-scratcher-game
36,20,430,2000000,3.08,2.0,Top Prize Claimed,,,"Jul. 24, 2023","Jun. 19, 2024","Dec. 16, 2024",2024-06-16,https://www.molottery.com/scratchers/430,"$2,000,000 SIZZLING RICHES",1062984,502016,2.0,0.0,3273990.72,1546209.28,2211006.72,1044193.28,0,0,,3.08,-1.810880348992475e-07,5.5,5.461629185273908,0.006498909934068777,0.32467538347015185,0.3246753960763472,1.2606195365361117e-08,0.1819133118485276,0.18309555007803932,0.0011822382295117173,0.04731233349291301,0.03165141499346262,7.045280389548608,10.530993744769889,7.0,0.38,-0.007541844636495332,0.3833673196831735,-0.007541844636495332,0.4,0.3916425259237183,1.0000000347467475,https://www.scratcherstats.com/wp-content/uploads/gameimages/moscratchers_430.gif,,,,2024-06-16,328,35.0,36.333333333333336,28.0,72.33333333333333,,42.91666666666667,33.0,4.0,/missouri-statistics-for-each-scratcher-game
37,5,431,100000,3.83,2.0,Top Prize Claimed,,,"Jul. 24, 2023","Feb. 09, 2024","Aug. 07, 2024",2024-06-16,https://www.molottery.com/scratchers/431,LIVING LUCKY WITH LUKE COMBS,450882,96000,2.0,0.0,1726878.06,367680.0,1275996.06,271680.0,0,0,,3.83,0.0,7.38,6.926129435923763,0.06555453161276746,0.26109660574412535,0.26109661481587004,9.071744688782246e-09,0.13549825935596171,0.14438078428238707,0.008882524926425356,0.041524070886640736,0.025449220895333777,8.026801211415565,13.094535286470133,9.0,0.35,-0.03318201034336721,0.35450119669277635,-0.03318201034336721,0.14,0.13028239102819467,1.0000000093988963,https://www.scratcherstats.com/wp-content/uploads/gameimages/moscratchers_431.gif,,,,2024-06-16,328,37.333333333333336,40.0,6.0,36.0,,29.833333333333336,8.0,5.0,/missouri-statistics-for-each-scratcher-game
38,1,432,2500,4.81,8.0,,,,"Jul. 24, 2023","Jun. 19, 2024","Dec. 16, 2024",2024-06-16,https://www.molottery.com/scratchers/432,LOTS OF $50S,1778241,333695,8.0,1.0,8553339.209999999,1605072.95,6775098.209999999,1271377.95,0,0,,4.81,-5.918734096965012e-07,12.09,10.750830193137741,0.12445673004439463,0.2079003309508857,0.20790021300453543,-1.1794635026984857e-07,0.08272089974779948,0.09301607243674079,0.010295172688941312,0.037973343355584666,0.014888122947608473,8.777856663003076,22.385436682306835,15.0,0.36,-0.2184256961528735,0.3567671730613954,-0.2184256961528735,0.15,0.14107638294517677,0.9999998689468113,https://www.scratcherstats.com/wp-content/uploads/gameimages/moscratchers_432.gif,,,,2024-06-16,328,46.0,57.333333333333336,8.0,22.0,,33.333333333333336,16.0,1.0,/missouri-statistics-for-each-scratcher-game
39,5,427,100000,3.97,7.0,,,,"Jul. 12, 2023",TBD,TBD,2024-06-16,https://www.molottery.com/scratchers/427,"$100,000 SUPER CROSSWORD",1265108,117882,7.0,2.0,5022478.760000001,467991.54000000004,3757370.7600000007,350109.54000000004,0,0,,3.97,-1.153867012237432e-06,11.86,7.396656946776236,0.6034925847192071,0.25188945941268104,0.2518892068815433,-2.525311377232775e-07,0.08431358722710479,0.13519621190973857,0.050882624682633784,0.038733029319317686,0.010480331905790447,8.605291301125895,31.779991824629963,14.0,0.3,-0.05885335315317543,0.30242034569040854,-0.05885335315317543,0.05,0.04796950154027267,0.9999998969843018,https://www.scratcherstats.com/wp-content/uploads/gameimages/moscratchers_427.gif,,,,2024-06-16,340,42.666666666666664,61.0,1.0,15.0,,29.916666666666664,9.0,6.0,/missouri-statistics-for-each-scratcher-game
40,3,433,50000,3.89,11.0,,,,"Jun. 28, 2023",TBD,TBD,2024-06-16,https://www.molottery.com/scratchers/433,CROSSWORD XTREME,2069275,632264,11.0,2.0,8049479.75,2459506.96,5980204.75,1827242.96,0,0,,3.89,-3.903221318850752e-07,6.93,6.5810709608004405,0.052952072293974924,0.2570695090802787,0.2570694326924761,-7.638780258334421e-08,0.14430946702305258,0.15195095235356226,0.007641485330509679,0.038163915748211805,0.027154427514701648,8.734133332794103,12.275044466187612,9.0,0.36,-0.03935091088231465,0.35715004015711554,-0.03935091088231465,0.27,0.26211773099677704,0.9999998692590146,https://www.scratcherstats.com/wp-content/uploads/gameimages/moscratchers_433.gif,,,,2024-06-16,354,45.0,38.666666666666664,9.0,45.0,,34.416666666666664,18.0,3.0,/missouri-statistics-for-each-scratcher-game
41,5,426,100000,4.03,6.0,Top Prize Claimed,,,"Jun. 26, 2023","Jun. 19, 2024","Dec. 16, 2024",2024-06-16,https://www.molottery.com/scratchers/426,50X LUCKY,1205004,283224,6.0,0.0,4856166.12,1141392.72,3651162.12,858168.72,0,0,,4.03,-6.308082988961942e-07,8.21,7.601513363241615,0.08024704037834889,0.24813911434458977,0.24813896394810228,-1.5039648748604861e-07,0.12178024727700913,0.13155275169753258,0.00977250442052345,0.03425977400983894,0.016434574250402772,9.729249312717695,20.279484947223793,9.0,0.37,-0.02867334199241351,0.37038721140502123,-0.02867334199241351,0.2,0.20074457649705243,0.9999998137719243,https://www.scratcherstats.com/wp-content/uploads/gameimages/moscratchers_426.gif,,,,2024-06-16,356,55.333333333333336,52.0,17.0,30.0,,38.583333333333336,24.0,13.0,/missouri-statistics-for-each-scratcher-game
42,10,422,100,9.38,148329.0,,,,"Jun. 26, 2023",TBD,TBD,2024-06-16,https://www.molottery.com/scratchers/422,$50 & $100 BLOWOUT,395443,67321,148329.0,25164.0,3709255.3400000003,631470.9800000001,3313812.3400000003,564149.9800000001,0,0,,9.38,-1.5519319668740982e-06,9.38,9.379999140204783,-1.460269497513698e-06,0.10660997355377136,0.10660981787447883,-1.5567929252668922e-07,0.10660997355377136,0.10660981787447883,-1.5567929252668922e-07,0.019028402826267287,0.019028402826267287,17.513115625120317,17.513115625120317,11.0,0.63,-0.0001108697383363279,0.6256892647314996,-0.0001108697383363279,0.17,0.1701236379972637,0.9999997003956655,https://www.scratcherstats.com/wp-content/uploads/gameimages/moscratchers_422.gif,,,,2024-06-16,356,60.333333333333336,48.0,89.0,19.333333333333332,,54.16666666666667,71.0,8.0,/missouri-statistics-for-each-scratcher-game
43,2,429,27778,4.48,6.0,,,,"Jun. 26, 2023",TBD,TBD,2024-06-16,https://www.molottery.com/scratchers/429,"$20,000 TAXES PAID",1397225,578670,6.0,2.0,6259568.000000001,2592441.6,4862343.000000001,2013771.6,0,0,,4.48,-2.3144205064345206e-07,9.98,9.693950464520945,0.029823725360712473,0.2232143373754697,0.22321428571428573,-5.166118396959796e-08,0.10016968563604726,0.10315711882992565,0.0029874331938783832,0.03611439994562969,0.015641729583217568,9.229781393888146,21.30876763875664,12.0,0.42,-0.027674098527693175,0.41549393023794956,-0.027674098527693175,0.41,0.4066343177801992,0.9999998363841777,https://www.scratcherstats.com/wp-content/uploads/gameimages/moscratchers_429.gif,,,,2024-06-16,356,50.666666666666664,54.666666666666664,56.0,52.0,,53.33333333333333,67.5,15.0,/missouri-statistics-for-each-scratcher-game
44,5,423,100000,3.99,6.0,,,,"May. 30, 2023","Mar. 28, 2024","Sep. 24, 2024",2024-06-16,https://www.molottery.com/scratchers/423,JOKERS WILD,1389316,108428,6.0,1.0,5543370.84,432627.72000000003,4154054.84,324199.72000000003,0,0,,3.99,-1.6642484212791711e-06,9.8,7.460673582660846,0.3133940247527306,0.25062698352160173,0.25062660439407797,-3.791275237641223e-07,0.10205326990687127,0.1340361549021624,0.031982884995291117,0.03875228902052204,0.013569998949834829,8.600960107669755,24.550332191747792,11.0,0.34,-0.047283782698763946,0.3364838532962575,-0.047283782698763946,0.06,0.05616780619209293,0.9999998719476002,https://www.scratcherstats.com/wp-content/uploads/gameimages/moscratchers_423.gif,,,,2024-06-16,383,42.333333333333336,59.333333333333336,3.0,13.333333333333334,,29.5,7.0,4.0,/missouri-statistics-for-each-scratcher-game
45,1,425,5000,4.62,6.0,,,,"May. 30, 2023",TBD,TBD,2024-06-16,https://www.molottery.com/scratchers/425,10X THE CASH,1848599,451894,6.0,3.0,8540527.38,2087750.28,6691928.380000001,1635856.28,0,0,,4.62,-1.3411565672361496e-07,10.82,10.023163345182782,0.0795938800163048,0.21645024547958328,0.21645022608089642,-1.939868685130186e-08,0.09241336366902167,0.09976890184879691,0.007355538179775245,0.03750155118676812,0.015215663453419242,8.888346386206813,21.904762138384918,13.0,0.4,-0.11633984407989643,0.3989740150880134,-0.11633984407989643,0.27,0.26667039523689046,0.9999999710034637,https://www.scratcherstats.com/wp-content/uploads/gameimages/moscratchers_425.gif,,,,2024-06-16,383,47.333333333333336,56.333333333333336,41.0,57.0,,50.41666666666667,54.0,6.0,/missouri-statistics-for-each-scratcher-game
46,50,421,5000000,2.93,3.0,,,,"May. 30, 2023",TBD,TBD,2024-06-16,https://www.molottery.com/scratchers/421,500X,2149928,1139154,3.0,1.0,6299289.04,3337721.22,4149361.04,2198567.22,0,0,,2.93,-6.591323406685057e-08,3.59,3.5852547440266043,0.0008921745777798444,0.3412969508236309,0.34129693049485427,-2.032877660651522e-08,0.27867158459319996,0.27892020829652364,0.00024862370332368045,0.05074733180475384,0.052339292780603425,6.568451964912416,6.368657910064627,4.0,0.45,-0.0010312087920882457,0.45215762491832,-0.0010312087920882457,0.5,0.49694873229143965,0.9999999328714628,https://www.scratcherstats.com/wp-content/uploads/gameimages/moscratchers_421.gif,,,,2024-06-16,383,32.0,31.333333333333332,79.0,71.0,,53.33333333333333,67.5,2.0,/missouri-statistics-for-each-scratcher-game
47,3,420,55558,3.88,6.0,,,,"May. 02, 2023",TBD,TBD,2024-06-16,https://www.molottery.com/scratchers/420,5X BINGO,2323803,1070106,6.0,3.0,9016355.64,4152011.28,6692552.640000001,3081905.28,0,0,,3.88,-6.743719637696862e-08,6.4,6.3349041159798265,0.011007753589090102,0.2577319761436085,0.25773197705724765,9.136391643238539e-10,0.15613686957958445,0.1578555857660884,0.0017187161865039602,0.0290252232369006,0.02181369869175489,11.484140995337018,15.280557464997214,7.0,0.39,-0.01323320765174945,0.38960349575181746,-0.01323320765174945,0.43,0.43304715245042025,1.000000003025803,https://www.scratcherstats.com/wp-content/uploads/gameimages/moscratchers_420.gif,,,,2024-06-16,411,59.0,45.333333333333336,31.0,73.33333333333333,,52.16666666666667,63.0,7.0,/missouri-statistics-for-each-scratcher-game
48,20,417,2000000,3.04,2.0,Top Prize Claimed,,,"Apr. 24, 2023","Mar. 28, 2024","Sep. 24, 2024",2024-06-16,https://www.molottery.com/scratchers/417,SUPER CASH BONANZA,1076127,433868,2.0,0.0,3271426.08,1318958.72,2195299.08,885090.72,0,0,,3.04,-5.458851661635072e-07,5.37,5.340353844194937,0.005698813244763346,0.3289475479886395,0.32894737646518674,-1.715234527743803e-07,0.18619243372419744,0.18725350963157963,0.0010610759073821918,0.04751679375905633,0.03212924733273004,7.014950241755415,10.37432494104869,6.0,0.38,-0.007303594686102766,0.38280180263511043,-0.007303594686102766,0.37,0.3639316492556936,0.9999996477555774,https://www.scratcherstats.com/wp-content/uploads/gameimages/moscratchers_417.gif,,,,2024-06-16,419,34.0,34.666666666666664,27.0,42.666666666666664,,34.58333333333333,19.0,3.0,/missouri-statistics-for-each-scratcher-game
49,5,418,88888,4.08,5.0,,,,"Apr. 24, 2023",TBD,TBD,2024-06-16,https://www.molottery.com/scratchers/418,EMERALD 8S,1051433,94332,5.0,1.0,4289846.64,384874.56,3238413.6399999997,290542.56,0,0,,4.08,-1.455019526432638e-06,8.45,7.787585525826122,0.08454167752202127,0.2450983958386381,0.24509807578174134,-3.200568967631767e-07,0.11839978798256053,0.12840950467685786,0.01000971669429733,0.03574162180544452,0.015753306067123943,9.325273016068152,21.149758865754283,10.0,0.4,-0.014471086176000448,0.40472466313650707,-0.014471086176000448,0.09,0.08948549758124735,0.999999871297217,https://www.scratcherstats.com/wp-content/uploads/gameimages/moscratchers_418.gif,,,,2024-06-16,419,51.333333333333336,53.666666666666664,45.0,14.333333333333334,,41.083333333333336,30.0,15.0,/missouri-statistics-for-each-scratcher-game
50,2,419,33333,4.44,5.0,,,,"Apr. 24, 2023",TBD,TBD,2024-06-16,https://www.molottery.com/scratchers/419,TRIPLE 333,1426734,249982,5.0,2.0,6334698.960000001,1109920.08,4907964.960000001,859938.0800000001,0,0,,4.44,-7.207726167664603e-08,10.09,9.497953382092318,0.06204431001370306,0.22522524145884387,0.22522525935727322,1.789842934973862e-08,0.0991350727980395,0.10528583998795207,0.006150767189912573,0.036956187832007,0.015679270360754304,9.019363906365566,21.255385878118407,12.0,0.39,-0.04961227789830344,0.39362116188554125,-0.04961227789830344,0.17,0.17044507507574266,1.0000000168819132,https://www.scratcherstats.com/wp-content/uploads/gameimages/moscratchers_419.gif,,,,2024-06-16,419,48.333333333333336,54.0,33.0,46.0,,45.333333333333336,39.0,7.0,/missouri-statistics-for-each-scratcher-game
51,5,415,100000,4.06,5.0,Top Prize Claimed,,,"Mar. 27, 2023","Feb. 09, 2024","Aug. 07, 2024",2024-06-16,https://www.molottery.com/scratchers/415,WHOLE LOTTA $500S,1148565,201830,5.0,0.0,4663173.899999999,819429.7999999999,3514608.8999999994,617599.7999999999,0,0,,4.06,-9.76288633734689e-07,8.35,7.707736707002821,0.08353919147719495,0.24630565918462735,0.24630546625655964,-1.929280677159806e-07,0.11973703639973689,0.12973977161044636,0.010002735210709476,0.04024857756655904,0.019472956072178086,8.281526356710772,17.11477124555219,10.0,0.37,-0.03144282966415847,0.36808314082123034,-0.03144282966415847,0.13,0.11873072485486544,0.9999998330147009,https://www.scratcherstats.com/wp-content/uploads/gameimages/moscratchers_415.gif,,,,2024-06-16,447,38.666666666666664,47.666666666666664,15.0,14.333333333333334,,28.916666666666664,6.0,3.0,/missouri-statistics-for-each-scratcher-game
52,1,416,7000,4.71,5.0,,,,"Mar. 27, 2023",TBD,TBD,2024-06-16,https://www.molottery.com/scratchers/416,7-11-21,1727611,421586,5.0,1.0,8137047.81,1985670.06,6409436.81,1564084.06,0,0,,4.71,-3.0216500403476486e-08,10.96,10.460435178329014,0.04812358427293613,0.2123142314684716,0.21231424618783695,1.4719365365456483e-08,0.0912090125751006,0.09559831717820974,0.004389304603109143,0.030167930995879902,0.011624273437421999,11.048971085989283,28.671087807928213,13.0,0.4,-0.12253742076973209,0.3985944290843896,-0.12253742076973209,0.2,0.2011502865973661,1.0000000223792063,https://www.scratcherstats.com/wp-content/uploads/gameimages/moscratchers_416.gif,,,,2024-06-16,447,58.0,60.0,39.0,53.0,,52.5,64.0,8.0,/missouri-statistics-for-each-scratcher-game
53,2,414,30000,4.44,6.0,Top Prize Claimed,,,"Feb. 27, 2023","Jan. 19, 2024","Jul. 17, 2024",2024-06-16,https://www.molottery.com/scratchers/414,QUICK $100S,1386675,228955,6.0,0.0,6156837.000000001,1016560.2000000001,4770162.000000001,787605.2000000001,0,0,,4.44,-1.9674191465169098e-07,9.79,9.222233706007119,0.06105981873990771,0.22522526953647595,0.22522522522522523,-4.431125072423825e-08,0.10219367277878334,0.1084335999150213,0.006239927136237958,0.03910542853630909,0.017813566417564482,8.523648411829376,18.708960075873325,12.0,0.38,-0.06965488660693184,0.37875580388762103,-0.06965488660693184,0.15,0.14206557365401926,0.999999961091591,https://www.scratcherstats.com/wp-content/uploads/gameimages/moscratchers_414.gif,,,,2024-06-16,475,41.666666666666664,51.0,24.0,33.0,,37.416666666666664,23.0,1.0,/missouri-statistics-for-each-scratcher-game
54,30,410,3000000,2.64,3.0,,,,"Jan. 30, 2023",TBD,TBD,2024-06-16,https://www.molottery.com/scratchers/410,"$3,000,000 SPECTACULAR",1695841,579202,3.0,1.0,4477020.24,1529093.28,2781179.24,949891.28,0,0,,2.64,-1.8311505493735905e-07,3.6,3.585433769878166,0.0032856225123366516,0.3787879481496547,0.3787878990935935,-4.905606121319295e-08,0.2779929016743913,0.27890628141040247,0.0009133797360111884,0.03788936559180302,0.032669028384318746,8.797409647232808,10.203099046321674,4.0,0.42,-0.0004309451893851112,0.42152591983177834,-0.0004309451893851112,0.32,0.31378439937140734,0.9999999328240596,https://www.scratcherstats.com/wp-content/uploads/gameimages/moscratchers_410.gif,,,,2024-06-16,503,46.333333333333336,34.0,62.0,55.333333333333336,,49.41666666666667,48.0,2.0,/missouri-statistics-for-each-scratcher-game
55,5,411,100000,3.99,6.0,Top Prize Claimed,,,"Jan. 30, 2023","Jan. 19, 2024","Jul. 17, 2024",2024-06-16,https://www.molottery.com/scratchers/411,IN THE GREEN,1452918,251073,6.0,0.0,5797142.82,1001781.27,4344224.82,750708.27,0,0,,3.99,-2.6951991226400523e-07,8.1,7.461015635959748,0.08516634802773125,0.2506266339649085,0.25062660186691993,-3.2097988544865785e-08,0.12351102686116028,0.13403000996008033,0.010518983098920048,0.03428752091884697,0.01616843877673957,9.721333535264957,20.61286228979507,9.0,0.38,-0.026393137877216876,0.3818309590619108,-0.026393137877216876,0.15,0.1494153345078187,0.9999999732451738,https://www.scratcherstats.com/wp-content/uploads/gameimages/moscratchers_411.gif,,,,2024-06-16,503,54.666666666666664,53.0,25.0,37.333333333333336,,42.5,32.0,16.0,/missouri-statistics-for-each-scratcher-game
56,1,412,2500,4.79,8.0,,,,"Jan. 30, 2023",TBD,TBD,2024-06-16,https://www.molottery.com/scratchers/412,LOOSE CHANGE,1842293,386707,8.0,2.0,8824583.47,1852326.53,6982290.470000001,1465619.53,0,0,,4.79,-2.8612665825150757e-07,11.12,10.4693740026931,0.06166813863149498,0.20876832695756578,0.20876827834244405,-4.861512173381932e-08,0.08996850446411701,0.09551669466987846,0.005548190205761444,0.03624554530897252,0.015551941097561982,9.196313739029852,21.430795398615317,13.0,0.4,-0.12849708899218576,0.3983094768415495,-0.12849708899218576,0.19,0.18955644242894684,0.9999999381341614,https://www.scratcherstats.com/wp-content/uploads/gameimages/moscratchers_412.gif,,,,2024-06-16,503,50.0,55.0,38.0,41.666666666666664,,46.166666666666664,41.0,3.0,/missouri-statistics-for-each-scratcher-game
57,10,401,1000000,3.28,2.0,Top Prize Claimed,,,"Jan. 09, 2023","Mar. 28, 2024","Sep. 24, 2024",2024-06-16,https://www.molottery.com/scratchers/401,"$1,000,000 CASH EXTRAVAGANZA",1369034,266621,2.0,0.0,4490431.52,874516.88,3121397.5199999996,607895.88,0,0,,3.28,-1.0062698846267148e-06,5.92,5.821967324913683,0.017246744023527404,0.3048783555703955,0.30487808408591516,-2.714844803408667e-07,0.16885111307283115,0.17176324499808593,0.002912131925254774,0.04075869564759915,0.022191423076267813,8.177963102903998,15.019290459911975,7.0,0.4,-0.012855301786239939,0.39610081462203095,-0.012855301786239939,0.17,0.1726612809881941,0.9999997846383608,https://www.scratcherstats.com/wp-content/uploads/gameimages/moscratchers_401.gif,,,,2024-06-16,524,38.0,45.0,35.0,23.666666666666668,,35.416666666666664,21.0,2.0,/missouri-statistics-for-each-scratcher-game
58,20,404,2000000,3.04,2.0,Top Prize Claimed,,,"Dec. 27, 2022",TBD,TBD,2024-06-16,https://www.molottery.com/scratchers/404,"$2,000,000 ULTIMATE CASH!",1075402,239408,2.0,0.0,3269222.08,727800.3200000001,2193820.08,488392.32000000007,0,0,,3.04,-4.396810377770814e-07,5.43,5.341324898458,0.016269218477949713,0.32894751305303654,0.32894737647060984,-1.3658242670189225e-07,0.1842223138224787,0.18721946689457003,0.0029971530720913353,0.04786515606920375,0.03191922144164542,6.96380550776523,10.442214989524288,7.0,0.37,-0.008430003348404809,0.3726209123385546,-0.008430003348404809,0.17,0.1698806116574856,0.999999881094029,https://www.scratcherstats.com/wp-content/uploads/gameimages/moscratchers_404.gif,,,,2024-06-16,537,33.333333333333336,36.0,20.0,31.333333333333332,,30.166666666666668,10.0,2.0,/missouri-statistics-for-each-scratcher-game
59,10,405,1000000,3.27,2.0,,,,"Dec. 27, 2022",TBD,TBD,2024-06-16,https://www.molottery.com/scratchers/405,"$1,000,000 MONEY MULTIPLIER",1369217,273661,2.0,1.0,4477339.59,894871.47,3108122.59,621210.47,0,0,,3.27,-5.252150904470978e-07,5.93,5.798963337318173,0.02291334990805046,0.30581055816983677,0.30581043785158996,-1.2031824681013603e-07,0.16858184028759451,0.17244461498224728,0.0038627746946527652,0.039945796659988514,0.021620303907084217,8.344386576480401,15.416030782255877,7.0,0.49,0.008914961470768135,0.49358678513439375,0.008914961470768135,0.2,0.20018383891110755,0.9999999017217749,https://www.scratcherstats.com/wp-content/uploads/gameimages/moscratchers_405.gif,,,,2024-06-16,537,39.0,46.0,85.0,38.666666666666664,,52.166666666666664,62.0,6.0,/missouri-statistics-for-each-scratcher-game
60,5,406,100000,4.03,6.0,,,,"Dec. 27, 2022",TBD,TBD,2024-06-16,https://www.molottery.com/scratchers/406,"$100,000 MONEY MULTIPLIER",1166805,156883,6.0,1.0,4702224.15,632238.49,3535419.1500000004,475355.49,0,0,,4.03,-7.750239944714275e-07,8.95,7.600905211431527,0.17789347194573474,0.2481391501301725,0.24813896573196004,-1.8439821244942145e-07,0.11169369762652671,0.13156327729176662,0.019869579665239903,0.03629991479886394,0.01530202404333355,9.182220550123326,21.7768929750765,10.0,0.36,-0.03619017419464523,0.35523805908534445,-0.03619017419464523,0.11,0.10792965786544818,0.999999884561834,https://www.scratcherstats.com/wp-content/uploads/gameimages/moscratchers_406.gif,,,,2024-06-16,537,49.666666666666664,55.666666666666664,7.0,19.666666666666668,,33.0,15.0,10.0,/missouri-statistics-for-each-scratcher-game
61,2,407,25000,4.46,6.0,,,,"Dec. 27, 2022",TBD,TBD,2024-06-16,https://www.molottery.com/scratchers/407,"$25,000 MONEY MULTIPLIER",1567153,521743,6.0,2.0,6989502.38,2326973.78,5422349.38,1805230.7799999998,0,0,,4.46,-3.3519930767279436e-07,8.27,8.048740380263865,0.027184091891303885,0.22421532179359194,0.2242152588267376,-6.296685434170612e-08,0.1209549917424912,0.124243043352731,0.0032880516102397894,0.03478846594378931,0.02247688959290471,9.581543847763133,14.829265836816255,10.0,0.41,-0.028560194146537255,0.414138453690696,-0.028560194146537255,0.31,0.3031351140940104,0.999999859842407,https://www.scratcherstats.com/wp-content/uploads/gameimages/moscratchers_407.gif,,,,2024-06-16,537,53.0,44.0,54.0,45.666666666666664,,49.166666666666664,47.0,10.0,/missouri-statistics-for-each-scratcher-game
62,1,408,5000,4.62,7.0,,,,"Dec. 27, 2022","Jun. 19, 2024","Dec. 16, 2024",2024-06-16,https://www.molottery.com/scratchers/408,"$5,000 MONEY MULTIPLIER",2129313,590512,7.0,2.0,9837426.06,2728165.44,7708113.0600000005,2137653.44,0,0,,4.62,-1.6128054178361226e-07,10.58,10.023328676971795,0.05580201587985714,0.21645025135943025,0.21645021777038018,-3.3589050069116055e-08,0.09449428461988187,0.09976725619079625,0.0052729715709143865,0.036930817886746535,0.015390595490032471,9.025747533792792,21.656428533011237,13.0,0.41,-0.09152369938106854,0.41007197145333957,-0.09152369938106854,0.25,0.24853212702823116,0.9999999404494375,https://www.scratcherstats.com/wp-content/uploads/gameimages/moscratchers_408.gif,,,,2024-06-16,537,49.0,55.333333333333336,50.0,51.333333333333336,,51.41666666666667,59.0,7.0,/missouri-statistics-for-each-scratcher-game
63,3,409,50000,3.82,10.0,,,,"Dec. 27, 2022",TBD,TBD,2024-06-16,https://www.molottery.com/scratchers/409,FRUIT LOOT,2373797,545763,10.0,2.0,9067904.54,2084814.66,6694107.539999999,1539051.66,0,0,,3.82,-3.165749035807346e-07,6.5,6.181202211568677,0.050895880822725004,0.26178018758507954,0.2617801203012295,-6.728385004706183e-08,0.15394562776343598,0.16178082608726338,0.007835198323827397,0.03799109961515063,0.027936586935288305,8.773843819917733,11.931340873384826,8.0,0.37,-0.02721009080472825,0.36747658704005887,-0.02721009080472825,0.21,0.20576215821075508,0.9999999232649381,https://www.scratcherstats.com/wp-content/uploads/gameimages/moscratchers_409.gif,,,,2024-06-16,537,45.666666666666664,38.0,14.0,43.0,,35.166666666666664,20.0,4.0,/missouri-statistics-for-each-scratcher-game
64,5,402,100000,3.83,4.0,,,,"Nov. 28, 2022",TBD,TBD,2024-06-16,https://www.molottery.com/scratchers/402,RED HOT CASH,1116553,128586,4.0,1.0,4276397.99,492484.38,3159844.99,363898.38,0,0,,3.83,-7.715980758301625e-07,7.9,6.929884377607986,0.14011355085749883,0.2610968072059194,0.2610966661888501,-1.410170692994761e-07,0.12656857887768944,0.14430255189122992,0.01773397301354049,0.04338125174913132,0.02430577955025324,7.683351732618942,13.711142678374367,10.0,0.36,-0.029584494491373126,0.3597923993469839,-0.029584494491373126,0.09,0.09120605783196326,0.999999929705501,https://www.scratcherstats.com/wp-content/uploads/gameimages/moscratchers_402.gif,,,,2024-06-16,566,36.333333333333336,41.0,11.0,21.0,,27.333333333333336,5.0,2.0,/missouri-statistics-for-each-scratcher-game
65,2,403,20000,4.48,7.0,,,,"Nov. 28, 2022",TBD,TBD,2024-06-16,https://www.molottery.com/scratchers/403,DOUBLE MATCH,1352567,316290,7.0,2.0,6059500.16,1416979.2000000002,4706933.16,1100689.2000000002,0,0,,4.48,-1.411453323266595e-07,10.89,9.694595057268426,0.12361243027193018,0.2232143172199447,0.2232142916082185,-2.5611726184315842e-08,0.09180234851751508,0.10315025992243584,0.011347911404920766,0.038163666153850535,0.014621609795358205,8.73406992093014,22.793312805339127,13.0,0.36,-0.09298981572449591,0.35761186298456077,-0.09298981572449591,0.21,0.2018404003654282,0.9999999649791735,https://www.scratcherstats.com/wp-content/uploads/gameimages/moscratchers_403.gif,,,,2024-06-16,566,44.666666666666664,58.666666666666664,10.0,48.333333333333336,,40.416666666666664,28.0,4.0,/missouri-statistics-for-each-scratcher-game
66,20,389,200,9.38,105743.0,,,,"Aug. 29, 2022",TBD,TBD,2024-06-16,https://www.molottery.com/scratchers/389,$100 & $200,281977,39551,105743.0,14817.0,2644944.2600000002,370988.38,2362967.2600000002,331437.38,0,0,,9.38,-1.024290841767895e-06,9.38,9.379999077938981,-9.259901844419233e-07,0.10660991730190734,0.10660981858217036,-9.871973698227787e-08,0.10660991730190734,0.10660981858217036,-9.871973698227787e-08,0.01890189965450902,0.01890189965450902,17.62705229307189,17.62705229307189,11.0,0.63,-1.5934003420748805e-05,0.6261361553473428,-1.5934003420748805e-05,0.14,0.1402351214902197,0.9999998489277873,https://www.scratcherstats.com/wp-content/uploads/gameimages/moscratchers_389.gif,,,,2024-06-16,657,60.666666666666664,48.333333333333336,90.0,18.0,,54.25,72.0,9.0,/missouri-statistics-for-each-scratcher-game
67,2,391,25000,4.46,6.0,,,,"Aug. 29, 2022","Jun. 19, 2024","Dec. 16, 2024",2024-06-16,https://www.molottery.com/scratchers/391,WIN ALL,1424050,264801,6.0,1.0,6351263.0,1181012.46,4927213.0,916211.46,0,0,,4.46,-3.894963140257435e-07,8.42,8.049640563134654,0.04610421512684095,0.22421533396781743,0.2242152466367713,-8.733104611691189e-08,0.11875408547923307,0.12422914938335887,0.005475063904125804,0.03477618829842987,0.021426186566737882,9.58475567006124,15.555561474448915,10.0,0.41,-0.03182155179127529,0.41011352975244963,-0.03182155179127529,0.17,0.1696434147684376,0.9999999110294645,https://www.scratcherstats.com/wp-content/uploads/gameimages/moscratchers_391.gif,,,,2024-06-16,657,53.333333333333336,46.333333333333336,51.0,33.0,,45.91666666666667,40.0,8.0,/missouri-statistics-for-each-scratcher-game
68,10,386,100,9.38,149988.0,,,,"Jul. 25, 2022","Feb. 09, 2024","Aug. 07, 2024",2024-06-16,https://www.molottery.com/scratchers/386,$50 & $100 EXPLOSION,399872,45323,149988.0,16650.0,3750799.3600000003,425129.74000000005,3350927.3600000003,379806.74000000005,0,0,,9.38,-1.7406451029656127e-06,9.38,9.379999099711908,-1.6446657199921256e-06,0.10660999367250881,0.10660981833470681,-1.7533780199974203e-07,0.10660999367250881,0.10660981833470681,-1.7533780199974203e-07,0.019997565045447054,0.019997565045447054,16.66256795567742,16.66256795567742,12.0,0.62,-0.0006573930287422749,0.6222628896170338,-0.0006573930287422749,0.11,0.11287706125132421,0.9999997897577803,https://www.scratcherstats.com/wp-content/uploads/gameimages/moscratchers_386.gif,,,,2024-06-16,692,59.666666666666664,46.666666666666664,87.0,11.0,,51.08333333333333,57.0,4.0,/missouri-statistics-for-each-scratcher-game
69,1,388,5000,4.62,7.0,,,,"Jul. 25, 2022","Feb. 09, 2024","Aug. 07, 2024",2024-06-16,https://www.molottery.com/scratchers/388,10X THE BUCKS,2178989,411954,7.0,1.0,10066929.18,1903227.48,7887940.18,1491273.48,0,0,,4.62,-2.5220316801777133e-07,11.08,10.023287605764502,0.10557627305909657,0.21645027103966052,0.21645022032041747,-5.071924305544151e-08,0.09024041798482262,0.09976766499495526,0.009527247010132647,0.03812153927541027,0.01508646782827667,8.743777523819675,22.0920138714495,13.0,0.37,-0.17662067005177814,0.37164825845787175,-0.17662067005177814,0.16,0.15616755980114608,0.999999945371638,https://www.scratcherstats.com/wp-content/uploads/gameimages/moscratchers_388.gif,,,,2024-06-16,692,45.333333333333336,57.0,19.0,34.333333333333336,,38.91666666666667,26.0,2.0,/missouri-statistics-for-each-scratcher-game
70,1,382,2500,4.81,9.0,,,,"May. 31, 2022","Feb. 09, 2024","Aug. 07, 2024",2024-06-16,https://www.molottery.com/scratchers/382,$50 IN A FLASH,2166831,541698,9.0,4.0,10422457.11,2605567.38,8255626.109999999,2063869.38,0,0,,4.81,-1.4584155551044534e-07,11.56,10.751617778282107,0.07538774861006388,0.20790023822070205,0.2079002100944144,-2.812628766002412e-08,0.0864890444191226,0.09300925875731605,0.006520214338193456,0.03693405040397712,0.015209084771956155,9.024945171090014,21.914594015450326,14.0,0.4,-0.12541514818443245,0.39906860963467833,-0.12541514818443245,0.23,0.23003663270190305,0.9999999549052763,https://www.scratcherstats.com/wp-content/uploads/gameimages/moscratchers_382.gif,,,,2024-06-16,747,48.666666666666664,56.666666666666664,42.0,51.0,,49.58333333333333,49.0,4.0,/missouri-statistics-for-each-scratcher-game
71,30,377,3000000,2.66,3.0,,,,"Apr. 25, 2022",TBD,TBD,2024-06-16,https://www.molottery.com/scratchers/377,MILLIONAIRE BUCKS,1688262,348066,3.0,1.0,4490776.92,925855.56,2802514.92,577789.56,0,0,,2.66,-6.048459654598779e-07,3.65,3.6222099082989123,0.006354595423254851,0.37594007700989895,0.37593992664074094,-1.5036915801402984e-07,0.2743312937771033,0.2760745581609949,0.0017432643838916073,0.03958541174626431,0.034421913575961395,8.42040677701009,9.683384518811728,4.0,0.47,0.0030436505882478126,0.469657415758047,0.0030436505882478126,0.23,0.23597935494600258,0.9999998961196553,https://www.scratcherstats.com/wp-content/uploads/gameimages/moscratchers_377.gif,,,,2024-06-16,783,40.0,33.333333333333336,82.0,44.666666666666664,,50.0,51.0,3.0,/missouri-statistics-for-each-scratcher-game
72,1,376,6000,4.71,6.0,,,,"Mar. 28, 2022","Jan. 19, 2024","Jul. 17, 2024",2024-06-16,https://www.molottery.com/scratchers/376,GOLD TRIPLER,1950682,493226,6.0,2.0,9187712.22,2323094.46,7237030.220000001,1829868.46,0,0,,4.71,-1.9801175014352497e-07,11.23,10.459896968834496,0.07392546807922594,0.2123142670937982,0.21231423013694814,-3.695685005244975e-08,0.08902222639290533,0.09560323614845567,0.006581009755550343,0.030548777091641065,0.011216107808541074,10.91127013854689,29.714892572226763,13.0,0.4,-0.1273596392760091,0.3969232411602802,-0.1273596392760091,0.22,0.22141016673442956,0.9999999410930887,https://www.scratcherstats.com/wp-content/uploads/gameimages/moscratchers_376.gif,,,,2024-06-16,811,57.666666666666664,60.666666666666664,36.0,47.0,,50.33333333333333,53.0,5.0,/missouri-statistics-for-each-scratcher-game
73,2,372,25000,4.46,7.0,,,,"Feb. 28, 2022","Feb. 09, 2024","Aug. 07, 2024",2024-06-16,https://www.molottery.com/scratchers/372,BANKROLL MULTIPLIER,1638253,344213,7.0,2.0,7306608.38,1535189.98,5668355.38,1190976.98,0,0,,4.46,-6.383574754996152e-07,8.3,8.049673346627152,0.03151338592316786,0.22421538976634148,0.22421525829769437,-1.314686471076687e-07,0.12043337986397766,0.12422864344166266,0.003795263577685004,0.03506541698308049,0.02271793272281833,9.505779673664252,14.67153222932313,10.0,0.41,-0.03691189746300438,0.4075556820691133,-0.03691189746300438,0.22,0.22542918313913313,0.9999998440317229,https://www.scratcherstats.com/wp-content/uploads/gameimages/moscratchers_372.gif,,,,2024-06-16,839,52.666666666666664,42.0,47.0,36.333333333333336,,44.5,37.0,5.0,/missouri-statistics-for-each-scratcher-game
74,20,373,2000000,3.04,2.0,Top Prize Claimed,,,"Feb. 28, 2022","Jun. 19, 2024","Dec. 16, 2024",2024-06-16,https://www.molottery.com/scratchers/373,MEGA CASH BLAST,1075256,188142,2.0,0.0,3268778.24,571951.68,2193522.24,383809.68000000005,0,0,,3.04,-1.188911622806403e-06,5.43,5.340433700768362,0.017231778827535054,0.3289477595108672,0.32894739257300437,-3.669378628168296e-07,0.1840787060430002,0.187250709592392,0.0031720035493918164,0.04790011754338548,0.03191920806573532,6.958667779471132,10.441996958980246,7.0,0.37,-0.008548527130586774,0.37099419355853913,-0.008548527130586774,0.14,0.1383502434141814,0.9999997634233841,https://www.scratcherstats.com/wp-content/uploads/gameimages/moscratchers_373.gif,,,,2024-06-16,839,33.0,35.666666666666664,18.0,12.666666666666666,,24.833333333333332,2.0,1.0,/missouri-statistics-for-each-scratcher-game
75,50,367,5000000,2.84,4.0,Top Prize Claimed,,,"Jan. 31, 2022",TBD,TBD,2024-06-16,https://www.molottery.com/scratchers/367,MILLIONAIRE BLOWOUT,2957120,656380,4.0,0.0,8398220.799999999,1864119.2,5441100.799999999,1207739.2,0,0,,2.84,-1.072892763676997e-07,4.04,4.03306856709279,0.0025347170007324164,0.3521127138342563,0.35211270959798624,-4.236270056967584e-09,0.24732326637945323,0.24795016086742191,0.0006268944879686822,0.04726652647459369,0.042836578324462325,7.052131325685343,7.7813803158306944,5.0,0.42,-0.0023937618523709975,0.41876747138997034,-0.0023937618523709975,0.2,0.19677430802938706,0.9999999965676644,https://www.scratcherstats.com/wp-content/uploads/gameimages/moscratchers_367.gif,,,,2024-06-16,867,35.333333333333336,32.0,61.0,49.0,,44.333333333333336,36.0,1.0,/missouri-statistics-for-each-scratcher-game
76,1,369,3000,4.66,11.0,,,,"Jan. 31, 2022","Jan. 19, 2024","Jul. 17, 2024",2024-06-16,https://www.molottery.com/scratchers/369,MONEY BAGS,2312230,933249,11.0,3.0,10774991.8,4348940.34,8462761.8,3415691.34,0,0,,4.66,-7.817996417152742e-08,10.53,10.21127742950422,0.030982513466298416,0.21459229145492925,0.21459229061072999,-8.441992660479514e-10,0.09498797408104044,0.09793094026714268,0.002942966186102236,0.03401718536003313,0.014682201350837672,9.798865776055692,22.701978187578355,12.0,0.42,-0.06294529094955661,0.4238425915280504,-0.06294529094955661,0.37,0.366941675579675,0.9999999973376197,https://www.scratcherstats.com/wp-content/uploads/gameimages/moscratchers_369.gif,,,,2024-06-16,867,55.666666666666664,58.0,64.0,68.33333333333333,,61.5,86.0,13.0,/missouri-statistics-for-each-scratcher-game
77,20,359,2000000,3.04,2.0,,,,"Dec. 28, 2021",TBD,TBD,2024-06-16,https://www.molottery.com/scratchers/359,24K GOLD,1076295,320714,2.0,1.0,3271936.8,974970.56,2195641.8,654256.56,0,0,,3.04,-5.74376317560708e-07,5.41,5.341186380361288,0.01223914607339493,0.32894755736073933,0.3289474488498553,-1.0851088405594567e-07,0.18496056288911453,0.18722432223613175,0.0022637593470172246,0.04772440432933284,0.031982374174791,6.984394646796922,10.42180506354652,7.0,0.49,0.004888105209566803,0.492208478209586,0.004888105209566803,0.33,0.33183423619497976,0.9999998599821304,https://www.scratcherstats.com/wp-content/uploads/gameimages/moscratchers_359.gif,,,,2024-06-16,901,33.666666666666664,35.333333333333336,84.0,49.0,,50.5,55.0,7.0,/missouri-statistics-for-each-scratcher-game
78,5,361,100000,4.04,5.0,,,,"Dec. 28, 2021","Mar. 08, 2024","Sep. 04, 2024",2024-06-16,https://www.molottery.com/scratchers/361,"$100,000 JACKPOT",1245957,144292,5.0,1.0,5033666.28,582939.68,3787709.2800000003,438647.68000000005,0,0,,4.04,-1.1665014808878083e-06,8.78,7.645300729040097,0.14857293649939804,0.24752504121357466,0.2475247662439264,-2.749696482728936e-07,0.11387983991463944,0.13079930213883878,0.016919462224199336,0.04206272307321252,0.018534836372265204,7.924237970287292,17.979282298744057,10.0,0.38,-0.028034872315906324,0.37518676911306326,-0.028034872315906324,0.1,0.10083084125798522,0.9999998545015876,https://www.scratcherstats.com/wp-content/uploads/gameimages/moscratchers_361.gif,,,,2024-06-16,901,37.0,49.333333333333336,21.0,14.0,,30.333333333333336,12.0,8.0,/missouri-statistics-for-each-scratcher-game
79,2,362,25000,4.44,6.0,,,,"Dec. 28, 2021","Jan. 19, 2024","Jul. 17, 2024",2024-06-16,https://www.molottery.com/scratchers/362,"$25,000 JACKPOT",1681145,818833,6.0,3.0,7464283.800000001,3635618.5200000005,5783138.800000001,2816785.5200000005,0,0,,4.44,-1.4302930771691022e-07,9.34,9.221835797255792,0.01295004575829693,0.22522525743903787,0.22522524936420552,-8.074832358317963e-09,0.10705195100255308,0.10843827866655109,0.001386327663998016,0.03783705486273322,0.018436204532462856,8.809611326672842,18.07952653144377,11.0,0.42,-0.01418283057384632,0.42320191505268157,-0.01418283057384632,0.49,0.4865159287918835,0.9999999659554721,https://www.scratcherstats.com/wp-content/uploads/gameimages/moscratchers_362.gif,,,,2024-06-16,901,46.666666666666664,50.0,63.0,74.0,,58.416666666666664,81.0,17.0,/missouri-statistics-for-each-scratcher-game
80,3,364,50000,3.82,10.0,,,,"Dec. 28, 2021",TBD,TBD,2024-06-16,https://www.molottery.com/scratchers/364,LUCKY CA$H,2374352,385363,10.0,2.0,9070024.639999999,1472086.66,6695672.639999999,1086723.66,0,0,,3.82,-4.483431701521687e-07,6.62,6.180380784040896,0.07071484745646829,0.26178022207941654,0.2617801231837975,-9.889561902731714e-08,0.15111617120195422,0.16180232819670598,0.010686156994751755,0.038387500465909476,0.02756410983270228,8.683186413782558,12.092362709116669,8.0,0.36,-0.02921948615530279,0.3647089911866563,-0.02921948615530279,0.15,0.1469258842946633,0.9999999268056055,https://www.scratcherstats.com/wp-content/uploads/gameimages/moscratchers_364.gif,,,,2024-06-16,901,43.666666666666664,38.333333333333336,12.0,30.0,,31.0,13.0,2.0,/missouri-statistics-for-each-scratcher-game
81,2,358,30000,4.44,7.0,,,,"Nov. 29, 2021","Feb. 09, 2024","Aug. 07, 2024",2024-06-16,https://www.molottery.com/scratchers/358,$100 FRENZY,1738344,382810,7.0,1.0,7718247.36,1699676.4000000001,5979903.36,1316866.4000000001,0,0,,4.44,-2.3533891512227407e-07,9.66,9.221785322560988,0.04777495231213673,0.22522527822949787,0.22522523573034137,-4.2499156499564705e-08,0.10349443070326345,0.10843887219468358,0.0049444414914201346,0.03878963753058289,0.018048009807402544,8.593167454470723,18.467318137421987,12.0,0.39,-0.05790734644890975,0.3883684302184652,-0.05790734644890975,0.17,0.1670211765841061,0.9999999467111909,https://www.scratcherstats.com/wp-content/uploads/gameimages/moscratchers_358.gif,,,,2024-06-16,930,42.0,50.666666666666664,30.0,37.666666666666664,,40.08333333333333,27.0,3.0,/missouri-statistics-for-each-scratcher-game
82,10,343,1000000,3.18,2.0,,,,"Aug. 30, 2021",TBD,TBD,2024-06-16,https://www.molottery.com/scratchers/343,ROSE GOLD,1450534,405298,2.0,1.0,4612698.12,1288847.6400000001,3162164.12,883549.6400000001,0,0,,3.18,-4.965676160967569e-07,5.53,5.526532206468371,0.001089473702954613,0.31446556495844735,0.31446541698589414,-1.4797255321052916e-07,0.18074837432216548,0.18094529492284125,0.00019692060067577621,0.0393239707521895,0.022483379456220056,8.476416689676881,14.824822996516788,6.0,0.48,0.00732864137878234,0.47601693606766354,0.00732864137878234,0.27,0.2709702356866111,0.999999817539822,https://www.scratcherstats.com/wp-content/uploads/gameimages/moscratchers_343.gif,,,,2024-06-16,1021,41.0,43.666666666666664,83.0,40.333333333333336,,52.0,61.0,5.0,/missouri-statistics-for-each-scratcher-game
83,30,375,3000000,2.66,4.0,,,,"Aug. 30, 2021",TBD,TBD,2024-06-16,https://www.molottery.com/scratchers/375,BIG RICHES,2241509,788772,4.0,1.0,5962413.94,2098133.52,3720904.9400000004,1309361.52,0,0,,2.66,-2.4783932733988025e-07,3.63,3.6221406692902383,0.002355484717061979,0.3759399427967626,0.375939908892591,-3.390417163684489e-08,0.27543106180590077,0.27607983546258874,0.0006487736566879732,0.039477335730426326,0.03452828595330586,8.443572974982546,9.653759395955019,4.0,0.41,-0.001543842005096271,0.41074866718808273,-0.001543842005096271,0.36,0.3575546585769797,0.999999951033492,https://www.scratcherstats.com/wp-content/uploads/gameimages/moscratchers_375.gif,,,,2024-06-16,1021,40.333333333333336,33.0,52.0,61.333333333333336,,46.66666666666667,42.0,1.0,/missouri-statistics-for-each-scratcher-game
84,5,344,100000,3.83,5.0,,,,"Jul. 26, 2021","Jan. 19, 2024","Jul. 17, 2024",2024-06-16,https://www.molottery.com/scratchers/344,MONEY MATCH,1207913,147872,5.0,1.0,4626306.79,566349.76,3418393.79,418477.76,0,0,,3.83,-1.3419269392817172e-06,7.79,6.930328292474664,0.12469544609942096,0.2610969561171645,0.2610966503296583,-3.0578750620513517e-07,0.12829545033186252,0.1442933087435202,0.015997858411657684,0.0429412011684608,0.024391882589524166,7.762145138509819,13.663178773824402,10.0,0.37,-0.026950102184326002,0.3665849149552661,-0.026950102184326002,0.1,0.09419433843383582,0.9999998366266777,https://www.scratcherstats.com/wp-content/uploads/gameimages/moscratchers_344.gif,,,,2024-06-16,1056,36.666666666666664,40.666666666666664,13.0,12.333333333333334,,25.666666666666664,3.0,1.0,/missouri-statistics-for-each-scratcher-game
85,10,334,100,9.38,148356.0,,,,"Jul. 26, 2021","Jun. 19, 2024","Dec. 16, 2024",2024-06-16,https://www.molottery.com/scratchers/334,$50 & $100 BLOWOUT,395686,50169,148356.0,18513.0,3711534.68,470585.22000000003,3315848.68,420416.22000000003,0,0,,9.38,-4.6750299551987736e-07,9.38,9.379998281465607,-2.842904256543091e-07,0.10660985794277336,0.10660982763461145,-3.030816191074148e-08,0.10660985794277336,0.10660982763461145,-3.030816191074148e-08,0.01974883267663609,0.01974883267663609,16.872958079369624,16.872958079369624,12.0,0.62,-0.0005039084702020299,0.6231414090971876,-0.0005039084702020299,0.13,0.12638930808454826,0.999999958721088,https://www.scratcherstats.com/wp-content/uploads/gameimages/moscratchers_334.gif,,,,2024-06-16,1056,60.0,47.0,88.0,29.666666666666668,,56.166666666666664,74.0,9.0,/missouri-statistics-for-each-scratcher-game
86,2,339,20000,4.48,10.0,,,,"Jun. 28, 2021","Jan. 19, 2024","Jul. 17, 2024",2024-06-16,https://www.molottery.com/scratchers/339,DOUBLE CASH,1802392,371798,10.0,2.0,8074716.160000001,1665655.0400000003,6272324.160000001,1293857.0400000003,0,0,,4.48,-2.4014576438524667e-08,10.99,9.694933243684565,0.13397809278363892,0.22321429107468233,0.22321429013726304,-9.374192810884807e-10,0.09096001272772573,0.10314666175256194,0.01218664902483621,0.03836509135960331,0.01448924901324048,8.688251014656032,23.002070437547488,13.0,0.35,-0.09870414832740206,0.35237609228801875,-0.09870414832740206,0.18,0.17514120468782535,0.9999999989085533,https://www.scratcherstats.com/wp-content/uploads/gameimages/moscratchers_339.gif,,,,2024-06-16,1084,44.0,59.0,5.0,47.666666666666664,,38.916666666666664,25.0,2.0,/missouri-statistics-for-each-scratcher-game
87,2,333,25000,4.46,7.0,,,,"Apr. 26, 2021","Jan. 19, 2024","Jul. 17, 2024",2024-06-16,https://www.molottery.com/scratchers/333,20X,2068841,475082,7.0,2.0,9227030.86,2118865.72,7158189.859999999,1643783.7200000002,0,0,,4.46,-3.39804449650563e-07,8.42,8.05033646929287,0.04613383537006198,0.22421532282613568,0.2242152675346238,-5.5291511869004495e-08,0.11874045774506635,0.12421841047444303,0.005477952729376678,0.03525232678458002,0.022267607052668233,9.45545243326187,14.96853707812674,10.0,0.4,-0.044450190901514336,0.3979470140853712,-0.044450190901514336,0.23,0.22475740715954137,0.9999999264912444,https://www.scratcherstats.com/wp-content/uploads/gameimages/moscratchers_333.gif,,,,2024-06-16,1147,52.333333333333336,44.666666666666664,37.0,45.333333333333336,,44.833333333333336,38.0,6.0,/missouri-statistics-for-each-scratcher-game
88,3,320,50000,3.82,10.0,,,,"Dec. 29, 2020","Jun. 19, 2024","Dec. 16, 2024",2024-06-16,https://www.molottery.com/scratchers/320,GOLD MINE,2372207,209757,10.0,1.0,9061830.74,801271.74,6689623.74,591514.74,0,0,,3.82,-9.23531884358515e-07,7.13,6.1810856050715595,0.15403480621145582,0.26178034647453857,0.26178012608932194,-2.2038521663159116e-07,0.14018977349735606,0.1617838780908492,0.021594104593493146,0.04026581598312635,0.026409319624898696,8.277993883896182,12.620388852529713,9.0,0.32,-0.06694300399172738,0.31994502068172526,-0.06694300399172738,0.07,0.06775867903733448,0.9999999183387969,https://www.scratcherstats.com/wp-content/uploads/gameimages/moscratchers_320.gif,,,,2024-06-16,1265,38.333333333333336,39.333333333333336,2.0,17.666666666666668,,24.333333333333336,1.0,1.0,/missouri-statistics-for-each-scratcher-game
89,5,302,100000,3.83,3.0,,,,"Aug. 31, 2020","Jun. 19, 2024","Dec. 16, 2024",2024-06-16,https://www.molottery.com/scratchers/302,RIDE TO RICHE$,810383,159761,3.0,1.0,3103766.89,611884.63,2293383.89,452123.63,0,0,,3.83,-1.029605858882585e-06,7.38,6.930802863637784,0.06445365166218292,0.2610968745709971,0.26109668061316477,-1.9395783235065522e-07,0.13554693373253754,0.1442834285832115,0.00873649485067396,0.04149435986984825,0.02541904451132532,8.032816370932306,13.111454209636287,9.0,0.39,-0.013564407041385996,0.3949212595851501,-0.013564407041385996,0.17,0.16717418641882215,0.9999998175904403,https://www.scratcherstats.com/wp-content/uploads/gameimages/moscratchers_302.gif,,,,2024-06-16,1385,37.666666666666664,40.333333333333336,34.0,22.666666666666668,,33.666666666666664,17.0,11.0,/missouri-statistics-for-each-scratcher-game
90,5,228,100000,4.03,7.0,Top Prize Claimed,,,"Jan. 02, 2019",TBD,TBD,2024-06-16,https://www.molottery.com/scratchers/228,20X LUCKY,1363431,166527,7.0,0.0,5494626.930000001,671103.81,4131195.9300000006,504576.81000000006,0,0,,4.03,-1.2069667731212472e-06,8.86,7.6016203136867535,0.16528344284458635,0.24813925731221587,0.24813899981545604,-2.5749675983122167e-07,0.11289176177129293,0.13155090082564308,0.018659139054350155,0.03598753336208464,0.015277178802756974,9.261951646987827,21.81275529449054,10.0,0.34,-0.0429408131452043,0.33917446353242353,-0.0429408131452043,0.1,0.09241258099714324,0.9999998556218184,https://www.scratcherstats.com/wp-content/uploads/gameimages/moscratchers_228.gif,,,,2024-06-16,1992,51.0,56.0,4.0,13.333333333333334,,31.083333333333332,14.0,9.0,/missouri-statistics-for-each-scratcher-game
91,20,21,4000000,3.28,4.0,,,,"Aug. 04, 2014",TBD,TBD,2024-06-16,https://www.molottery.com/scratchers/21,$100 MILLION CASH BONANZA     ,2177746,442458,4.0,2.0,7143006.88,1451262.24,4965260.88,1008804.24,0,0,,3.28,-1.653732821414496e-07,6.53,6.458069596649003,0.011571966349201795,0.30487809919917974,0.30487808634068064,-1.2858499098822307e-08,0.1530736696750828,0.15484503302951166,0.0017713633544288732,0.05183720495884206,0.03482702451111298,6.430294403898979,9.570699113588393,8.0,0.65,0.016879999660520135,0.6476439126773801,0.016879999660520135,0.23,0.23529390984133836,0.9999999892461361,https://www.scratcherstats.com/wp-content/uploads/gameimages/moscratchers_21.gif,,,,2024-06-16,3604,31.666666666666668,32.666666666666664,92.0,54.333333333333336,,52.666666666666664,65.0,8.0,/missouri-statistics-for-each-scratcher-game
