,gameNumber,gameName,prizeamount,Winning Tickets At Start,Winning Tickets Unclaimed,Prize Probability,Percent Tix Remaining,Starting Expected Value,Expected Value,dateexported
0,358,"$25, $50 or $100!",100,21081.0,377.0,0.021799468023592,0.017883402115649163,3.0126186722051,1.9619521221232799,2024-07-24
1,358,"$25, $50 or $100!",50,20990.0,538.0,0.03110905516364057,0.025631252977608383,1.3331618451493454,1.2443622065456228,2024-07-24
2,358,"$25, $50 or $100!",25,42012.0,1394.0,0.0806059905169423,0.03318099590593164,1.0006335535686215,1.2090898577541345,2024-07-24
3,358,"$25, $50 or $100!",0,545698.67,14985.41,0.8665091939400948,0.027460961193106807,-8.664895733596282,-8.665091939400948,2024-07-24
4,358,"$25, $50 or $100!",Total,629781.67,17294.41,1.0000237076442697,0.02746096119310681,,,2024-07-24
0,421,Best of 7’s,1000,120.0,1.0,6.235969069593415e-05,0.008333333333333333,0.3289009227498111,0.06173609378897481,2024-07-24
1,421,Best of 7’s,100,1456.0,21.0,0.0013095535046146172,0.014423076923076924,0.3627876844876704,0.11785981541531555,2024-07-24
2,421,Best of 7’s,50,12037.0,278.0,0.017335994013469695,0.023095455678325164,1.3329900360738975,0.6934397605387878,2024-07-24
3,421,Best of 7’s,20,24059.0,927.0,0.05780743327513096,0.03853027972899954,0.6660797390940829,0.5780743327513096,2024-07-24
4,421,Best of 7’s,10,60215.0,3119.0,0.1944998752806186,0.05179772481939716,0.0,0.0,2024-07-24
5,421,Best of 7’s,0,263316.02999999997,11690.74,0.7290309304065852,0.044398132540582516,-7.289973505203444,-7.290309304065852,2024-07-24
6,421,Best of 7’s,Total,361203.02999999997,16036.74,1.000046146171115,0.04439813254058251,,,2024-07-24
0,436,Mega Cash,1000,50.0,1.0,4.3429167028576395e-05,0.02,0.13781237471602298,0.04299487535829063,2024-07-24
1,436,Mega Cash,500,51.0,0.0,0.0,0.0,0.06957436856875585,0.0,2024-07-24
2,436,Mega Cash,100,670.0,9.0,0.0003908625032571875,0.013432835820895522,0.1678805291995189,0.03517762529314688,2024-07-24
3,436,Mega Cash,50,11973.0,365.0,0.015851645965430382,0.030485258498287815,1.3333556060403582,0.6340658386172153,2024-07-24
4,436,Mega Cash,20,23946.0,1140.0,0.04950925041257709,0.047607116011024804,0.6666778030201791,0.4950925041257709,2024-07-24
5,436,Mega Cash,15,23946.0,1443.0,0.06266828802223573,0.06026058631921824,0.33333890151008955,0.31334144011117865,2024-07-24
6,436,Mega Cash,10,35919.0,3232.0,0.1403630678363589,0.08998023330270888,0.0,0.0,2024-07-24
7,436,Mega Cash,0,262629.60000000003,16836.800000000003,0.7312081994267351,0.06410853917456372,-7.311840171054391,-7.312081994267351,2024-07-24
8,436,Mega Cash,Total,359184.60000000003,23026.800000000003,1.000034743333623,0.06410853917456372,,,2024-07-24
0,446,Bankroll,1000,100.0,4.0,0.00024852438645542096,0.04,0.3215517633379022,0.24603914259086676,2024-07-24
1,446,Bankroll,100,1236.0,36.0,0.0022367194780987883,0.02912621359223301,0.361307254077861,0.20130475302889095,2024-07-24
2,446,Bankroll,50,10262.0,325.0,0.02019260639950295,0.031670239719352955,1.3332380587367887,0.807704255980118,2024-07-24
3,446,Bankroll,20,20519.0,891.0,0.055358807082945015,0.043423168770407916,0.6664566294879206,0.5535880708294502,2024-07-24
4,446,Bankroll,10,51320.0,3106.0,0.19297918608263437,0.06052221356196415,0.0,0.0,2024-07-24
5,446,Bankroll,0,224445.52999999997,11733.78,0.7290326188257223,0.05227896496758034,-7.289985448970708,-7.2903261882572234,2024-07-24
6,446,Bankroll,Total,307882.52999999997,16095.78,1.000048462255359,0.05227896496758034,,,2024-07-24
0,453,Lucky Cash,1000,25.0,1.0,4.3535045711798e-05,0.04,0.08089720282676778,0.043317370483239005,2024-07-24
1,453,Lucky Cash,100,297.0,5.0,0.00021767522855898998,0.016835016835016835,0.09175938001034184,0.020679146713104047,2024-07-24
2,453,Lucky Cash,50,1166.0,21.0,0.0009142359599477579,0.018010291595197257,0.17064025054554796,0.0411406181976491,2024-07-24
3,453,Lucky Cash,20,5119.0,220.0,0.00957771005659556,0.04297714397343231,0.24971625001219555,0.1436656508489334,2024-07-24
4,453,Lucky Cash,15,10271.0,482.0,0.020983892033086635,0.04692824457209619,0.33402820913918874,0.20983892033086635,2024-07-24
5,453,Lucky Cash,10,25672.0,1394.0,0.06068785372224641,0.054300405110626365,0.4174458273304086,0.30343926861123205,2024-07-24
6,453,Lucky Cash,5,41007.0,4119.0,0.17932085328689595,0.10044626527178287,0.0,0.0,2024-07-24
7,453,Lucky Cash,0,223932.76,16728.56,0.7282786242925555,0.07470349581722657,-3.641313347794555,-3.6413931214627775,2024-07-24
8,453,Lucky Cash,Total,307489.76,22970.56,1.0000243796255988,0.07470349581722656,,,2024-07-24
0,460,Ruby Red 9X / Sapphire Blue 9X,1000,40.0,1.0,2.4094063222821896e-05,0.025,0.05468595422868072,0.023973592906707787,2024-07-24
1,460,Ruby Red 9X / Sapphire Blue 9X,100,849.0,16.0,0.00038550501156515033,0.01884570082449941,0.11082149845010662,0.03662297609868928,2024-07-24
2,460,Ruby Red 9X / Sapphire Blue 9X,50,2552.0,77.0,0.001855242868157286,0.03017241379310345,0.15779233627190187,0.08348592906707787,2024-07-24
3,460,Ruby Red 9X / Sapphire Blue 9X,20,12083.0,406.0,0.00978218966846569,0.033600926922121986,0.24903406467782002,0.14673284502698533,2024-07-24
4,460,Ruby Red 9X / Sapphire Blue 9X,16,12116.0,340.0,0.008191981495759445,0.02806206668867613,0.18312374964275507,0.09011179645335389,2024-07-24
5,460,Ruby Red 9X / Sapphire Blue 9X,15,24265.0,1647.0,0.039682922127987665,0.06787554090253452,0.33340569833139144,0.39682922127987663,2024-07-24
6,460,Ruby Red 9X / Sapphire Blue 9X,10,48489.0,2078.0,0.050067463377023905,0.0428550805337293,0.3331240244465452,0.2503373168851195,2024-07-24
7,460,Ruby Red 9X / Sapphire Blue 9X,5,84795.0,5996.0,0.1444680030840401,0.07071171649271774,0.0,0.0,2024-07-24
8,460,Ruby Red 9X / Sapphire Blue 9X,0,542603.77,30943.730000000003,0.7455601869699306,0.057028225218560505,-3.727739312880604,-3.727800934849653,2024-07-24
9,460,Ruby Red 9X / Sapphire Blue 9X,Total,727792.77,41504.73,1.0000175886661526,0.0570282252185605,,,2024-07-24
0,481,Aces High,500,12.0,1.0,1.1463157412077583e-05,0.08333333333333333,0.012886093219737157,0.005720115548626714,2024-07-24
1,481,Aces High,100,92.0,10.0,0.00011463157412077583,0.10869565217391304,0.019600290087736477,0.011348525837956808,2024-07-24
2,481,Aces High,50,923.0,106.0,0.0012150946856802239,0.11484290357529794,0.09732787876570681,0.059539639598330966,2024-07-24
3,481,Aces High,20,2260.0,239.0,0.0027396946214865423,0.10575221238938053,0.09240628638201628,0.0520541978082443,2024-07-24
4,481,Aces High,10,6788.0,891.0,0.010213673254161126,0.1312610489098409,0.13146913944224822,0.09192305928745013,2024-07-24
5,481,Aces High,5,15804.0,2342.0,0.0268467146590857,0.14819033156162997,0.1360399580793093,0.1073868586363428,2024-07-24
6,481,Aces High,2,22592.0,4194.0,0.048076482186253384,0.18564093484419264,0.04861767168007713,0.048076482186253384,2024-07-24
7,481,Aces High,1,45216.0,9805.0,0.1123962584254207,0.21684801840056617,0.0,0.0,2024-07-24
8,481,Aces High,0,371000.52,69648.48,0.7983914897519372,0.18773148889386998,-0.7983879901955511,-0.7983914897519372,2024-07-24
9,481,Aces High,Total,464687.52,87236.48,1.0000055023155578,0.18773148889387,,,2024-07-24
0,482,Hot Cash Lines,500,50.0,2.0,4.546281142025823e-05,0.04,0.04964191895482285,0.02259501727586834,2024-07-24
1,482,Hot Cash Lines,250,33.0,1.0,2.2731405710129114e-05,0.030303030303030304,0.016282948949728815,0.005614657210401891,2024-07-24
2,482,Hot Cash Lines,100,109.0,3.0,6.819421713038734e-05,0.027522935779816515,0.02112128809293127,0.0066148390616475716,2024-07-24
3,482,Hot Cash Lines,50,331.0,10.0,0.00022731405710129114,0.030211480362537766,0.031077639162180253,0.010683760683760684,2024-07-24
4,482,Hot Cash Lines,30,1080.0,29.0,0.0006592107655937444,0.026851851851851852,0.05825184534095109,0.017798690671031098,2024-07-24
5,482,Hot Cash Lines,15,5005.0,164.0,0.003727950536461175,0.03276723276723277,0.11997962384010707,0.0447354064375341,2024-07-24
6,482,Hot Cash Lines,10,10010.0,521.0,0.01184306237497727,0.05204795204795205,0.13997622781345825,0.08290143662484088,2024-07-24
7,482,Hot Cash Lines,9,15015.0,730.0,0.016593926168394252,0.048618048618048616,0.1799694357601606,0.09956355701036551,2024-07-24
8,482,Hot Cash Lines,6,35035.0,2386.0,0.05423713402436807,0.06810332524618239,0.20996434172018738,0.1627114020731042,2024-07-24
9,482,Hot Cash Lines,3,65065.0,7731.0,0.1757364975450082,0.11881964189656498,0.0,0.0,2024-07-24
10,482,Hot Cash Lines,0,368852.39999999997,32415.6,0.7368521549372613,0.08788230739450252,-2.2105280821438913,-2.210556464811784,2024-07-24
11,482,Hot Cash Lines,Total,500585.39999999997,43992.6,1.000013638843426,0.08788230739450252,,,2024-07-24
0,483,Winning 7’s,500,25.0,5.0,9.145281949042489e-05,0.2,0.031881549161604884,0.0455435041062316,2024-07-24
1,483,Winning 7’s,80,269.0,23.0,0.0004206829696559545,0.08550185873605948,0.05373001321355773,0.03281327163316445,2024-07-24
2,483,Winning 7’s,40,1684.0,101.0,0.0018473469537065828,0.05997624703087886,0.1638686019236482,0.07019918424085014,2024-07-24
3,483,Winning 7’s,20,3331.0,348.0,0.006365116236533572,0.10447313119183428,0.15353846784188802,0.1145720922576043,2024-07-24
4,483,Winning 7’s,10,6662.0,589.0,0.010773142135972053,0.08841188832182528,0.13647863808167823,0.08618513708777642,2024-07-24
5,483,Winning 7’s,5,26648.0,2983.0,0.05456075210798749,0.11194085860102071,0.20471795712251734,0.16368225632396247,2024-07-24
6,483,Winning 7’s,3,29979.0,4011.0,0.07336345179521885,0.13379365555889122,0.07676923392094401,0.07336345179521885,2024-07-24
7,483,Winning 7’s,2,26648.0,5275.0,0.09648272456239826,0.19795106574602223,0.0,0.0,2024-07-24
8,483,Winning 7’s,0,295262.6,41338.49999999999,0.7561044757009857,0.1400058795120005,-1.5121974453788398,-1.5122089514019714,2024-07-24
9,483,Winning 7’s,Total,390508.6,54673.49999999999,1.0000091452819488,0.1400058795120005,,,2024-07-24
0,484,Mad Money,1000,20.0,16.0,5.330596960227083e-05,0.8,0.045999580564946754,0.05319935766306629,2024-07-24
1,484,Mad Money,100,167.0,111.0,0.0003698101641157539,0.6646706586826348,0.03771689055741075,0.03624139608334388,2024-07-24
2,484,Mad Money,50,837.0,547.0,0.001822397835777634,0.6535244922341696,0.09258913571028561,0.08747509611732643,2024-07-24
3,484,Mad Money,20,7427.0,4947.0,0.016481539476402112,0.6660832099097886,0.308091178727729,0.296667710575238,2024-07-24
4,484,Mad Money,10,11108.0,7545.0,0.02513709629057084,0.6792401872524306,0.20479492621860862,0.20109677032456671,2024-07-24
5,484,Mad Money,5,18500.0,12733.0,0.04242155693410716,0.6882702702702703,0.12790464535844412,0.12726467080232148,2024-07-24
6,484,Mad Money,3,25932.0,18013.0,0.060012526902856536,0.6946244022828937,0.059762581323156275,0.060012526902856536,2024-07-24
7,484,Mad Money,2,40820.0,28589.0,0.09524777280995755,0.7003674669279765,0.0,0.0,2024-07-24
8,484,Mad Money,0,329106.54,227653.13999999996,0.758454460043844,0.691730829779317,-1.5169101003187244,-1.516908920087688,2024-07-24
9,484,Mad Money,Total,433917.54,300154.13999999996,1.000000466427234,0.691730829779317,,,2024-07-24
0,490,Lucky Number Doubler,500,25.0,1.0,1.8528125694804713e-05,0.04,0.02570816177351213,0.009227006596012747,2024-07-24
1,490,Lucky Number Doubler,100,332.0,8.0,0.0001482250055584377,0.024096385542168676,0.06718399610144503,0.014526050544726894,2024-07-24
2,490,Lucky Number Doubler,40,2654.0,163.0,0.0030200844882531685,0.061416729464958554,0.20825056475359396,0.1147632105536204,2024-07-24
3,490,Lucky Number Doubler,20,4092.0,333.0,0.00616986585636997,0.0813782991202346,0.1520932018947638,0.11105758541465946,2024-07-24
4,490,Lucky Number Doubler,10,8184.0,646.0,0.011969169198843844,0.07893450635386119,0.13519395723979005,0.09575335359075075,2024-07-24
5,490,Lucky Number Doubler,5,28644.0,2796.0,0.05180463944267398,0.09761206535400084,0.17744206887722444,0.15541391832802193,2024-07-24
6,490,Lucky Number Doubler,3,36828.0,4183.0,0.07750314978136812,0.11358205713044423,0.0760466009473819,0.07750314978136812,2024-07-24
7,490,Lucky Number Doubler,2,40920.0,5431.0,0.1006262506484844,0.13272238514173998,0.0,0.0,2024-07-24
8,490,Lucky Number Doubler,0,362603.42,40411.78,0.7487545393907952,0.11144897640513153,-1.4974887359018092,-1.4975090787815903,2024-07-24
9,490,Lucky Number Doubler,Total,484282.42,53972.78,1.0000144519380418,0.11144897640513153,,,2024-07-24
0,491,Ca$h Is King,10000,10.0,3.0,3.344295189788752e-05,0.3,0.2709600774636618,0.33409508945989635,2024-07-24
1,491,Ca$h Is King,1000,5.0,1.0,1.1147650632629174e-05,0.2,0.013425949784235494,0.011036174126302882,2024-07-24
2,491,Ca$h Is King,500,27.0,5.0,5.573825316314587e-05,0.18518518518518517,0.03588390215059305,0.027311744049941477,2024-07-24
3,491,Ca$h Is King,100,2479.0,510.0,0.005685301822640878,0.20572811617587736,0.6051441730021779,0.511677164037679,2024-07-24
4,491,Ca$h Is King,50,12286.0,2650.0,0.02954127417646731,0.21569265831027185,1.3329391438312508,1.1816509670586923,2024-07-24
5,491,Ca$h Is King,20,24572.0,5633.0,0.06279471601360014,0.22924466872863422,0.6664695719156254,0.6279471601360014,2024-07-24
6,491,Ca$h Is King,15,36858.0,8812.0,0.09823309737472828,0.23907971132454284,0.49985217893671907,0.4911654868736414,2024-07-24
7,491,Ca$h Is King,10,36858.0,9903.0,0.11039518421492671,0.2686797981442292,0.0,0.0,2024-07-24
8,491,Ca$h Is King,0,255594.69999999995,62188.42,0.6932547795552088,0.24330872275520585,-6.932528499629767,-6.932547795552088,2024-07-24
9,491,Ca$h Is King,Total,368689.69999999995,89705.42,1.0000046820132658,0.24330872275520582,,,2024-07-24
0,495,Fast $50s,50,3227.0,109.0,0.0032396124353563575,0.03377750232414007,0.40500980520329455,0.15550139689710515,2024-07-24
1,495,Fast $50s,20,3227.0,110.0,0.0032693336503596265,0.03408738766656337,0.15187867695123547,0.05884800570647328,2024-07-24
2,495,Fast $50s,10,3209.0,179.0,0.005320097485585211,0.05578061701464631,0.06712511439403844,0.04256077988468169,2024-07-24
3,495,Fast $50s,5,16135.0,1075.0,0.03195030612851454,0.06662534862101023,0.12656556412602954,0.0958509183855436,2024-07-24
4,495,Fast $50s,3,32270.0,3038.0,0.09029305117993223,0.09414316702819957,0.08437704275068636,0.09029305117993223,2024-07-24
5,495,Fast $50s,2,38755.0,4007.0,0.11909290851810023,0.10339311056637854,0.0,0.0,2024-07-24
6,495,Fast $50s,0,285627.85000000003,25128.1,0.7468376627236522,0.08797496462617352,-1.4936742057785333,-1.4936753254473043,2024-07-24
7,495,Fast $50s,Total,382450.85000000003,33646.1,1.0000029721215002,0.08797496462617352,,,2024-07-24
0,497,Cash Out,1000,50.0,17.0,0.00012095253680158803,0.34,0.13617569140112407,0.11974301143357215,2024-07-24
1,497,Cash Out,500,201.0,66.0,0.0004695804369944006,0.3283582089552239,0.2709483605272062,0.2300944141272563,2024-07-24
2,497,Cash Out,100,2423.0,897.0,0.006382025030060263,0.3702022286421791,0.5999158186634974,0.5743822527054236,2024-07-24
3,497,Cash Out,50,13319.0,5035.0,0.035823295458587985,0.3780313837375178,1.4656355828457144,1.4329318183435193,2024-07-24
4,497,Cash Out,20,24213.0,9304.0,0.06619661190599853,0.3842563911948127,0.66610545775665,0.6619661190599853,2024-07-24
5,497,Cash Out,15,24174.0,8757.0,0.06230478616302979,0.3622486969471333,0.33251627918492654,0.31152393081514895,2024-07-24
6,497,Cash Out,10,36313.0,14858.0,0.10571251716458795,0.4091647619309889,0.0,0.0,2024-07-24
7,497,Cash Out,0,262808.73,101617.73999999999,0.7229954962967179,0.38666044312911524,-7.229931416969967,-7.229954962967179,2024-07-24
8,497,Cash Out,Total,363501.73,140551.74,1.0000052649927784,0.38666044312911524,,,2024-07-24
0,498,Bingo Night,25000,3.0,2.0,2.5370407956159935e-05,0.6666666666666666,0.10044643754093684,0.6341840876801299,2024-07-24
1,498,Bingo Night,500,8.0,2.0,2.5370407956159935e-05,0.25,0.0053256395522498015,0.012609092754211487,2024-07-24
2,498,Bingo Night,100,661.0,12.0,0.0001522224477369596,0.018154311649016642,0.08588129556629792,0.014765577430485082,2024-07-24
3,498,Bingo Night,50,1943.0,66.0,0.0008372234625532779,0.033968090581574885,0.1223195999876771,0.03934950274000406,2024-07-24
4,498,Bingo Night,20,9666.0,640.0,0.008118530545971179,0.06621146285950755,0.2201005388593541,0.13801501928151003,2024-07-24
5,498,Bingo Night,15,9649.0,700.0,0.008879642784655977,0.07254637786299098,0.1550918391538984,0.10655571341587172,2024-07-24
6,498,Bingo Night,10,38681.0,2825.0,0.03583570123807591,0.07303327214911713,0.36267792873340593,0.2508499086665314,2024-07-24
7,498,Bingo Night,5,77345.0,8431.0,0.1069489547391922,0.10900510698816988,0.2071989895215095,0.2138979094783844,2024-07-24
8,498,Bingo Night,3,57996.0,8013.0,0.10164653947635478,0.13816470101386302,0.0,0.0,2024-07-24
9,498,Bingo Night,0,550625.12,58141.71000000001,0.7375394509843719,0.10559218584143057,-2.212598780835734,-2.2126183529531156,2024-07-24
10,498,Bingo Night,Total,746577.12,78832.71,1.0000090064948246,0.10559218584143057,,,2024-07-24
0,507,Double Doubler,400,25.0,2.0,4.9948802477460604e-05,0.08,0.028940893845671778,0.019929572188506783,2024-07-24
1,507,Double Doubler,200,27.0,2.0,4.9948802477460604e-05,0.07407407407407407,0.015588914549653578,0.009939811693014661,2024-07-24
2,507,Double Doubler,100,82.0,4.0,9.989760495492121e-05,0.04878048780487805,0.023553100374853482,0.0098898628905372,2024-07-24
3,507,Double Doubler,40,1007.0,49.0,0.0012237456606977847,0.04865938430983118,0.1139444334838163,0.0477260807672136,2024-07-24
4,507,Double Doubler,20,2019.0,106.0,0.002647286531305412,0.05250123823675087,0.11129840890364061,0.05029844409480283,2024-07-24
5,507,Double Doubler,10,6057.0,364.0,0.00909068205089783,0.060095756975400365,0.15816089686306822,0.08181613845808047,2024-07-24
6,507,Double Doubler,4,18171.0,1724.0,0.04305586773557104,0.09487645148863574,0.15816089686306822,0.1291676032067131,2024-07-24
7,507,Double Doubler,2,20190.0,2424.0,0.06053794860268225,0.12005943536404161,0.05857810994928453,0.06053794860268225,2024-07-24
8,507,Double Doubler,1,24228.0,3667.0,0.09158112934242402,0.151353805514281,0.0,0.0,2024-07-24
9,507,Double Doubler,0,272862.8,31699.6,0.791678529507255,0.11617413586608362,-0.7916685041837362,-0.791678529507255,2024-07-24
10,507,Double Doubler,Total,344668.8,40041.6,1.0000149846407431,0.11617413586608362,,,2024-07-24
0,510,X the Money,20000,5.0,2.0,1.7773196242746314e-05,0.4,0.2760073786064596,0.3552861928924988,2024-07-24
1,510,X the Money,1000,6.0,3.0,2.6659794364119473e-05,0.5,0.016403039809128266,0.026393196420478278,2024-07-24
2,510,X the Money,500,26.0,10.0,8.886598121373157e-05,0.38461538461538464,0.03518093049971281,0.04354433079472847,2024-07-24
3,510,X the Money,100,619.0,172.0,0.001528494876876183,0.2778675282714055,0.15384063093712722,0.13756453891885648,2024-07-24
4,510,X the Money,50,8161.0,2317.0,0.020590247847221604,0.2839112853816934,0.901449211328591,0.8236099138888642,2024-07-24
5,510,X the Money,25,12049.0,3534.0,0.031405237760932736,0.2933023487426342,0.49909148146511734,0.47107856641399104,2024-07-24
6,510,X the Money,20,12009.0,3645.0,0.03239165015240516,0.3035223582313265,0.3316230725047497,0.3239165015240516,2024-07-24
7,510,X the Money,15,36225.0,10892.0,0.09679282673799643,0.30067632850241544,0.5001684487253126,0.48396413368998215,2024-07-24
8,510,X the Money,10,36170.0,12137.0,0.107856641399106,0.33555432679015756,0.0,0.0,2024-07-24
9,510,X the Money,0,256858.8,79817.28,0.7093040905011152,0.31074380165289256,-7.093038925462819,-7.0930409050111525,2024-07-24
10,510,X the Money,Total,362128.8,112529.28,1.000002488247474,0.31074380165289256,,,2024-07-24
0,512,Quick $100s,100,537.0,30.0,0.0006208866261020738,0.055865921787709494,0.128474858466729,0.06084688935800323,2024-07-24
1,512,Quick $100s,40,1355.0,91.0,0.0018833560991762903,0.06715867158671587,0.1257015631522798,0.07156753176869904,2024-07-24
2,512,Quick $100s,20,3359.0,238.0,0.004925700567076452,0.07085442095861863,0.14760473706182056,0.08866261020737613,2024-07-24
3,512,Quick $100s,10,10077.0,891.0,0.01844033279523159,0.08841917237272998,0.1968063160824274,0.1475226623618527,2024-07-24
4,512,Quick $100s,5,20154.0,1968.0,0.04073016267229604,0.0976481095564156,0.14760473706182056,0.12219048801688812,2024-07-24
5,512,Quick $100s,3,26872.0,3300.0,0.06829752887122811,0.12280440607323609,0.06560210536080914,0.06829752887122811,2024-07-24
6,512,Quick $100s,2,40308.0,5592.0,0.11573326710542654,0.13873176540637094,0.0,0.0,2024-07-24
7,512,Quick $100s,0,306959.38,36208.9,0.749387391862246,0.1179599072685122,-1.4987482575356244,-1.498774783724492,2024-07-24
8,512,Quick $100s,Total,409621.38,48318.9,1.0000186265987832,0.1179599072685122,,,2024-07-24
0,514,Fast $25s,25,7512.0,269.0,0.008965770089657701,0.03580937167199148,0.5947959314965904,0.2151784821517848,2024-07-24
1,514,Fast $25s,10,2499.0,141.0,0.0046995300469953,0.056422569027611044,0.07420102999251094,0.04229577042295771,2024-07-24
2,514,Fast $25s,5,12519.0,948.0,0.031596840315968405,0.0757248981548047,0.16520789550953618,0.12638736126387362,2024-07-24
3,514,Fast $25s,2,40096.0,4841.0,0.16135053161350532,0.12073523543495611,0.13228244624870922,0.16135053161350532,2024-07-24
4,514,Fast $25s,0,240483.83999999997,23804.16,0.7933926607339266,0.09898444735413407,-0.7933906284537905,-0.7933926607339266,2024-07-24
5,514,Fast $25s,Total,303109.83999999997,30003.16,1.0000053328000533,0.09898444735413407,,,2024-07-24
0,516,Super Cash Bonus,2500,6.0,1.0,1.8768064261852032e-05,0.16666666666666666,0.03701535885486512,0.04688262452610638,2024-07-24
1,516,Super Cash Bonus,100,243.0,4.0,7.507225704740813e-05,0.01646090534979424,0.058812633825043904,0.007357081190645997,2024-07-24
2,516,Super Cash Bonus,40,1685.0,74.0,0.0013888367553770505,0.04391691394658754,0.15813273468621655,0.052775796704327915,2024-07-24
3,516,Super Cash Bonus,20,3319.0,202.0,0.0037911489808941106,0.06086170533293161,0.14754280549155002,0.068240681656094,2024-07-24
4,516,Super Cash Bonus,10,9968.0,739.0,0.013869599489508652,0.07413723916532905,0.19694107129185776,0.11095679591606922,2024-07-24
5,516,Super Cash Bonus,5,19892.0,2236.0,0.04196539168950114,0.1124069977880555,0.14737980751420676,0.12589617506850342,2024-07-24
6,516,Super Cash Bonus,3,26556.0,3363.0,0.06311700011260839,0.12663804789877994,0.06558445888376022,0.06311700011260839,2024-07-24
7,516,Super Cash Bonus,2,39813.0,6735.0,0.12640291280357344,0.16916585035038806,0.0,0.0,2024-07-24
8,516,Super Cash Bonus,0,303431.18,39928.46000000001,0.7493799031567885,0.1315898385920656,-1.4987475334207594,-1.498759806313577,2024-07-24
9,516,Super Cash Bonus,Total,404913.18,53282.46000000001,1.0000086333095606,0.1315898385920656,,,2024-07-24
0,522,Cash Blast,1000,10.0,1.0,1.533248493583355e-05,0.1,0.025818535535411236,0.015301819965961883,2024-07-24
1,522,Cash Blast,100,155.0,11.0,0.00016865733429416907,0.07096774193548387,0.03929694937704375,0.01652841876082857,2024-07-24
2,522,Cash Blast,50,997.0,73.0,0.0011192714003158493,0.0732196589769308,0.1238047932447535,0.053725027215160766,2024-07-24
3,522,Cash Blast,20,3320.0,367.0,0.005627021971450913,0.11054216867469879,0.15460076989941637,0.10128639548611644,2024-07-24
4,522,Cash Blast,15,3259.0,367.0,0.005627021971450913,0.1126112304387849,0.10960459870027733,0.07315128562886188,2024-07-24
5,522,Cash Blast,10,8255.0,1001.0,0.015347817420769384,0.12125984251968504,0.17084730328242062,0.12278253936615507,2024-07-24
6,522,Cash Blast,5,16380.0,2335.0,0.03580135232517134,0.14255189255189255,0.1271265366943996,0.10740405697551403,2024-07-24
7,522,Cash Blast,3,26328.0,4684.0,0.07181735943944435,0.17790945001519295,0.06811126288339749,0.07181735943944435,2024-07-24
8,522,Cash Blast,2,36270.0,7186.0,0.1101792367488999,0.1981251723187207,0.0,0.0,2024-07-24
9,522,Cash Blast,0,291570.18000000005,49196.75000000001,0.7543084282669693,0.16873038936972223,-1.5086002111014531,-1.5086168565339386,2024-07-24
10,522,Cash Blast,Total,386544.18000000005,65221.75000000001,1.000011499363702,0.16873038936972223,,,2024-07-24
0,523,Bonus Letter Crossword,500,40.0,1.0,2.8123066539175433e-05,0.025,0.04431215451066401,0.01392091793689184,2024-07-24
1,523,Bonus Letter Crossword,200,103.0,0.0,0.0,0.0,0.04494998097710539,0.0,2024-07-24
2,523,Bonus Letter Crossword,100,1282.0,15.0,0.0004218459980876315,0.01170046801872075,0.2725645099926146,0.04007536981832499,2024-07-24
3,523,Bonus Letter Crossword,40,5035.0,119.0,0.0033466449181618766,0.023634558093346573,0.39438936508291744,0.11713257213566568,2024-07-24
4,523,Bonus Letter Crossword,20,10007.0,286.0,0.008043197030204173,0.028579994004197064,0.33593312893046573,0.12064795545306259,2024-07-24
5,523,Bonus Letter Crossword,15,29987.0,1350.0,0.03796613982788683,0.04501950845366325,0.6711053420764048,0.3796613982788683,2024-07-24
6,523,Bonus Letter Crossword,10,39938.0,2382.0,0.06698914449631588,0.059642445790976016,0.4469037441532574,0.3349457224815794,2024-07-24
7,523,Bonus Letter Crossword,5,29970.0,5107.0,0.14362450081556893,0.17040373707040374,0.0,0.0,2024-07-24
8,523,Bonus Letter Crossword,0,330468.07999999996,26298.4,0.7395916530738512,0.07957924408311993,-3.6979173287379985,-3.697958265369256,2024-07-24
9,523,Bonus Letter Crossword,Total,446830.07999999996,35558.4,1.0000112492266158,0.07957924408311993,,,2024-07-24
0,539,$2 MONOPOLY™,500,50.0,5.0,9.497397713026631e-05,0.1,0.06466978155119171,0.04729704061087262,2024-07-24
1,539,$2 MONOPOLY™,100,434.0,17.0,0.00032291152224290544,0.03917050691244239,0.11046325899338498,0.03164532917980473,2024-07-24
2,539,$2 MONOPOLY™,50,1642.0,122.0,0.002317365041978498,0.07429963459196103,0.20469933745938662,0.1112335220149679,2024-07-24
3,539,$2 MONOPOLY™,20,3249.0,232.0,0.004406792538844357,0.0714065866420437,0.15188827970589536,0.07932226569919842,2024-07-24
4,539,$2 MONOPOLY™,10,8127.0,787.0,0.014948904000303917,0.09683770148886428,0.1688582537081237,0.11959123200243134,2024-07-24
5,539,$2 MONOPOLY™,5,25994.0,3023.0,0.05742126657295901,0.11629606832345926,0.20253328935441897,0.17226379971887704,2024-07-24
6,539,$2 MONOPOLY™,3,29240.0,4398.0,0.08353911028378225,0.15041039671682627,0.0759415426729657,0.08353911028378225,2024-07-24
7,539,$2 MONOPOLY™,2,29237.0,4812.0,0.0914029555901683,0.16458596983274618,0.0,0.0,2024-07-24
8,539,$2 MONOPOLY™,0,287060.89,39250.28,0.7455510390153098,0.1367315484878487,-1.4910975942321827,-1.4911020780306197,2024-07-24
9,539,$2 MONOPOLY™,Total,385033.89,52646.28,1.0000053185427193,0.1367315484878487,,,2024-07-24
0,540,$5 MONOPOLY™,1000,50.0,1.0,3.814318953350879e-05,0.02,0.13303846482971074,0.03795247358584125,2024-07-24
1,540,$5 MONOPOLY™,200,256.0,6.0,0.00022885913720105275,0.0234375,0.13349306862912885,0.04462753175420529,2024-07-24
2,540,$5 MONOPOLY™,100,989.0,18.0,0.0006865774116031583,0.01820020222446916,0.2512488233784015,0.06522485410230004,2024-07-24
3,540,$5 MONOPOLY™,50,2210.0,84.0,0.0032040279208147386,0.03800904977375565,0.26594322265959264,0.14418125643666324,2024-07-24
4,540,$5 MONOPOLY™,25,12463.0,480.0,0.01830873097608422,0.03851400144427505,0.6665561355468081,0.3661746195216844,2024-07-24
5,540,$5 MONOPOLY™,10,37328.0,2281.0,0.08700461532593355,0.061106943849121305,0.4991014889611501,0.43502307662966777,2024-07-24
6,540,$5 MONOPOLY™,5,43583.0,3922.0,0.14959758935042147,0.0899892159787073,0.0,0.0,2024-07-24
7,540,$5 MONOPOLY™,0,277073.94,19425.12,0.7409360338711523,0.07010807295698758,-3.704672524816019,-3.704680169355761,2024-07-24
8,540,$5 MONOPOLY™,Total,373952.94,26217.12,1.000004577182744,0.07010807295698758,,,2024-07-24
0,549,"$25, $50 or $100!",100,23083.0,5336.0,0.0359663253820074,0.23116579300784126,3.296064656157185,3.236969284380666,2024-07-24
1,549,"$25, $50 or $100!",50,20974.0,4963.0,0.03345218756950951,0.23662629922761513,1.3310740486888535,1.3380875027803805,2024-07-24
2,549,"$25, $50 or $100!",25,42048.0,9969.0,0.06719420872062065,0.23708618721461186,1.0006854009595614,1.0079131308093099,2024-07-24
3,549,"$25, $50 or $100!",0,544183.6,128093.76000000001,0.8633924009679094,0.2353870274664654,-8.633888000406163,-8.633924009679093,2024-07-24
4,549,"$25, $50 or $100!",Total,630288.6,148361.76,1.000005122640047,0.2353870274664654,,,2024-07-24
0,550,Wild Cherry Crossword,50000,3.0,2.0,7.010041885000263e-06,0.6666666666666666,0.3449005452818516,0.35043199383116314,2024-07-24
1,550,Wild Cherry Crossword,1000,9.0,6.0,2.103012565500079e-05,0.6666666666666666,0.02049119062786756,0.02081982439845078,2024-07-24
2,550,Wild Cherry Crossword,500,27.0,18.0,6.309037696500237e-05,0.6666666666666666,0.03042631335653062,0.03091428471285116,2024-07-24
3,550,Wild Cherry Crossword,200,128.0,77.0,0.00026988661257251013,0.6015625,0.05593106128728833,0.05127845638877693,2024-07-24
4,550,Wild Cherry Crossword,90,1609.0,1022.0,0.003582131403235134,0.6351771286513362,0.29602986056331226,0.28657051225881075,2024-07-24
5,550,Wild Cherry Crossword,50,16158.0,10355.0,0.036294491859588864,0.6408590172050996,1.4864047504605344,1.4517796743835545,2024-07-24
6,550,Wild Cherry Crossword,20,42009.0,27314.0,0.09573614202344859,0.6501940060463234,0.9661216914546445,0.9573614202344859,2024-07-24
7,550,Wild Cherry Crossword,15,48493.0,31618.0,0.11082175215996916,0.6520116305446146,0.5576202621308538,0.5541087607998458,2024-07-24
8,550,Wild Cherry Crossword,10,32283.0,21920.0,0.07683005905960288,0.678995136759285,0.0,0.0,2024-07-24
9,550,Wild Cherry Crossword,0,294102.70999999996,192973.88,0.6763774907555072,0.6561445149553367,-6.763765089542593,-6.763774907555073,2024-07-24
10,550,Wild Cherry Crossword,Total,434821.70999999996,285305.88,1.0000030844184293,0.6561445149553365,,,2024-07-24
0,554,Match 2 Win,2000,3.0,3.0,1.4057711591988978e-05,1.0,0.012516906276611733,0.028101365472385967,2024-07-24
1,554,Match 2 Win,100,117.0,35.0,0.0001640066352398714,0.29914529914529914,0.02417597555477634,0.01623665688874727,2024-07-24
2,554,Match 2 Win,50,812.0,294.0,0.00137765573601492,0.3620689655172414,0.08304530047254087,0.06750513106473108,2024-07-24
3,554,Match 2 Win,20,2267.0,788.0,0.0036924922448291052,0.34759594177326864,0.0899017348761876,0.070157352651753,2024-07-24
4,554,Match 2 Win,10,6822.0,2687.0,0.012591023682558128,0.3938727645851656,0.1281495767169263,0.11331921314302315,2024-07-24
5,554,Match 2 Win,5,18202.0,7336.0,0.03437579074627705,0.40303263377650805,0.15196446759839036,0.1375031629851082,2024-07-24
6,554,Match 2 Win,2,27276.0,12052.0,0.056474513368883726,0.44185364422935913,0.05693032109402395,0.056474513368883726,2024-07-24
7,554,Match 2 Win,1,40902.0,19744.0,0.09251848589074346,0.4827147816732678,0.0,0.0,2024-07-24
8,554,Match 2 Win,0,382711.97,170467.83,0.7987958632840688,0.44542069065673595,-0.7987943737581191,-0.7987958632840688,2024-07-24
9,554,Match 2 Win,Total,479112.97,213406.83,1.000003889300207,0.44542069065673595,,,2024-07-24
0,556,Lucky Duck Crossword,25000,3.0,0.0,0.0,0.0,0.08632186726247414,0.0,2024-07-24
1,556,Lucky Duck Crossword,2000,10.0,1.0,8.504413790757403e-06,0.1,0.022987394343742695,0.016983314340142535,2024-07-24
2,556,Lucky Duck Crossword,100,811.0,84.0,0.0007143707584236218,0.10357583230579531,0.09055329748819263,0.06929396356709132,2024-07-24
3,556,Lucky Duck Crossword,50,2448.0,249.0,0.0021175990338985935,0.1017156862745098,0.13244054299517574,0.0995271545932339,2024-07-24
4,556,Lucky Duck Crossword,30,10514.0,1216.0,0.010341367169561003,0.11565531672056306,0.32677093297511217,0.2792169135781471,2024-07-24
5,556,Lucky Duck Crossword,20,16166.0,1785.0,0.015180378616501965,0.11041692440925399,0.3163466043232877,0.2580664364805334,2024-07-24
6,556,Lucky Duck Crossword,15,32437.0,3694.0,0.03141530454305785,0.11388229491013349,0.4480573522251268,0.37698365451669413,2024-07-24
7,556,Lucky Duck Crossword,10,48653.0,6233.0,0.05300801115779089,0.12811131893202884,0.3920300390106557,0.3710560781045362,2024-07-24
8,556,Lucky Duck Crossword,5,113438.0,17122.0,0.14561257292534827,0.15093707575944568,0.2611561381637941,0.29122514585069653,2024-07-24
9,556,Lucky Duck Crossword,0,644257.6,87202.08,0.7416025717347303,0.13535281539558092,-2.224807738130182,-2.224807715204191,2024-07-24
10,556,Lucky Duck Crossword,Total,868737.6,117586.08,1.0000006803531032,0.13535281539558092,,,2024-07-24
0,557,LOTERIA™,25000,4.0,0.0,0.0,0.0,0.068008638133619,0.0,2024-07-24
1,557,LOTERIA™,1000,8.0,1.0,5.537926489563777e-06,0.125,0.005425019979935044,0.005521312710095086,2024-07-24
2,557,LOTERIA™,100,393.0,17.0,9.414475032258421e-05,0.043256997455470736,0.025928684385043105,0.009132040781290669,2024-07-24
3,557,LOTERIA™,50,2462.0,146.0,0.0008085372674763115,0.059301380991064176,0.07870496012515092,0.03800125157138664,2024-07-24
4,557,LOTERIA™,30,7399.0,488.0,0.0027025081269071234,0.06595485876469794,0.13587920216293425,0.07296771942649233,2024-07-24
5,557,LOTERIA™,20,14697.0,1235.0,0.006839339214611265,0.08403075457576376,0.16993929500586644,0.1162687666483915,2024-07-24
6,557,LOTERIA™,14,29415.0,1920.0,0.010632818859962452,0.06527281998980113,0.2200785594041728,0.11696100745958697,2024-07-24
7,557,LOTERIA™,10,44140.0,4115.0,0.022788567504554946,0.09322609877661985,0.21015830910234828,0.15951997253188463,2024-07-24
8,557,LOTERIA™,4,102948.0,13498.0,0.07475093175613187,0.13111473753739752,0.07002193541804826,0.07475093175613187,2024-07-24
9,557,LOTERIA™,3,176484.0,25000.0,0.13844816223909442,0.14165590081820448,0.0,0.0,2024-07-24
10,557,LOTERIA™,0,1092275.5,134153.80000000002,0.7429338826956412,0.12282047889932532,-2.2287925317553436,-2.2288016480869235,2024-07-24
11,557,LOTERIA™,Total,1470225.5,180573.80000000002,1.0000044303411917,0.12282047889932532,,,2024-07-24
0,559,$10 MONOPOLY™,5000,13.0,1.0,6.324710644488014e-05,0.07692307692307693,0.25849770870691374,0.3156030611599519,2024-07-24
1,559,$10 MONOPOLY™,500,132.0,2.0,0.0001264942128897603,0.015151515151515152,0.25774058577405856,0.061982164315982545,2024-07-24
2,559,$10 MONOPOLY™,200,300.0,15.0,0.0009487065966732022,0.05,0.2271368798565451,0.1802542533679084,2024-07-24
3,559,$10 MONOPOLY™,100,1760.0,49.0,0.003099108215799127,0.02784090909090909,0.6312014345487149,0.27891973942192144,2024-07-24
4,559,$10 MONOPOLY™,50,8361.0,351.0,0.02219973436215293,0.04198062432723358,1.3326957561267185,0.8879893744861173,2024-07-24
5,559,$10 MONOPOLY™,20,16772.0,876.0,0.05540446524571501,0.052229906987836874,0.6683403068340308,0.5540446524571501,2024-07-24
6,559,$10 MONOPOLY™,15,16622.0,1114.0,0.07045727657959648,0.06701961256166526,0.33118151026100817,0.3522863828979824,2024-07-24
7,559,$10 MONOPOLY™,10,33494.0,2472.0,0.1563468471317437,0.07380426345017017,0.0,0.0,2024-07-24
8,559,$10 MONOPOLY™,0,173496.96000000002,10931.2,0.6913667699702739,0.06300513853383943,-6.91360669456067,-6.913667699702739,2024-07-24
9,559,$10 MONOPOLY™,Total,250950.96000000002,15811.2,1.000012649421289,0.06300513853383943,,,2024-07-24
0,561,Taco ‘Bout Bingo,10000,4.0,2.0,1.0217583439340762e-05,0.5,0.05426590128784486,0.1021451816430896,2024-07-24
1,561,Taco ‘Bout Bingo,1000,30.0,6.0,3.065275031802228e-05,0.2,0.0405895045393478,0.030560792067068215,2024-07-24
2,561,Taco ‘Bout Bingo,100,806.0,138.0,0.0007050132573145126,0.17121588089330025,0.10609724653611802,0.06838628595950771,2024-07-24
3,561,Taco ‘Bout Bingo,50,3382.0,621.0,0.0031725596579153066,0.18361916026020106,0.21570926461208595,0.1491103039220194,2024-07-24
4,561,Taco ‘Bout Bingo,20,9647.0,2095.0,0.010702918652709448,0.2171659583290142,0.222555605314226,0.1819496170960606,2024-07-24
5,561,Taco ‘Bout Bingo,15,9658.0,2056.0,0.010503675775642303,0.21288051356388485,0.15727720555306762,0.12604410930770762,2024-07-24
6,561,Taco ‘Bout Bingo,10,19294.0,4727.0,0.02414925845888189,0.2449984451124702,0.18328108672936258,0.16904480921217324,2024-07-24
7,561,Taco ‘Bout Bingo,6,38551.0,10127.0,0.051736733745101945,0.2626909807787087,0.15694744127346008,0.15521020123530582,2024-07-24
8,561,Taco ‘Bout Bingo,5,48235.0,13467.0,0.06880009808880101,0.2791956048512491,0.13091506194954472,0.13760019617760202,2024-07-24
9,561,Taco ‘Bout Bingo,3,57897.0,16568.0,0.08464246121149886,0.28616335906869095,0.0,0.0,2024-07-24
10,561,Taco ‘Bout Bingo,0,549386.72,145934.51,0.7455490163021544,0.26563166652444753,-2.23664340674999,-2.2366470489064634,2024-07-24
11,561,Taco ‘Bout Bingo,Total,736890.72,195741.51,1.0000026054837772,0.2656316665244475,,,2024-07-24
0,562,"Oh, What Fun!",20,4200.0,985.0,0.011864468026162055,0.23452380952380952,0.28362442155545603,0.22542489249707903,2024-07-24
1,562,"Oh, What Fun!",10,8400.0,2207.0,0.02658363546572554,0.2627380952380952,0.2686968204209583,0.23925271919152985,2024-07-24
2,562,"Oh, What Fun!",5,14700.0,3596.0,0.04331434215439467,0.24462585034013606,0.2089864158829676,0.17325736861757868,2024-07-24
3,562,"Oh, What Fun!",2,33600.0,11182.0,0.13468881367364885,0.33279761904761906,0.11942080907598149,0.13468881367364885,2024-07-24
4,562,"Oh, What Fun!",0,220458.0,65051.40000000001,0.7835535587381507,0.2950738916256158,-0.7835497835497836,-0.7835535587381507,2024-07-24
5,562,"Oh, What Fun!",Total,281358.0,83021.40000000001,1.0000048180580818,0.2950738916256158,,,2024-07-24
0,563,When It’s Gold Outside,500,20.0,1.0,1.9802764465919442e-05,0.05,0.03267866634294226,0.009861776704027882,2024-07-24
1,563,When It’s Gold Outside,100,267.0,28.0,0.0005544774050457444,0.10486891385767791,0.08585039995275373,0.05433878569448295,2024-07-24
2,563,When It’s Gold Outside,40,2487.0,248.0,0.0049110855875480214,0.09971853638922397,0.3100732973299299,0.1866212523268248,2024-07-24
3,563,When It’s Gold Outside,20,2486.0,313.0,0.006198265277832785,0.1259050683829445,0.14681776722027917,0.11156877500099013,2024-07-24
4,563,When It’s Gold Outside,10,7476.0,908.0,0.017980910135054852,0.12145532370251472,0.19622948560629425,0.14384728108043882,2024-07-24
5,563,When It’s Gold Outside,5,12430.0,1850.0,0.03663511426195097,0.14883346741753822,0.12234813935023263,0.10990534278585291,2024-07-24
6,563,When It’s Gold Outside,3,14901.0,2535.0,0.05020000792110579,0.17012281054962755,0.048890040881142835,0.05020000792110579,2024-07-24
7,563,When It’s Gold Outside,2,37290.0,6934.0,0.1373123688066854,0.1859479753285063,0.0,0.0,2024-07-24
8,563,When It’s Gold Outside,0,227429.58000000002,37681.979999999996,0.746207374549487,0.16568636322504748,-1.4923886267741957,-1.492414749098974,2024-07-24
9,563,When It’s Gold Outside,Total,304786.58,50498.979999999996,1.0000194067091766,0.16568636322504748,,,2024-07-24
0,565,What’s Under the Tree?,1000,7.0,1.0,4.399278518322995e-05,0.14285714285714285,0.02843240109892353,0.043772821257313806,2024-07-24
1,565,What’s Under the Tree?,500,10.0,0.0,0.0,0.0,0.02020680336535125,0.0,2024-07-24
2,565,What’s Under the Tree?,200,20.0,0.0,0.0,0.0,0.015920511742397957,0.0,2024-07-24
3,565,What’s Under the Tree?,100,252.0,13.0,0.0005719062073819894,0.051587301587301584,0.09772744900333513,0.05433108970128899,2024-07-24
4,565,What’s Under the Tree?,50,2495.0,171.0,0.007522766266332322,0.06853707414829659,0.4583270399686488,0.3385244819849545,2024-07-24
5,565,What’s Under the Tree?,25,4070.0,287.0,0.012625929347586995,0.07051597051597051,0.3322896553413317,0.2525185869517399,2024-07-24
6,565,What’s Under the Tree?,20,4090.0,283.0,0.012449958206854076,0.06919315403422983,0.25044189625541396,0.18674937310281114,2024-07-24
7,565,What’s Under the Tree?,15,8170.0,529.0,0.023272183361928645,0.06474908200734394,0.33351431009074695,0.23272183361928644,2024-07-24
8,565,What’s Under the Tree?,10,18345.0,1669.0,0.07342395847081079,0.09097846824747888,0.37443818963370573,0.36711979235405395,2024-07-24
9,565,What’s Under the Tree?,5,28570.0,3174.0,0.13963310017157185,0.11109555477773889,0.0,0.0,2024-07-24
10,565,What’s Under the Tree?,0,178938.59,16604.17,0.7304636839558312,0.09279256084447741,-3.652299901619402,-3.6523184197791556,2024-07-24
11,565,What’s Under the Tree?,Total,244967.59,22731.17,1.0000074787734812,0.09279256084447741,,,2024-07-24
0,566,Universal Monsters – Halloween,500,20.0,1.0,3.793482796555518e-05,0.05,0.04929985299140223,0.01889154432684648,2024-07-24
1,566,Universal Monsters – Halloween,100,164.0,17.0,0.000644892075414438,0.10365853658536585,0.07955293546966029,0.06319942339061493,2024-07-24
2,566,Universal Monsters – Halloween,50,879.0,67.0,0.0025416334736921968,0.07622298065984073,0.20884130496116896,0.12199840673722545,2024-07-24
3,566,Universal Monsters – Halloween,20,1637.0,135.0,0.005121201775349949,0.0824679291386683,0.14585034821733514,0.09218163195629908,2024-07-24
4,566,Universal Monsters – Halloween,10,4911.0,483.0,0.01832252190736315,0.09835064141722663,0.19446713095644685,0.1465801752589052,2024-07-24
5,566,Universal Monsters – Halloween,5,11444.0,1271.0,0.04821516634422063,0.11106256553652569,0.16993599928723105,0.14464549903266188,2024-07-24
6,566,Universal Monsters – Halloween,3,16385.0,2252.0,0.08542923257843026,0.13744278303326213,0.08110221799840617,0.08542923257843026,2024-07-24
7,566,Universal Monsters – Halloween,2,18007.0,2748.0,0.10424490724934563,0.1526073193757983,0.0,0.0,2024-07-24
8,566,Universal Monsters – Halloween,0,148582.66,19387.719999999998,0.7354698228443534,0.13048440511160586,-1.4709042761187752,-1.4709396456887067,2024-07-24
9,566,Universal Monsters – Halloween,Total,202029.66,26361.719999999998,1.000027313076135,0.1304844051116059,,,2024-07-24
0,567,Universal Monsters – Valentine’s Day,500,20.0,0.0,0.0,0.0,0.049362646948040365,0.0,2024-07-24
1,567,Universal Monsters – Valentine’s Day,100,177.0,24.0,0.0005709256131503199,0.13559322033898305,0.08596832067878596,0.05595071008873135,2024-07-24
2,567,Universal Monsters – Valentine’s Day,50,871.0,117.0,0.0027832623641078098,0.13432835820895522,0.20720417104454533,0.13359659347717487,2024-07-24
3,567,Universal Monsters – Valentine’s Day,20,1634.0,252.0,0.005994718938078359,0.15422276621787026,0.1457684911682493,0.10790494088541047,2024-07-24
4,567,Universal Monsters – Valentine’s Day,10,4902.0,861.0,0.020481956371767727,0.17564259485924114,0.19435798822433242,0.16385565097414181,2024-07-24
5,567,Universal Monsters – Valentine’s Day,5,11438.0,2132.0,0.05071722530152009,0.18639622311592935,0.17006323969629086,0.15215167590456027,2024-07-24
6,567,Universal Monsters – Valentine’s Day,3,16340.0,3625.0,0.08623355615291291,0.22184822521419828,0.08098249509347184,0.08623355615291291,2024-07-24
7,567,Universal Monsters – Valentine’s Day,2,17997.0,4110.0,0.09777101125199229,0.22837139523253874,0.0,0.0,2024-07-24
8,567,Universal Monsters – Valentine’s Day,0,148393.62,30916.379999999997,0.7354563836620119,0.20834035856797617,-1.4709039906429038,-1.4709127673240239,2024-07-24
9,567,Universal Monsters – Valentine’s Day,Total,201772.62,42037.38,1.0000090396555414,0.20834035856797617,,,2024-07-24
0,568,Money Bags,1000,5.0,2.0,2.1590577871816738e-05,0.4,0.012281508400355044,0.021568987293944922,2024-07-24
1,568,Money Bags,500,13.0,2.0,2.1590577871816738e-05,0.15384615384615385,0.01594997897759823,0.010773698358036552,2024-07-24
2,568,Money Bags,80,157.0,20.0,0.00021590577871816738,0.12738853503184713,0.030496005743664387,0.017056556518735222,2024-07-24
3,568,Money Bags,40,1186.0,162.0,0.0017488368076171558,0.13659359190556492,0.11372750541541987,0.06820463549706908,2024-07-24
4,568,Money Bags,20,2247.0,375.0,0.0040482333509656385,0.16688918558077437,0.10497185948675834,0.07691643366834713,2024-07-24
5,568,Money Bags,10,6791.0,1201.0,0.012965142012025952,0.17685171550581652,0.1502769793636236,0.11668627810823357,2024-07-24
6,568,Money Bags,4,20313.0,4332.0,0.046765191670355054,0.2132624427706395,0.14983440248433155,0.14029557501106515,2024-07-24
7,568,Money Bags,2,22580.0,5139.0,0.055476989841633115,0.22759078830823737,0.055518810746750136,0.055476989841633115,2024-07-24
8,568,Money Bags,1,31616.0,8106.0,0.08750661211447325,0.25638917004048584,0.0,0.0,2024-07-24
9,568,Money Bags,0,321801.32,73294.81,0.791238651452506,0.22776416827625193,-0.7912323553203888,-0.791238651452506,2024-07-24
10,568,Money Bags,Total,406709.32,92633.81,1.000008744184038,0.22776416827625193,,,2024-07-24
0,569,Crossword Cash,10000,3.0,1.0,2.0269174639208692e-05,0.3333333333333333,0.08205761136683323,0.20259040051889088,2024-07-24
1,569,Crossword Cash,200,209.0,18.0,0.00036484514350575647,0.0861244019138756,0.1115310305571215,0.07114480298362251,2024-07-24
2,569,Crossword Cash,100,633.0,61.0,0.0012364196529917302,0.09636650868878358,0.16456676536750098,0.11745986703421438,2024-07-24
3,569,Crossword Cash,50,2382.0,241.0,0.004884871088049294,0.10117548278757346,0.29333851467103067,0.21981919896221824,2024-07-24
4,569,Crossword Cash,20,8054.0,764.0,0.01548564942435544,0.09485969704494661,0.3306113066275512,0.23228474136533162,2024-07-24
5,569,Crossword Cash,15,24107.0,2537.0,0.05142289605967245,0.10523914215787945,0.6597174711423208,0.5142289605967245,2024-07-24
6,569,Crossword Cash,10,32220.0,4265.0,0.08644802983622507,0.13237119801365613,0.4408698079438664,0.43224014918112535,2024-07-24
7,569,Crossword Cash,5,32232.0,5593.0,0.1133654937570942,0.17352320675105484,0.0,0.0,2024-07-24
8,569,Crossword Cash,0,265574.4,35856.8,0.7267877412031782,0.13501602564102563,-3.6338837592429414,-3.633938706015891,2024-07-24
9,569,Crossword Cash,Total,365414.4,49336.8,1.0000162153397114,0.13501602564102563,,,2024-07-24
0,570,"$1,000 Money Multiplier",1000,5.0,1.0,7.322466792613096e-06,0.2,0.013932281850899455,0.00730782185902787,2024-07-24
1,570,"$1,000 Money Multiplier",100,204.0,74.0,0.000541862542653369,0.3627450980392157,0.055818472698032445,0.05310252918003017,2024-07-24
2,570,"$1,000 Money Multiplier",50,962.0,319.0,0.0023358669068435775,0.3316008316008316,0.12892525986916498,0.11212161152849172,2024-07-24
3,570,"$1,000 Money Multiplier",20,3296.0,1152.0,0.008435481745090286,0.34951456310679613,0.16564617588179617,0.15183867141162516,2024-07-24
4,570,"$1,000 Money Multiplier",15,6576.0,2285.0,0.016731836621120922,0.3474756690997567,0.23868595408210275,0.21751387607457198,2024-07-24
5,570,"$1,000 Money Multiplier",10,6560.0,2340.0,0.017134572294714642,0.3567073170731707,0.14652628287278627,0.13707657835771714,2024-07-24
6,570,"$1,000 Money Multiplier",5,16440.0,6126.0,0.044857431571547826,0.37262773722627734,0.13770343504736696,0.1345722947146435,2024-07-24
7,570,"$1,000 Money Multiplier",4,23016.0,8829.0,0.06465005931198102,0.3836027111574557,0.12852320604420917,0.12930011862396204,2024-07-24
8,570,"$1,000 Money Multiplier",2,29663.0,11941.0,0.08743757597059297,0.4025553720122712,0.0,0.0,2024-07-24
9,570,"$1,000 Money Multiplier",0,271439.86,103499.70999999999,0.7578731895200854,0.3812988630336016,-1.5157421383120997,-1.5157463790401708,2024-07-24
10,570,"$1,000 Money Multiplier",Total,358161.86,136566.71,1.0000051989514227,0.3812988630336016,,,2024-07-24
0,572,Guy Fieri Flavortown Fortune!,50000,3.0,2.0,1.3942528895891136e-05,0.6666666666666666,0.30709773851083655,0.6970567321500774,2024-07-24
1,572,Guy Fieri Flavortown Fortune!,1000,6.0,2.0,1.3942528895891136e-05,0.3333333333333333,0.01222371236396769,0.013872816251411681,2024-07-24
2,572,Guy Fieri Flavortown Fortune!,200,69.0,15.0,0.00010456896671918352,0.21739130434782608,0.027549422086630696,0.020390948510240786,2024-07-24
3,572,Guy Fieri Flavortown Fortune!,100,332.0,98.0,0.0006831839158986657,0.29518072289156627,0.06457887570511574,0.06490247201037325,2024-07-24
4,572,Guy Fieri Flavortown Fortune!,50,4893.0,1263.0,0.008804706997755252,0.25812385039852853,0.45083385374543145,0.3962118148989864,2024-07-24
5,572,Guy Fieri Flavortown Fortune!,20,16290.0,4533.0,0.03160074174253726,0.278268876611418,0.5003122472588786,0.47401112613805896,2024-07-24
6,572,Guy Fieri Flavortown Fortune!,15,16239.0,4540.0,0.03164954059367288,0.2795738653857996,0.3324972614379754,0.31649540593672876,2024-07-24
7,572,Guy Fieri Flavortown Fortune!,10,36536.0,10536.0,0.0734492422235545,0.28837311145171884,0.37404150329139324,0.36724621111777256,2024-07-24
8,572,Guy Fieri Flavortown Fortune!,5,56921.0,17572.0,0.12249905887929953,0.30870856098803606,0.0,0.0,2024-07-24
9,572,Guy Fieri Flavortown Fortune!,0,357106.08,104885.92000000001,0.7311874851860631,0.2937108211655204,-3.655914577340063,-3.6559374259303157,2024-07-24
10,572,Guy Fieri Flavortown Fortune!,Total,488395.08,143446.92,1.0000064135632922,0.29371082116552033,,,2024-07-24
0,573,Red Hot 7s,500,7.0,0.0,0.0,0.0,0.007881726714157098,0.0,2024-07-24
1,573,Red Hot 7s,100,207.0,18.0,0.00018141320889731005,0.08695652173913043,0.046241118108566105,0.017959907680833696,2024-07-24
2,573,Red Hot 7s,50,607.0,70.0,0.000705495812378428,0.11532125205930807,0.06711313989670042,0.03456929480654297,2024-07-24
3,573,Red Hot 7s,20,2054.0,298.0,0.003003396458411022,0.1450827653359299,0.08805962403283563,0.05706453270980942,2024-07-24
4,573,Red Hot 7s,15,2079.0,277.0,0.0027917477146974933,0.13323713323713324,0.06567579093680403,0.03908446800576491,2024-07-24
5,573,Red Hot 7s,10,2069.0,316.0,0.003184809667308332,0.152730787820203,0.042017072185605304,0.028663287005774987,2024-07-24
6,573,Red Hot 7s,5,8241.0,1512.0,0.015238709547374043,0.18347287950491445,0.07438111634854697,0.06095483818949617,2024-07-24
7,573,Red Hot 7s,3,20640.0,4253.0,0.042863909857792204,0.2060562015503876,0.09314562804477669,0.08572781971558441,2024-07-24
8,573,Red Hot 7s,2,20640.0,4614.0,0.04650225254734381,0.22354651162790698,0.046572814022388345,0.04650225254734381,2024-07-24
9,573,Red Hot 7s,1,37151.0,9619.0,0.0969452031324014,0.25891631450028263,0.0,0.0,2024-07-24
10,573,Red Hot 7s,0,349482.35000000003,78244.21,0.7885851785408332,0.2238860131277016,-0.7885841322992846,-0.7885851785408332,2024-07-24
11,573,Red Hot 7s,Total,443177.35000000003,99221.21,1.0000021164874373,0.2238860131277016,,,2024-07-24
0,574,Money,10000,4.0,2.0,1.2996380508028513e-05,0.5,0.10772893071757281,0.12983384127520484,2024-07-24
1,574,Money,1000,8.0,4.0,2.5992761016057027e-05,0.5,0.021351679962041455,0.025732833405896455,2024-07-24
2,574,Money,500,26.0,10.0,6.498190254014256e-05,0.38461538461538464,0.03434601044399093,0.031841132244669855,2024-07-24
3,574,Money,300,86.0,34.0,0.00022093846863648474,0.3953488372093023,0.06723622452693358,0.06407215590458057,2024-07-24
4,574,Money,150,170.0,61.0,0.00039638960549486966,0.3588235294117647,0.06416287665360944,0.05549454476928175,2024-07-24
5,574,Money,100,1878.0,700.0,0.0045487331778099795,0.37273695420660274,0.455664261008112,0.40938598600289816,2024-07-24
6,574,Money,50,8964.0,3399.0,0.022087348673394458,0.3791834002677376,0.9666487837360588,0.8834939469357783,2024-07-24
7,574,Money,20,24724.0,9863.0,0.06409165047534261,0.3989241223103058,0.6665390598251426,0.6409165047534261,2024-07-24
8,574,Money,15,49385.0,20743.0,0.13479196043901773,0.4200263237825251,0.6656898452811978,0.6739598021950887,2024-07-24
9,574,Money,10,43105.0,18433.0,0.1197811409522448,0.42763020531260876,0.0,0.0,2024-07-24
10,574,Money,0,242581.5,100640.61000000002,0.6539818310600499,0.41487339306583565,-6.539801202919141,-6.5398183106004995,2024-07-24
11,574,Money,Total,370931.5,153889.61000000002,1.000003963896055,0.41487339306583565,,,2024-07-24
0,576,Money Match,10000,3.0,1.0,1.2344764585339358e-05,0.3333333333333333,0.08237116885471522,0.12338592203046687,2024-07-24
1,576,Money Match,500,20.0,2.0,2.4689529170678715e-05,0.1,0.027196083763937992,0.012221316939485964,2024-07-24
2,576,Money Match,100,241.0,50.0,0.0006172382292669679,0.2074688796680498,0.0628943775530667,0.05863763178036195,2024-07-24
3,576,Money Match,50,2238.0,435.0,0.005369972594622621,0.19436997319034852,0.2766583430167874,0.24164876675801794,2024-07-24
4,576,Money Match,20,6060.0,1229.0,0.01517171567538207,0.2028052805280528,0.24970949637797613,0.22757573513073107,2024-07-24
5,576,Money Match,15,18181.0,3721.0,0.04593486902204775,0.20466420988944503,0.499446463547633,0.4593486902204775,2024-07-24
6,576,Money Match,10,30300.0,6680.0,0.08246302743006691,0.22046204620462045,0.41618249396329354,0.4123151371503345,2024-07-24
7,576,Money Match,5,42417.0,10015.0,0.12363281732217367,0.23610816417945635,0.0,0.0,2024-07-24
8,576,Money Match,0,264563.60000000003,58873.78,0.7267829543490606,0.222531671023527,-3.6338857709540333,-3.633914771745303,2024-07-24
9,576,Money Match,Total,364023.60000000003,81006.78,1.0000096289163765,0.22253167102352703,,,2024-07-24
0,577,Pink Panther™ Crossword,15000,4.0,2.0,2.0011406501705972e-05,0.5,0.20432720988024666,0.299870926428064,2024-07-24
1,577,Pink Panther™ Crossword,1000,20.0,6.0,6.0034219505117914e-05,0.3,0.06715458849918016,0.059133706212541146,2024-07-24
2,577,Pink Panther™ Crossword,500,105.0,34.0,0.0003401939105290015,0.3238095238095238,0.17359631570156092,0.16499404660656572,2024-07-24
3,577,Pink Panther™ Crossword,200,681.0,207.0,0.0020711805729265683,0.3039647577092511,0.42946552447051844,0.38316840599141516,2024-07-24
4,577,Pink Panther™ Crossword,100,1417.0,448.0,0.004482555056382138,0.31616090331686664,0.4105804269940993,0.38101717979248173,2024-07-24
5,577,Pink Panther™ Crossword,50,4731.0,1491.0,0.014918503547021802,0.3151553582752061,0.5644564739409517,0.5221476241457631,2024-07-24
6,577,Pink Panther™ Crossword,30,31266.0,10452.0,0.10457961037791541,0.3342928420648628,1.5987223583873353,1.568694155668731,2024-07-24
7,577,Pink Panther™ Crossword,20,46944.0,15388.0,0.15396776162412576,0.32779481935923654,0.8001281732247498,0.7698388081206288,2024-07-24
8,577,Pink Panther™ Crossword,15,31242.0,11632.0,0.11638634021392194,0.37231931374431854,0.0,0.0,2024-07-24
9,577,Pink Panther™ Crossword,0,176943.2,60283.2,0.6031758102118208,0.3406923803796924,-9.047625216036652,-9.04763715317731,2024-07-24
10,577,Pink Panther™ Crossword,Total,293353.2,99943.2,1.00000200114065,0.34069238037969246,,,2024-07-24
0,578,CROSSWORD X-TRA®,25000,3.0,2.0,2.4769826388286846e-06,0.6666666666666666,0.086953748968025,0.06191713502280063,2024-07-24
1,578,CROSSWORD X-TRA®,1000,6.0,6.0,7.430947916486053e-06,1.0,0.00693626336929399,0.007408655072736595,2024-07-24
2,578,CROSSWORD X-TRA®,100,1225.0,1148.0,0.0014217880346876649,0.9371428571428572,0.13778025657913046,0.1379134393647035,2024-07-24
3,578,CROSSWORD X-TRA®,50,5113.0,4753.0,0.005886549241176368,0.9295912380207315,0.2786460024303591,0.2766678143352893,2024-07-24
4,578,CROSSWORD X-TRA®,30,8572.0,8009.0,0.009919076977189467,0.9343210452636491,0.2683645167574186,0.2678150783841156,2024-07-24
5,578,CROSSWORD X-TRA®,20,16102.0,15009.0,0.01858851621308986,0.9321202335113651,0.3174007216867805,0.31600477562252766,2024-07-24
6,578,CROSSWORD X-TRA®,15,15976.0,14969.0,0.018538976560313288,0.9369679519278918,0.22229437028654117,0.22246771872375945,2024-07-24
7,578,CROSSWORD X-TRA®,10,64093.0,59964.0,0.07426489347736162,0.9355779882358448,0.5202209122195116,0.5198542543415313,2024-07-24
8,578,CROSSWORD X-TRA®,5,112336.0,105320.0,0.13043790576071854,0.9375445093291553,0.260512230642932,0.2608758115214371,2024-07-24
9,578,CROSSWORD X-TRA®,0,638998.36,598254.7999999999,0.7409333765979633,0.9362383966055875,-2.222798855319425,-2.2228001297938897,2024-07-24
10,578,CROSSWORD X-TRA®,Total,862424.36,807434.7999999999,1.0000009907930554,0.9362383966055875,,,2024-07-24
0,580,Win $500!,500,50.0,30.0,0.000141619656808365,0.6,0.06740067591304087,0.07010173012014068,2024-07-24
1,580,Win $500!,100,625.0,344.0,0.001623905398069252,0.5504,0.16169354070047684,0.15427101281657893,2024-07-24
2,580,Win $500!,50,2455.0,1367.0,0.006453135695234499,0.5568228105906313,0.3008521079391188,0.2903911062855524,2024-07-24
3,580,Win $500!,20,6126.0,3395.0,0.016026624495479973,0.5541952334312765,0.250240327662599,0.24039936743219958,2024-07-24
4,580,Win $500!,15,12249.0,6830.0,0.032242075200037766,0.5575965384929382,0.3335720724278132,0.3224207520003777,2024-07-24
5,580,Win $500!,10,36749.0,20899.0,0.098656973587934,0.5686957468230428,0.5003853412380483,0.49328486793967,2024-07-24
6,580,Win $500!,5,42905.0,25492.0,0.12033894304529469,0.5941498659829857,0.0,0.0,2024-07-24
7,580,Win $500!,0,266048.17,153478.91,0.724521018717398,0.5768839154202791,-3.6225912087732532,-3.6226050935869902,2024-07-24
8,580,Win $500!,Total,367207.17,211835.91,1.0000042957962565,0.576883915420279,,,2024-07-24
0,582,Extreme Cash!,50000,3.0,1.0,7.6087287336031896e-06,0.3333333333333333,0.4794244604316547,0.38028426210548744,2024-07-24
1,582,Extreme Cash!,10000,3.0,2.0,1.5217457467206379e-05,0.6666666666666666,0.09573141486810552,0.15187022552271967,2024-07-24
2,582,Extreme Cash!,5000,4.0,1.0,7.6087287336031896e-06,0.25,0.06369304556354916,0.037891469093343885,2024-07-24
3,582,Extreme Cash!,1000,20.0,9.0,6.847855860242871e-05,0.45,0.06266986410871303,0.06710898743038013,2024-07-24
4,582,Extreme Cash!,500,136.0,54.0,0.00041087135161457225,0.39705882352941174,0.20872901678657074,0.19721824877499466,2024-07-24
5,582,Extreme Cash!,200,540.0,218.0,0.0016587028639254953,0.40370370370370373,0.31079136690647485,0.29856651550658914,2024-07-24
6,582,Extreme Cash!,100,3515.0,1439.0,0.01094896064765499,0.4093883357041252,0.8991207034372501,0.8759168518123992,2024-07-24
7,582,Extreme Cash!,80,10436.0,4240.0,0.03226100983047753,0.40628593330778073,2.0021103117505996,1.9356605898286516,2024-07-24
8,582,Extreme Cash!,40,52167.0,21684.0,0.16498767385945157,0.41566507562252,3.3360191846522778,3.2997534771890313,2024-07-24
9,582,Extreme Cash!,20,41770.0,17987.0,0.13685820373132057,0.4306200622456308,0.0,0.0,2024-07-24
10,582,Extreme Cash!,0,204156.71999999997,85793.79999999999,0.6527817512250053,0.42023500377553086,-13.05558561151079,-13.055635024500106,2024-07-24
11,582,Extreme Cash!,Total,312750.72,131428.8,1.0000060869829868,0.42023500377553086,,,2024-07-24
0,583,Super 7s,5000,3.0,2.0,2.178625505168789e-05,0.6666666666666666,0.041588541377741775,0.10888770274833608,2024-07-24
1,583,Super 7s,500,33.0,6.0,6.535876515506366e-05,0.18181818181818182,0.04558263898904952,0.0325486650472217,2024-07-24
2,583,Super 7s,100,187.0,33.0,0.0003594732083528502,0.17647058823529413,0.0508304394616844,0.03522837441857932,2024-07-24
3,583,Super 7s,50,1657.0,282.0,0.0030718619622879923,0.17018708509354255,0.22060732473123051,0.14744937418982362,2024-07-24
4,583,Super 7s,20,3277.0,678.0,0.0073855404625221945,0.20689655172413793,0.16360822340319306,0.1329397283253995,2024-07-24
5,583,Super 7s,15,3277.0,660.0,0.007189464167057004,0.2014037229173024,0.11816149468008388,0.09346303417174105,2024-07-24
6,583,Super 7s,10,6554.0,1459.0,0.015893073060206316,0.22261214525480622,0.1454295319139494,0.12714458448165053,2024-07-24
7,583,Super 7s,5,19662.0,4722.0,0.05143734817703511,0.24015868172108637,0.16360822340319306,0.15431204453110534,2024-07-24
8,583,Super 7s,3,29493.0,7884.0,0.08588141741375366,0.26731766859932865,0.08180411170159653,0.08588141741375366,2024-07-24
9,583,Super 7s,2,26216.0,7282.0,0.0793237546431956,0.2777693011901129,0.0,0.0,2024-07-24
10,583,Super 7s,0,270173.41000000003,68793.92,0.7493809435627062,0.2546287586183999,-1.4987485715553683,-1.4987618871254125,2024-07-24
11,583,Super 7s,Total,360532.41000000003,91801.92,1.0000100216773238,0.2546287586183999,,,2024-07-24
0,584,Cash Spectacular,100000,3.0,3.0,9.356550052864508e-06,1.0,0.6833451423806584,0.9354678742853935,2024-07-24
1,584,Cash Spectacular,10000,5.0,4.0,1.247540007048601e-05,0.8,0.11368581251181853,0.12450449270345038,2024-07-24
2,584,Cash Spectacular,1000,20.0,14.0,4.3663900246701037e-05,0.7,0.04465414679822932,0.042790622241767017,2024-07-24
3,584,Cash Spectacular,500,149.0,108.0,0.00033683580190312226,0.7248322147651006,0.16294207035762048,0.16168118491349867,2024-07-24
4,584,Cash Spectacular,200,3686.0,2680.0,0.008358518047225627,0.7270754205100379,1.5115884345759791,1.5045332485006129,2024-07-24
5,584,Cash Spectacular,100,14642.0,10641.0,0.03318768303751041,0.7267449801939626,2.668677622121118,2.6550146430008326,2024-07-24
6,584,Cash Spectacular,50,51225.0,37368.0,0.1165451874584803,0.7294875549048316,3.5011357189887202,3.4963556237544093,2024-07-24
7,584,Cash Spectacular,20,58612.0,42934.0,0.1339047066565616,0.732512113560363,0.0,0.0,2024-07-24
8,584,Cash Spectacular,0,310587.64,226879.83999999997,0.7076041929819636,0.730485733430989,-14.152067418648574,-14.152083859639273,2024-07-24
9,584,Cash Spectacular,Total,438929.64,320631.83999999997,1.0000026198340146,0.730485733430989,,,2024-07-24
0,585,LOTERIA® Super Grande!,50000,3.0,3.0,3.385305292473451e-06,1.0,0.14995605848071322,0.16924833809721018,2024-07-24
1,585,LOTERIA® Super Grande!,10000,3.0,3.0,3.385305292473451e-06,1.0,0.029979214011695746,0.03383612639827214,2024-07-24
2,585,LOTERIA® Super Grande!,5000,5.0,5.0,5.642175487455752e-06,1.0,0.02497018075511426,0.02818266655984148,2024-07-24
3,585,LOTERIA® Super Grande!,1000,10.0,9.0,1.0155915877420352e-05,0.9,0.009948080020556032,0.01010513629803325,2024-07-24
4,585,LOTERIA® Super Grande!,500,93.0,83.0,9.366011309176547e-05,0.8924731182795699,0.04602611695942683,0.046361755980423906,2024-07-24
5,585,LOTERIA® Super Grande!,200,411.0,355.0,0.0004005944596093583,0.8637469586374696,0.08012953499974505,0.07811591962382487,2024-07-24
6,585,LOTERIA® Super Grande!,100,1026.0,894.0,0.0010088209771570882,0.8713450292397661,0.09745119191995943,0.09583799282992338,2024-07-24
7,585,LOTERIA® Super Grande!,50,2338.0,2052.0,0.0023155488200518404,0.8776732249786142,0.10518969838821107,0.10419969690233281,2024-07-24
8,585,LOTERIA® Super Grande!,40,3362.0,2945.0,0.0033232413621114374,0.8759666864961333,0.11764729407224406,0.11631344767390031,2024-07-24
9,585,LOTERIA® Super Grande!,30,5003.0,4417.0,0.004984297825618411,0.8828702778333,0.1250508651830197,0.12460744564046027,2024-07-24
10,585,LOTERIA® Super Grande!,20,16730.0,14711.0,0.01660040871919231,0.8793185893604304,0.2509015759958328,0.24900613078788467,2024-07-24
11,585,LOTERIA® Super Grande!,15,50021.0,44049.0,0.04970643760938768,0.8806101437396293,0.500113478098727,0.49706437609387677,2024-07-24
12,585,LOTERIA® Super Grande!,10,66684.0,59105.0,0.06669615643721444,0.8863445504168916,0.3333556623571651,0.3334807821860722,2024-07-24
13,585,LOTERIA® Super Grande!,5,116829.0,103963.0,0.11731549804047245,0.8898732335293463,0.0,0.0,2024-07-24
14,585,LOTERIA® Super Grande!,0,737675.58,653589.14,0.7375329249150571,0.8860116258694642,-3.6876661804271773,-3.6876646245752855,2024-07-24
15,585,LOTERIA® Super Grande!,Total,1000193.58,886183.14,1.0000001579809137,0.8860116258694642,,,2024-07-24
0,586,Celebrate Cash,1000,3.0,2.0,1.611006395695391e-05,0.6666666666666666,0.015771360010103777,0.016093953892996955,2024-07-24
1,586,Celebrate Cash,90,90.0,53.0,0.00042691669485927857,0.5888888888888889,0.04215168290988697,0.037995585842475796,2024-07-24
2,586,Celebrate Cash,60,203.0,127.0,0.0010229890612665732,0.625615763546798,0.0630275538341718,0.06035635461472782,2024-07-24
3,586,Celebrate Cash,30,718.0,455.0,0.003665039550207014,0.6337047353760445,0.10957332603616309,0.10628614695600341,2024-07-24
4,586,Celebrate Cash,20,1439.0,927.0,0.007467014644048137,0.6441973592772758,0.14387879680889132,0.1418732782369146,2024-07-24
5,586,Celebrate Cash,15,1431.0,867.0,0.00698371272533952,0.6058700209643606,0.1054265687161892,0.09777197815475328,2024-07-24
6,586,Celebrate Cash,9,1435.0,908.0,0.007313969036457074,0.6327526132404181,0.060412149788452225,0.058511752291656595,2024-07-24
7,586,Celebrate Cash,5,8611.0,5596.0,0.04507595895155704,0.649866449889676,0.1812574988948997,0.18030383580622816,2024-07-24
8,586,Celebrate Cash,3,25825.0,17037.0,0.13723357981731188,0.6597095837366893,0.27180205022417747,0.27446715963462376,2024-07-24
9,586,Celebrate Cash,0,150273.90000000002,98174.16,0.7907959982601132,0.6533014715130172,-0.7907987243985098,-0.7907959982601132,2024-07-24
10,586,Celebrate Cash,Total,190028.90000000002,124146.16,1.0000012888051166,0.6533014715130172,,,2024-07-24
0,587,Double Doubler,400,25.0,11.0,7.049248614181806e-05,0.44,0.028601084404022217,0.028126501970585405,2024-07-24
1,587,Double Doubler,200,28.0,12.0,7.690089397289243e-05,0.42857142857142855,0.01597646539340469,0.015303277900605594,2024-07-24
2,587,Double Doubler,100,128.0,43.0,0.00027556153673619787,0.3359375,0.03633412948047815,0.02728059213688359,2024-07-24
3,587,Double Doubler,40,1570.0,635.0,0.004069338972732225,0.40445859872611467,0.17556334817626867,0.15870421993655678,2024-07-24
4,587,Double Doubler,20,2039.0,807.0,0.005171585119677016,0.3957822461991172,0.11108116399962152,0.0982601172738633,2024-07-24
5,587,Double Doubler,10,6117.0,2496.0,0.015995385946361625,0.40804315841098576,0.1578521804205148,0.14395847351725463,2024-07-24
6,587,Double Doubler,4,18351.0,7932.0,0.0508314909160819,0.4322380251757397,0.1578521804205148,0.15249447274824568,2024-07-24
7,587,Double Doubler,2,20390.0,9166.0,0.05873946617962767,0.449534085335949,0.058463770526116586,0.05873946617962767,2024-07-24
8,587,Double Doubler,1,24468.0,11612.0,0.07441443173443558,0.4745790420140592,0.0,0.0,2024-07-24
9,587,Double Doubler,0,275647.31999999995,123331.78,0.7903603447723413,0.4474260079873079,-0.7903571193045132,-0.7903603447723413,2024-07-24
10,587,Double Doubler,Total,348763.31999999995,156045.78,1.0000049985581083,0.4474260079873079,,,2024-07-24
0,590,5X,500,10.0,5.0,1.8094503975362524e-05,0.5,0.010532536884986385,0.0090291574837059,2024-07-24
1,590,5X,100,135.0,71.0,0.0002569419564501478,0.5259259259259259,0.02820989087531925,0.025437253688564636,2024-07-24
2,590,5X,50,1142.0,614.0,0.002222005088174518,0.5376532399299475,0.11811216413027419,0.10887824932055139,2024-07-24
3,590,5X,20,2252.0,1191.0,0.004310110846931353,0.5288632326820604,0.09031386537771492,0.08189210609169571,2024-07-24
4,590,5X,10,6756.0,3697.0,0.01337907623938305,0.5472172883362937,0.12834075606306858,0.12041168615444744,2024-07-24
5,590,5X,5,13512.0,7652.0,0.027691828883894806,0.5663114268798105,0.11408067205606096,0.11076731553557922,2024-07-24
6,590,5X,2,38284.0,22299.0,0.08069786882932178,0.582462647581235,0.08080714270637651,0.08069786882932178,2024-07-24
7,590,5X,1,38284.0,23015.0,0.08328900179859369,0.6011649775363076,0.0,0.0,2024-07-24
8,590,5X,0,373395.0,217783.68,0.7881375327058159,0.583252801992528,-0.788135593220339,-0.7881375327058159,2024-07-24
9,590,5X,Total,473770.0,276327.68,1.0000024608525406,0.583252801992528,,,2024-07-24
0,591,10X,1000,10.0,4.0,2.0855274820383945e-05,0.4,0.02791436610893875,0.020813564270743178,2024-07-24
1,591,10X,100,383.0,187.0,0.0009749840978529494,0.48825065274151436,0.1049837492517943,0.09554844158958904,2024-07-24
2,591,10X,40,2072.0,1015.0,0.005292025985672426,0.48986486486486486,0.22022700700935885,0.20109698745555218,2024-07-24
3,591,10X,20,4544.0,2281.0,0.011892720466323945,0.5019806338028169,0.2287747327437193,0.21406896839383102,2024-07-24
4,591,10X,10,9135.0,4740.0,0.024713500662154976,0.5188834154351396,0.20440700152717875,0.1977080052972398,2024-07-24
5,591,10X,5,18210.0,9576.0,0.049927527919999166,0.5258649093904448,0.15280178562438115,0.1497825837599975,2024-07-24
6,591,10X,3,24236.0,13125.0,0.06843137050438482,0.5415497606865819,0.0677888353723687,0.06843137050438482,2024-07-24
7,591,10X,2,30346.0,16783.0,0.08750351932762594,0.553054768338496,0.0,0.0,2024-07-24
8,591,10X,0,268586.72,144087.21999999997,0.7512446428012803,0.5364644238553566,-1.5024905879917878,-1.5024892856025607,2024-07-24
9,591,10X,Total,357522.72,191798.21999999997,1.000001147040115,0.5364644238553566,,,2024-07-24
0,592,20X,5000,5.0,3.0,9.595854590816766e-06,0.6,0.049764180549826946,0.04793129368112975,2024-07-24
1,592,20X,500,52.0,31.0,9.915716410510659e-05,0.5961538461538461,0.05128848878288471,0.04908279623202776,2024-07-24
2,592,20X,100,1604.0,959.0,0.0030674748508644264,0.5978802992518704,0.3036262595468521,0.2914101108321205,2024-07-24
3,592,20X,50,4178.0,2497.0,0.007986949637756488,0.5976543800861657,0.3746211645714901,0.359412733699042,2024-07-24
4,592,20X,20,8367.0,5084.0,0.016261774913237482,0.6076251942153699,0.2500762154116529,0.24392662369856222,2024-07-24
5,592,20X,15,16744.0,10161.0,0.03250115949909639,0.6068442427138079,0.3336342098603813,0.3250115949909639,2024-07-24
6,592,20X,10,50242.0,31086.0,0.09943224527004334,0.618725369213009,0.5005509427796607,0.4971612263502167,2024-07-24
7,592,20X,5,58604.0,37264.0,0.11919330849073201,0.6358610333765613,0.0,0.0,2024-07-24
8,592,20X,0,362071.63999999996,225550.14999999997,0.7214488141123033,0.62294343185785,-3.6072469399263145,-3.6072440705615167,2024-07-24
9,592,20X,Total,501867.63999999996,312635.14999999997,1.0000004797927293,0.62294343185785,,,2024-07-24
0,593,50X,10000,6.0,4.0,1.5006452774693118e-05,0.6666666666666666,0.15916894373322074,0.14991446321918425,2024-07-24
1,593,50X,1000,20.0,13.0,4.8770971517752635e-05,0.65,0.05257832976172457,0.04828326180257511,2024-07-24
2,593,50X,500,49.0,32.0,0.00012005162219754494,0.6530612244897959,0.06375786351409125,0.058825294876797024,2024-07-24
3,593,50X,100,2515.0,1735.0,0.00650904889102314,0.6898608349900597,0.6010659061397149,0.5858144001920825,2024-07-24
4,593,50X,50,12556.0,8691.0,0.03260527026621447,0.6921790379101624,1.3336838555317447,1.3042108106485788,2024-07-24
5,593,50X,20,25114.0,17653.0,0.06622722770791441,0.7029147089272916,0.6668950371898742,0.662272277079144,2024-07-24
6,593,50X,15,37666.0,26718.0,0.10023560130856268,0.7093399883183773,0.5001048911124034,0.5011780065428134,2024-07-24
7,593,50X,10,43945.0,31417.0,0.11786443170563342,0.7149163727386506,0.0,0.0,2024-07-24
8,593,50X,0,254710.38999999996,180289.66999999998,0.6763771046550016,0.7078222054467429,-6.7637610500795295,-6.763771046550016,2024-07-24
9,593,50X,Total,376581.38999999996,266552.67,1.0000025135808397,0.7078222054467429,,,2024-07-24
0,594,Blazing Hot 7s,7000,3.0,0.0,0.0,0.0,0.042690144110505056,0.0,2024-07-24
1,594,Blazing Hot 7s,1000,5.0,2.0,2.3315458148752622e-05,0.4,0.01013817199708769,0.023245511774306366,2024-07-24
2,594,Blazing Hot 7s,500,16.0,2.0,2.3315458148752622e-05,0.125,0.016172265540790633,0.011587782699930053,2024-07-24
3,594,Blazing Hot 7s,100,81.0,12.0,0.00013989274889251573,0.14814814814814814,0.01597906065819819,0.013569596642574027,2024-07-24
4,594,Blazing Hot 7s,50,411.0,43.0,0.0005012823501981814,0.10462287104622871,0.03928567070566558,0.023560270459314525,2024-07-24
5,594,Blazing Hot 7s,30,4917.0,685.0,0.007985544415947773,0.1393125889770185,0.2699967053483179,0.21560969923058987,2024-07-24
6,594,Blazing Hot 7s,20,4916.0,661.0,0.007705758918162742,0.13445890968266883,0.16996335208437563,0.13099790160876662,2024-07-24
7,594,Blazing Hot 7s,15,4917.0,676.0,0.007880624854278387,0.13748220459629856,0.11999853571036351,0.09456749825134064,2024-07-24
8,594,Blazing Hot 7s,10,9812.0,1461.0,0.01703194217766379,0.14889930697105586,0.1396850963787304,0.11922359524364654,2024-07-24
9,594,Blazing Hot 7s,5,44301.0,7383.0,0.0860690137561203,0.1666553802397237,0.18019304218374393,0.1721380275122406,2024-07-24
10,594,Blazing Hot 7s,3,59004.0,11472.0,0.13373746794124505,0.19442749644091925,0.0,0.0,2024-07-24
11,594,Blazing Hot 7s,0,363323.89,63383.509999999995,0.7389077873630217,0.17445456174104046,-2.2167141950677847,-2.216723362089065,2024-07-24
12,594,Blazing Hot 7s,Total,491706.89,85780.51,1.000005945441828,0.17445456174104046,,,2024-07-24
0,598,Bonus Money,10000,3.0,2.0,5.4546148769166154e-06,0.6666666666666666,0.07960476513008485,0.05449160262039699,2024-07-24
1,598,Bonus Money,500,30.0,29.0,7.909191571529093e-05,0.9666666666666667,0.03904538029403562,0.03875503870049255,2024-07-24
2,598,Bonus Money,200,154.0,153.0,0.0004172780380841211,0.9935064935064936,0.07771889982336613,0.079282827235983,2024-07-24
3,598,Bonus Money,100,3965.0,3853.0,0.01050831556037986,0.9717528373266078,0.9478465277501096,0.9457484004341874,2024-07-24
4,598,Bonus Money,50,12537.0,12206.0,0.0332895145938221,0.9735981494775464,1.3320052591736722,1.331580583752884,2024-07-24
5,598,Bonus Money,20,25058.0,24406.0,0.06656266534301346,0.9739803655519196,0.6655776458557445,0.6656266534301346,2024-07-24
6,598,Bonus Money,15,25077.0,24420.0,0.06660084764715188,0.9738006938629022,0.3330411570182079,0.3330042382357594,2024-07-24
7,598,Bonus Money,10,43907.0,42773.0,0.1166551210651772,0.9741726831712483,0.0,0.0,2024-07-24
8,598,Bonus Money,0,265754.39999999997,258820.8,0.7058838930677299,0.9739097452384609,-7.058831029124666,-7.058838930677299,2024-07-24
9,598,Bonus Money,Total,376485.39999999997,366662.8,1.0000021818459508,0.9739097452384609,,,2024-07-24
0,599,Fantastic 5s,5000,3.0,3.0,8.269109913008963e-06,1.0,0.03829298191847993,0.0413290113452188,2024-07-24
1,599,Fantastic 5s,100,287.0,271.0,0.0007469762621418097,0.9442508710801394,0.07183062621309634,0.07320367368989734,2024-07-24
2,599,Fantastic 5s,40,3330.0,3056.0,0.008423466631385131,0.9177177177177177,0.32316886300950043,0.32009173199263496,2024-07-24
3,599,Fantastic 5s,20,3325.0,3054.0,0.008417953891443125,0.9184962406015038,0.15285013790989888,0.15152317004597624,2024-07-24
4,599,Fantastic 5s,10,9983.0,9221.0,0.025416487502618552,0.9236702394069919,0.2039636326488916,0.20333190002094842,2024-07-24
5,599,Fantastic 5s,5,19980.0,18475.0,0.0509239352142802,0.9246746746746747,0.15307998774134232,0.1527718056428406,2024-07-24
6,599,Fantastic 5s,3,26718.0,24837.0,0.06845996096980121,0.929598023804177,0.06823475329451426,0.06845996096980121,2024-07-24
7,599,Fantastic 5s,2,33295.0,30884.0,0.08512773018445628,0.9275867247334435,0.0,0.0,2024-07-24
8,599,Fantastic 5s,0,294639.84,272995.04,0.7524753304887595,0.92653810835629,-1.5049537235672694,-1.504950660977519,2024-07-24
9,599,Fantastic 5s,Total,391560.84,362796.04,1.0000001102547988,0.92653810835629,,,2024-07-24
0,603,Chile Bonus Crossword,10000,4.0,4.0,9.05680199793052e-06,1.0,0.08687885853609775,0.09052273596931555,2024-07-24
1,603,Chile Bonus Crossword,200,404.0,382.0,0.0008649245908023647,0.9455445544554455,0.17119350864116512,0.1686602952064611,2024-07-24
2,603,Chile Bonus Crossword,100,1016.0,968.0,0.002191746083499186,0.952755905511811,0.209743557426317,0.20821587793242266,2024-07-24
3,603,Chile Bonus Crossword,40,3041.0,2910.0,0.0065888234534944535,0.9569220651101611,0.23128942742094957,0.2306088208723059,2024-07-24
4,603,Chile Bonus Crossword,20,10146.0,9723.0,0.022014821456469612,0.9583086930810172,0.3307176958631495,0.3302223218470442,2024-07-24
5,603,Chile Bonus Crossword,15,30401.0,29146.0,0.06599238775792074,0.9587184632084471,0.6606313602691115,0.6599238775792073,2024-07-24
6,603,Chile Bonus Crossword,10,50659.0,48575.0,0.10998353926236876,0.9588621962533804,0.5504247241846143,0.5499176963118437,2024-07-24
7,603,Chile Bonus Crossword,5,30406.0,29294.0,0.06632748943184417,0.963428270736039,0.0,0.0,2024-07-24
8,603,Chile Bonus Crossword,0,334104.05,320655.3,0.7260278904217526,0.9597468213869302,-3.6301373807262793,-3.630139452108763,2024-07-24
9,603,Chile Bonus Crossword,Total,460181.05,441657.3,1.00000067926015,0.9597468213869302,,,2024-07-24
0,604,$50 Frenzy,50,3352.0,2707.0,0.008174740745661982,0.8075775656324582,0.40398724483390663,0.3923875557917751,2024-07-24
1,604,$50 Frenzy,20,3324.0,2692.0,0.00812944295800593,0.8098676293622142,0.15022974364124841,0.14632997324410674,2024-07-24
2,604,$50 Frenzy,10,6656.0,5511.0,0.01664240718483309,0.8279747596153846,0.13369824490923243,0.13313925747866473,2024-07-24
3,604,$50 Frenzy,5,16668.0,13796.0,0.041661885233525195,0.8276937844972402,0.12555301679764982,0.12498565570057558,2024-07-24
4,604,$50 Frenzy,3,33391.0,27807.0,0.08397303875678712,0.8327693090952651,0.08384010846912898,0.08397303875678712,2024-07-24
5,604,$50 Frenzy,2,40056.0,33498.0,0.10115901939349282,0.8362792091072498,0.0,0.0,2024-07-24
6,604,$50 Frenzy,0,294823.95,245131.35000000003,0.7402605226760726,0.831449921215695,-1.480523012027017,-1.4805210453521451,2024-07-24
7,604,$50 Frenzy,Total,398270.95,331142.35000000003,1.0000010569483788,0.831449921215695,,,2024-07-24
0,607,Vaults of Cash,5000,3.0,2.0,6.650704974727321e-06,0.6666666666666666,0.04530467552955185,0.03323357275871242,2024-07-24
1,607,Vaults of Cash,100,726.0,646.0,0.0021481777068369247,0.8898071625344353,0.21282408512721637,0.2083732375631817,2024-07-24
2,607,Vaults of Cash,50,2211.0,1985.0,0.006600824687416866,0.8977838082315694,0.3140501612303675,0.3102387603085927,2024-07-24
3,607,Vaults of Cash,20,4368.0,3933.0,0.013078611332801277,0.9004120879120879,0.2244109122888668,0.2223363926576217,2024-07-24
4,607,Vaults of Cash,15,8762.0,7912.0,0.026310188880021283,0.9029901848892947,0.31775830857709286,0.31572226656025537,2024-07-24
5,607,Vaults of Cash,10,13141.0,11906.0,0.039591646714551745,0.9060193288182026,0.2779962102552789,0.27714152700186223,2024-07-24
6,607,Vaults of Cash,5,26254.0,23867.0,0.07936618781590848,0.909080521063457,0.15868573829002125,0.15873237563181697,2024-07-24
7,607,Vaults of Cash,3,26237.0,24001.0,0.07981178504921521,0.9147768418645424,0.0,0.0,2024-07-24
8,607,Vaults of Cash,0,249191.09999999998,226468.59999999998,0.7530879223197658,0.9088149616900443,-2.2592599420356425,-2.2592637669592976,2024-07-24
9,607,Vaults of Cash,Total,330893.1,300720.6,1.0000019952114922,0.9088149616900443,,,2024-07-24
