,price,gameNumber,topprize,overallodds,topprizeodds,topprizeavail,extrachances,secondChance,startDate,endDate,lastdatetoclaim,dateexported,gameURL,gameName,Winning Tickets At Start,Winning Tickets Unclaimed,topprizestarting,topprizeremain,topprizeodds_y,Total at start,Total remaining,Non-prize at start,Non-prize remaining,Current Odds of Top Prize,Change in Current Odds of Top Prize,Current Odds of Any Prize,Change in Current Odds of Any Prize,Odds of Profit Prize,Starting Odds of Profit Prize,Change in Odds of Profit Prize,Probability of Winning Any Prize,Starting Probability of Winning Any Prize,Change in Probability of Any Prize,Probability of Winning Profit Prize,Starting Probability of Winning Profit Prize,Change in Probability of Profit Prize,StdDev of All Prizes,StdDev of Profit Prizes,Odds of Any Prize + 3 StdDevs,Odds of Profit Prize + 3 StdDevs,Max Tickets to Buy,Expected Value of Any Prize (as % of cost),Change in Expected Value of Any Prize,Expected Value of Profit Prize (as % of cost),Change in Expected Value of Profit Prize,Percent of Prizes Remaining,Percent of Profit Prizes Remaining,Ratio of Decline in Prizes to Decline in Losing Ticket,Photo,FAQ,About,Directory,Data Date,Days Since Start,Rank by Best Probability of Winning Any Prize,Rank by Best Probability of Winning Profit Prize,Rank by Least Expected Losses,Rank by Most Available Prizes,Rank by Best Change in Probabilities,Rank Average,Overall Rank,Rank by Cost,Stats Page
0,30,1464,10000000,3.64,3609120.00,Top Prize Claimed,,,2020-09-22,,2026-05-07,09/30/2025,https://nylottery.ny.gov/scratch-off-game?game=1464,"$10,000,000 BONUS             ",4949938,197694,5,0,inf,18017774.32,719606.16,13067836.32,521912.16000000003,inf,,3.64,-2.2234384431287876e-07,3.64,3.6399999353527255,-2.0458360765935102e-07,0.274725335808762,0.2747252796044617,-5.620430032493573e-08,0.274725335808762,0.2747252796044617,-5.620430032493573e-08,0.04635745226210326,0.04635745226210326,7.190240048809751,7.190240048809751,4.0,0.37,-0.0068167322258304245,0.3705930745435697,-0.0068167322258304245,0.04,0.04474082059955688,0.999999991489294,https://edit.nylottery.ny.gov/sites/default/files/2020-09/10milBonus_1464.jpg,,,,09/30/2025,1834,43.0,42.0,35.0,35.0,,38.75,13.0,1.0,/new-york-statistics-for-each-scratcher-game
1,2,1453,1000 A Week for Life,3.75,9119000.00,,,,2020-12-02,,,09/30/2025,https://nylottery.ny.gov/scratch-off-game?game=1453,WIN FOR LIFE                  ,12158004,1405713,5,1,5271423.75,45592515.0,5271423.75,33434511.0,3865710.75,5271423.75,0.0,3.75,-1.422765528502623e-07,23.69,10.651526011512079,1.2238426141557674,0.2666667046070862,0.26666666666666666,-3.794041952831506e-08,0.04221668418565537,0.0938832613204163,0.05166657713476093,0.041887261447530334,0.004941869528334238,7.957823805963339,67.4304190213092,27.0,0.38,-0.10324213478857112,0.38347463294066897,-0.10324213478857112,0.08,0.05751512549029774,0.9999999813993132,https://edit.nylottery.ny.gov/sites/default/files/2020-12/WFL_1453.jpg,,,,09/30/2025,1763,47.333333333333336,73.66666666666667,46.0,38.666666666666664,57.083333333333336,52.55,47.0,8.0,/new-york-statistics-for-each-scratcher-game
2,30,1489,10000000,3.64,3521600.00,,,,2021-08-03,,,09/30/2025,https://nylottery.ny.gov/scratch-off-game?game=1489,"$10,000,000 DELUXE            ",4836861,193337,5,1,703746.68,17606174.04,703746.68,12769313.04,510409.68000000005,703746.68,0.0,3.64,-9.66256778740808e-07,3.64,3.639999991730174,-9.639848506679464e-07,0.2747255401806902,0.2747252753494314,-2.6483125875609304e-07,0.2747255401806902,0.2747252753494314,-2.6483125875609304e-07,0.046675710121471495,0.046675710121471495,7.141209427116166,7.141209427116166,4.0,0.83,0.025996142528559366,0.8320255698315396,0.025996142528559366,0.05,0.05096913678720504,0.9999999598636873,https://edit.nylottery.ny.gov/sites/default/files/2021-07/10milDeluxe_1489.jpg,,,,09/30/2025,1519,42.666666666666664,41.666666666666664,109.0,24.333333333333332,44.583333333333336,52.45,45.5,2.0,/new-york-statistics-for-each-scratcher-game
3,5,1510,500000,4.01,3271500.00,Top Prize Claimed,,,2022-02-01,,2026-02-27,09/30/2025,https://nylottery.ny.gov/scratch-off-game?game=1510,LOOSE CHANGE MULTIPLIER       ,3261832,145439,4,0,inf,13079946.319999998,583210.39,9818114.319999998,437771.39,inf,,4.01,-6.687123663894957e-07,7.32,7.177429196673347,0.019217717361631265,0.2493767253647914,0.24937656470447203,-1.606603193815559e-07,0.1366986162788704,0.13932565165024383,0.002627035371373432,0.040774791933320224,0.02927712790970788,8.174526030378155,11.38382622581374,9.0,0.35,-0.030735737736426384,0.347044803758509,-0.030735737736426384,0.03,0.032623213159608845,0.9999999699336052,https://edit.nylottery.ny.gov/sites/default/files/2021-12/looseChangeMultiplier_1510.jpg,,,,09/30/2025,1337,48.666666666666664,46.0,26.0,24.0,,36.166666666666664,4.0,4.0,/new-york-statistics-for-each-scratcher-game
4,30,1512,10000000,3.62,4319110.00,,,,2022-03-01,,,09/30/2025,https://nylottery.ny.gov/scratch-off-game?game=1512,X SERIES: 200X                ,5958240,956760,5,1,3463471.2,21568828.8,3463471.2,15610588.8,2506711.2,3463471.2,0.0,3.62,-5.774553579322172e-08,3.62,3.6199998657321624,-2.0654973648564826e-08,0.2762431098744583,0.27624310416866416,-5.705794170474121e-09,0.2762431098744583,0.27624310416866416,-5.705794170474121e-09,0.047017692544224124,0.047017692544224124,7.089477286866723,7.089477286866723,4.0,0.48,0.0010306767119635384,0.4807390716807888,0.0010306767119635384,0.16,0.16080561823693112,0.9999999960487991,https://edit.nylottery.ny.gov/sites/default/files/2022-09/200X_1512_P2.jpg,,,,09/30/2025,1309,42.333333333333336,41.333333333333336,84.0,61.0,62.083333333333336,58.15,63.0,4.0,/new-york-statistics-for-each-scratcher-game
5,10,1517,3000000,3.94,4508650.00,Top Prize Claimed,,,2022-04-05,,2026-02-25,09/30/2025,https://nylottery.ny.gov/scratch-off-game?game=1517,ELECTRIC 10X                  ,4582300,172477,4,0,inf,18054262.0,679559.38,13471962.0,507082.38,inf,,3.94,-5.591858653502724e-07,8.82,8.067854975551903,0.09377401559908412,0.25380724852441067,0.25380710659898476,-1.419254259116265e-07,0.11332202207608169,0.12394868314196393,0.01062666106588224,0.04388655987099197,0.018073145458012172,7.595005304979252,18.439154393863028,10.0,0.34,-0.04070215096615578,0.337293744913981,-0.04070215096615578,0.04,0.03633652228166349,0.9999999781291224,https://edit.nylottery.ny.gov/sites/default/files/2022-03/electric10X_1517.jpg,,,,09/30/2025,1274,44.333333333333336,65.0,23.0,28.333333333333332,,40.16666666666667,16.0,3.0,/new-york-statistics-for-each-scratcher-game
6,5,1522,500000,4.27,2652000.00,,,,2022-05-03,,2025-10-18,09/30/2025,https://nylottery.ny.gov/scratch-off-game?game=1522,POWER SPOT                    ,2485166,366770,4,1,1566107.9,10611658.819999998,1566107.9,8126492.819999998,1199337.9,1566107.9,0.0,4.27,-5.746730477381492e-07,4.27,4.2699996700421625,-4.973995880350724e-07,0.23419217205465526,0.23419205556756542,-1.1648708983513778e-07,0.23419217205465526,0.23419205556756542,-1.1648708983513778e-07,0.05371757921449174,0.05371757921449174,6.2051882962077185,6.2051882962077185,6.0,0.46,0.005015460910983036,0.4558692349884139,0.005015460910983036,0.14,0.1374461514982134,0.9999999138823755,https://edit.nylottery.ny.gov/sites/default/files/2022-03/powerSpot_1522.jpg,,,,09/30/2025,1246,39.666666666666664,39.333333333333336,77.0,35.333333333333336,37.75,45.81666666666667,27.0,12.0,/new-york-statistics-for-each-scratcher-game
7,2,1531,20000,5.09,2731758.33,,,,2022-07-14,,,09/30/2025,https://nylottery.ny.gov/scratch-off-game?game=1531,CASHWORD DOUBLER              ,16099110,1164497,30,1,5927289.7299999995,81944469.89999999,5927289.7299999995,65845359.89999999,4762792.7299999995,5927289.7299999995,0.0,5.09,-1.231591558708511e-07,13.57,8.301613255678884,0.6342239126324762,0.19646367842026938,0.1964636563817382,-2.2038531166668207e-08,0.07370992033626166,0.12045851441175365,0.04674859407549199,0.03429628489840319,0.011918851466251153,9.719144573485387,27.965110419029234,16.0,0.16,-0.3155171192241625,0.16455524608299005,-0.3155171192241625,0.03,0.02471963436155167,0.9999999912532891,https://edit.nylottery.ny.gov/sites/default/files/2022-04/cashwordDoubler_1531_1.jpg,,,,09/30/2025,1174,61.666666666666664,72.66666666666667,4.0,30.333333333333332,45.083333333333336,42.75000000000001,22.0,2.0,/new-york-statistics-for-each-scratcher-game
8,5,1533,888888,4.36,3452100,,,,2022-07-05,,2025-11-22,09/30/2025,https://nylottery.ny.gov/scratch-off-game?game=1533,EXTREME 8S                    ,2375546,838127,3,1,3654233.72,10357380.56,3654233.72,7981834.5600000005,2816106.72,3654233.72,0.0,4.36,-1.9703173241786223e-07,7.83,7.61219994576038,0.029040666882030084,0.2293578433559108,0.22935781056599255,-3.278991825284017e-08,0.1276607156686506,0.1313680679863054,0.003707352317654816,0.03783934841463673,0.02651164028343525,8.809079538113588,12.57275468664872,10.0,0.4,-0.007090669996456496,0.39738122883789845,-0.007090669996456496,0.34,0.33181984537816095,0.999999922062891,https://edit.nylottery.ny.gov/sites/default/files/2022-05/Extreme8s_1533.jpg,,,,09/30/2025,1183,54.333333333333336,52.0,55.0,60.333333333333336,51.083333333333336,54.55,56.0,17.0,/new-york-statistics-for-each-scratcher-game
9,20,1528,5000000,3.55,5186687.50,,,,2022-07-05,,,09/30/2025,https://nylottery.ny.gov/scratch-off-game?game=1528,"$300,000,000 CASH PAYOUT      ",5850825,1168823,4,2,2074660.825,20770428.75,4149321.65,14919603.75,2980498.65,2074660.825,0.0,3.55,-1.5665211200209508e-07,5.97,5.888542979949598,0.013829698896031332,0.28169018497243287,0.2816901510166281,-3.3955804779051135e-08,0.16750475559736158,0.1698212959309264,0.0023165403335648205,0.03329871069233425,0.02017766356109179,10.010311858635319,16.51952465378881,7.0,0.5,0.006699453865119463,0.5040962123682404,0.006699453865119463,0.21,0.21205479992264178,0.9999999699074178,https://edit.nylottery.ny.gov/sites/default/files/2022-05/3milpayout_1528.jpg,,,,09/30/2025,1183,64.0,60.333333333333336,85.0,58.666666666666664,60.25,65.65,88.0,6.0,/new-york-statistics-for-each-scratcher-game
10,20,1540,1000000,3.91,1089650.00,,,,2022-10-04,,,09/30/2025,https://nylottery.ny.gov/scratch-off-game?game=1540,MILLIONAIRE MAKER             ,5573263,1408244,20,5,1101246.808,21791458.330000002,5506234.04,16218195.330000002,4097990.04,1101246.808,0.0,3.91,-7.2644932979011126e-09,6.47,6.420660355649552,0.007181305359337279,0.25575447756125147,0.2557544795763551,2.0151036395077426e-09,0.15463672629968142,0.15574721985100767,0.0011104935513262526,0.03690411381995742,0.02719492568442446,9.032358749692142,12.257012164906442,8.0,0.46,-0.000505132175836138,0.4639048213352357,-0.000505132175836138,0.25,0.25108914333504995,1.0000000026640052,https://edit.nylottery.ny.gov/sites/default/files/2022-07/millionaireMaker_1540.jpg,,,,09/30/2025,1092,57.666666666666664,50.666666666666664,78.0,78.33333333333333,70.58333333333333,67.04999999999998,89.0,7.0,/new-york-statistics-for-each-scratcher-game
11,30,1546,5000000,3.59,5481975.00,,,,2022-12-06,,,09/30/2025,https://nylottery.ny.gov/scratch-off-game?game=1546,VIP MILLIONS                  ,6109401,2382768,4,2,4277068.56,21932749.59,8554137.12,15823348.59,6171369.119999999,4277068.56,0.0,3.59,-1.4028299784574484e-08,3.59,3.589999903427521,1.2872112512275948e-08,0.27855153594103066,0.27855153952657735,3.5855466928857993e-09,0.27855153594103066,0.27855153952657735,3.5855466928857993e-09,0.04906349607802142,0.04906349607802142,6.793897898802624,6.793897898802624,4.0,0.47,0.0003400635739678152,0.46756805118583755,0.0003400635739678152,0.4,0.3966960208538322,1.000000008230287,https://edit.nylottery.ny.gov/sites/default/files/2022-08/VIPmillions_1546.jpg,,,,09/30/2025,1029,41.333333333333336,40.666666666666664,81.0,88.66666666666667,67.75,63.88333333333334,79.0,6.0,/new-york-statistics-for-each-scratcher-game
12,1,1552,500,4.7,49244.13,,,,2022-10-20,,,09/30/2025,https://nylottery.ny.gov/scratch-off-game?game=1552,LOOSE CHANGE                  ,32785311,1143419,3128,55,97710.3509090909,154090961.70000002,5374069.3,121305650.70000002,4230650.3,97710.3509090909,0.0,4.7,-5.582361958032534e-08,13.76,10.447135916804191,0.31752347865009806,0.21276596932417505,0.2127659584133556,-1.0910819442377928e-08,0.07265146763095152,0.09572001436216625,0.023068546731214723,0.04876311677527228,0.017876676392811295,6.835726725499927,18.645379459911815,18.0,0.23,-0.4621411213479791,0.23108244423359658,-0.4621411213479791,0.02,0.01829034324207401,0.999999998146903,https://edit.nylottery.ny.gov/sites/default/files/2022-09/looseChange_1552.jpg,,,,09/30/2025,1076,41.666666666666664,65.33333333333333,7.0,30.333333333333332,50.583333333333336,38.983333333333334,15.0,4.0,/new-york-statistics-for-each-scratcher-game
13,3,1541,60000,4.4,2676933.33,,,,2022-10-04,,2025-11-01,09/30/2025,https://nylottery.ny.gov/scratch-off-game?game=1541,LOTERIA                       ,3651494,201787,6,1,887862.8,16066573.600000001,887862.8,12415079.600000001,686075.8,887862.8,0.0,4.4,-9.010401156508215e-07,9.03,7.855231957225568,0.14934876839593178,0.22727293205475627,0.22727273576014,-1.9629461625592093e-07,0.11076158231797284,0.12730368822274668,0.01654210590477384,0.03162827475143364,0.01518402902298131,10.538542720450264,21.947991449314845,10.0,0.32,-0.06911522521609434,0.3200043099791034,-0.06911522521609434,0.05,0.052256089799189255,0.9999999494790364,https://edit.nylottery.ny.gov/sites/default/files/2022-10/loteria_1541.jpg,,,,09/30/2025,1092,66.66666666666667,70.66666666666667,19.0,22.333333333333332,30.916666666666668,41.91666666666667,19.0,2.0,/new-york-statistics-for-each-scratcher-game
14,2,1556,25000,4.8,1680483.33,Top Prize Claimed,,,2023-01-03,,2026-02-04,09/30/2025,https://nylottery.ny.gov/scratch-off-game?game=1556,CASH X10                      ,5256986,966651,15,0,inf,25233532.8,4639924.8,19976546.8,3673273.8,inf,,4.8,-1.724165874887144e-07,8.06,7.787463783949269,0.03473248049078146,0.2083333692534619,0.20833333993830114,-2.9315160771092863e-08,0.12410117062262227,0.12841151211015564,0.00431034148753337,0.025668449078533905,0.015392524543649443,12.985936716772802,21.65471926352994,9.0,0.38,-0.04295334880762203,0.38081054775897194,-0.04295334880762203,0.16,0.1562729913116317,0.9999999682961555,https://edit.nylottery.ny.gov/sites/default/files/2022-10/cashX10_1556.jpg,,,,09/30/2025,1001,72.33333333333333,70.0,43.0,50.0,,58.83333333333333,67.0,11.0,/new-york-statistics-for-each-scratcher-game
15,10,1548,5000 a Week for Life,3.96,7061692.86,Top Prize Claimed,,,2022-11-29,,2026-04-28,09/30/2025,https://nylottery.ny.gov/scratch-off-game?game=1548,SET FOR LIFE                  ,12474632,264294,7,0,inf,49399542.72,1046604.24,36924910.72,782310.24,inf,,3.96,-2.2931304004928858e-07,8.63,6.080103771348562,0.41949002880876124,0.2525253104325991,0.2525252562058167,-5.4226782453259403e-08,0.11586617287914053,0.1644708770781721,0.04860470419903157,0.04062981418797928,0.01594011674060861,8.203901323610038,20.907993794512656,10.0,0.24,-0.0570422104971917,0.2440450256257381,-0.0570422104971917,0.02,0.013688043618888224,0.9999999953519741,https://edit.nylottery.ny.gov/sites/default/files/2022-11/SetForLife_1548.jpg,,,,09/30/2025,1036,49.0,68.0,9.0,27.666666666666668,,38.416666666666664,11.0,2.0,/new-york-statistics-for-each-scratcher-game
16,20,1558,5000000,3.68,4498390.00,Top Prize Claimed,,,2023-02-07,,2025-11-05,09/30/2025,https://nylottery.ny.gov/scratch-off-game?game=1558,CASH X100                     ,6109965,1025124,5,0,inf,22484671.2,3772456.3200000003,16374706.2,2747332.3200000003,inf,,3.68,-8.482536919251082e-08,5.87,5.824197830315335,0.007243660420192647,0.2717391534851566,0.2717391328518883,-2.0633268316139208e-08,0.17046269061852543,0.1716974644636784,0.00123477384515297,0.027949740803621132,0.016471382208441927,11.926030289892584,20.236482857546733,6.0,0.41,-0.00640598641470814,0.40930722584968515,-0.00640598641470814,0.16,0.1569285611455904,0.9999999846921279,https://edit.nylottery.ny.gov/sites/default/files/2022-12/cashX100_1558.jpg,,,,09/30/2025,966,69.33333333333333,67.66666666666667,62.0,57.333333333333336,,64.08333333333333,80.0,4.0,/new-york-statistics-for-each-scratcher-game
17,5,1559,1000000,4.55,3804233.33,,,,2023-02-07,,2025-11-01,09/30/2025,https://nylottery.ny.gov/scratch-off-game?game=1559,HIT IT BIG!                   ,2510878,1021811,3,2,2324620.025,11424494.9,4649240.05,8913616.9,3627429.05,2324620.025,0.0,4.55,-1.0754445734439468e-08,8.45,8.340282538215517,0.01266907358794347,0.21978022214383425,0.21978023709408925,1.49502550061964e-08,0.11839999655857732,0.11990001482779018,0.001500018269212866,0.03641521708165356,0.024822819877954982,9.153600444422857,13.428176316474051,11.0,0.66,0.03366264312954656,0.6566049504865312,0.03366264312954656,0.44,0.43926576203551493,1.0000000466784416,https://edit.nylottery.ny.gov/sites/default/files/2022-12/hitItBig_1559.jpg,,,,09/30/2025,966,59.333333333333336,53.666666666666664,106.0,92.0,82.58333333333333,78.71666666666667,108.0,31.0,/new-york-statistics-for-each-scratcher-game
18,10,1561,500,4.19,326.45,,,,2023-03-07,,,09/30/2025,https://nylottery.ny.gov/scratch-off-game?game=1561,INSTANT $500                  ,4427826,897256,56773,11135,337.62933453075885,18552590.94,3759502.64,14124764.940000001,2862246.64,337.62933453075885,0.0,4.19,-1.7023528426218712e-07,7.3,7.205888350346048,0.012463272037666282,0.2386635251158265,0.23866349657918381,-2.8536642687759795e-08,0.1370670902688707,0.13877539470230302,0.0017083044334323116,0.03471667972153024,0.019573466370958886,9.601429890376346,17.02929421502204,9.0,0.43,-0.0024010420025080523,0.4324043450435723,-0.0024010420025080523,0.2,0.1992851309360789,0.9999999696129627,https://edit.nylottery.ny.gov/sites/default/files/2023-01/instant500_1_1561.jpg,,,,09/30/2025,938,60.666666666666664,61.333333333333336,73.0,56.0,55.583333333333336,61.31666666666666,73.0,11.0,/new-york-statistics-for-each-scratcher-game
19,10,1567,3000000,4.23,4632187.50,Top Prize Claimed,,,2023-05-02,,2026-01-27,09/30/2025,https://nylottery.ny.gov/scratch-off-game?game=1567,TRIPLE JACKPOT 777            ,4379467,345906,4,0,inf,18525145.41,1463182.3800000001,14145678.41,1117276.3800000001,inf,,4.23,-2.597078843023553e-07,6.92,6.830969400077804,0.013764471537752449,0.23640668078202165,0.2364066246175131,-5.6164508543954383e-08,0.14440445549494185,0.14639210651252663,0.001987651017584774,0.032697058205121796,0.024087894801110232,10.194296608532136,13.837303185269116,8.0,0.38,-0.03645821829756268,0.37705425572485174,-0.03645821829756268,0.08,0.0767474147678014,0.999999979626217,https://edit.nylottery.ny.gov/sites/default/files/2023-03/triplejackpot777_1567.jpg,,,,09/30/2025,882,64.66666666666667,56.0,41.0,41.666666666666664,,50.833333333333336,40.0,8.0,/new-york-statistics-for-each-scratcher-game
20,5,1568,777777,4.15,3085975.00,Top Prize Claimed,,,2023-05-02,,2026-05-19,09/30/2025,https://nylottery.ny.gov/scratch-off-game?game=1568,RUBY RED 7S                   ,2973581,421250,4,0,inf,12340361.15,1748187.5000000002,9366780.15,1326937.5000000002,inf,,4.15,-2.860105110177032e-07,7.61,7.095125952050081,0.07324162659579467,0.24096392433990185,0.24096385835065928,-6.598924257028571e-08,0.13132347969639405,0.14094182495957777,0.009618345263183725,0.03847388713053275,0.026531527227721938,8.663706805815828,12.562981760711597,10.0,0.31,-0.04503078207326951,0.31032435317274415,-0.04503078207326951,0.1,0.09300040626029711,0.9999999548015007,https://edit.nylottery.ny.gov/sites/default/files/2023-03/rubyRed7s_1568.jpg,,,,09/30/2025,882,52.0,51.666666666666664,16.0,36.0,,38.916666666666664,14.0,6.0,/new-york-statistics-for-each-scratcher-game
21,5,1572,300000,4.31,2469160.00,,,,2023-05-02,,2025-11-22,09/30/2025,https://nylottery.ny.gov/scratch-off-game?game=1572,CASH X20 BINGO                ,2863500,240227,5,1,1035378.3699999999,12341684.999999998,1035378.3699999999,9478184.999999998,795151.3699999999,1035378.3699999999,0.0,4.31,-3.5735728168832015e-07,6.88,6.578985833655397,0.04631001631628996,0.2320186443984709,0.23201858028450575,-6.411396513694712e-08,0.1452715819729606,0.15199911130442167,0.006727529331461063,0.030642194712162733,0.024664501896019403,10.877753462164673,13.51348536565905,8.0,0.43,0.00995411505182696,0.43043796565119213,0.00995411505182696,0.09,0.0917012992976972,0.9999999746948994,https://edit.nylottery.ny.gov/sites/default/files/2023-03/cashX20bingo_1572.jpg,,,,09/30/2025,882,67.33333333333333,54.666666666666664,71.0,43.333333333333336,52.916666666666664,57.85,61.0,19.0,/new-york-statistics-for-each-scratcher-game
22,20,1571,5000,4.64,6176.55,,,,2023-06-06,,,09/30/2025,https://nylottery.ny.gov/scratch-off-game?game=1571,ALL CASH                      ,2236737,456424,1680,333,6359.781861861861,10378459.68,2117807.36,8141722.68,1661383.3599999999,6359.781861861861,0.0,4.64,-1.6998713222467546e-07,4.64,4.639999695985715,-1.0446681905696085e-07,0.2155172780144744,0.2155172555000699,-2.2514404507401053e-08,0.2155172780144744,0.2155172555000699,-2.2514404507401053e-08,0.04826485185183783,0.04826485185183783,6.906232523633729,6.906232523633729,6.0,0.43,-0.000568759799722017,0.43220416213564317,-0.000568759799722017,0.2,0.20047139422760618,0.9999999732175399,https://edit.nylottery.ny.gov/sites/default/files/2023-04/allCash_1571.jpg,,,,09/30/2025,847,42.0,41.0,72.0,58.666666666666664,49.583333333333336,52.65,48.0,1.0,/new-york-statistics-for-each-scratcher-game
23,5,1576,500000,4.14,3047600.00,Top Prize Claimed,,,2023-06-06,,2025-12-30,09/30/2025,https://nylottery.ny.gov/scratch-off-game?game=1576,DOUBLE YOUR DOLLARS           ,2207949,142926,3,0,inf,9140908.86,591713.6399999999,6932959.859999999,448787.6399999999,inf,,4.14,-1.0816042704524477e-06,8.13,7.068020230778093,0.1505110476334311,0.24154615497715953,0.24154591644506213,-2.38532097407429e-07,0.12297346855654684,0.1414823341401095,0.018508865583562656,0.051985968796402784,0.03992564693230262,6.411698918519294,8.347894588975084,12.0,0.29,-0.06048096310592286,0.29139464571506796,-0.06048096310592286,0.05,0.03978485284879832,0.9999999316508663,https://edit.nylottery.ny.gov/sites/default/files/2023-04/doubleYourDollars_1576.jpg,,,,09/30/2025,847,40.0,42.333333333333336,10.0,15.0,,26.833333333333336,1.0,1.0,/new-york-statistics-for-each-scratcher-game
24,2,1573,25000,4.87,985925.00,Top Prize Claimed,,,2023-06-06,,2026-08-13,09/30/2025,https://nylottery.ny.gov/scratch-off-game?game=1573,IT TAKES 2                    ,2023666,319319,10,0,inf,9855253.42,1555083.53,7831587.42,1235764.53,inf,,4.87,-3.4081770524642697e-07,10.11,9.49587221996327,0.06467534839760883,0.20533887901803313,0.20533881778580418,-6.123222895393354e-08,0.09891176226606554,0.10530891495124478,0.006397152685179236,0.032496710016122914,0.015232905529022988,10.257119132442034,21.87933997020329,12.0,0.36,-0.07383955813399222,0.3585197703273716,-0.07383955813399222,0.13,0.12340584478326337,0.9999999441303954,https://edit.nylottery.ny.gov/sites/default/files/2023-04/ItTakes2_1573.jpg,,,,09/30/2025,847,65.33333333333333,70.33333333333333,32.0,37.666666666666664,,51.33333333333333,42.0,6.0,/new-york-statistics-for-each-scratcher-game
25,5,1577,500000,4.13,2882233.33,Top Prize Claimed,,,2023-07-04,,2026-09-23,09/30/2025,https://nylottery.ny.gov/scratch-off-game?game=1577,WILD CASH MULTIPLIER          ,2094654,198855,3,0,inf,8650921.02,821271.15,6556267.02,622416.15,inf,,4.13,-1.826436981747031e-07,7.61,7.032674473052685,0.08260323300820491,0.24213079482899066,0.24213075116510716,-4.3663883508848755e-08,0.13134397781000426,0.14219341501326854,0.010849437203264284,0.03806053401758557,0.024263262099867233,8.757592658799382,13.736441705519637,9.0,0.34,-0.034694247337106764,0.34435770896573725,-0.034694247337106764,0.07,0.06648104554442967,0.9999999810845555,https://edit.nylottery.ny.gov/sites/default/files/2023-05/wildCashMultiplier_1577.jpg,,,,09/30/2025,819,53.333333333333336,55.0,24.0,38.333333333333336,,42.66666666666667,21.0,10.0,/new-york-statistics-for-each-scratcher-game
26,20,1579,5000000,3.9,4538562.50,,,,2023-07-28,,,09/30/2025,https://nylottery.ny.gov/scratch-off-game?game=1579,"$5,000,000 CASH ROYALE        ",4655664,1714334,4,2,3342951.3,18157089.599999998,6685902.6,13501425.599999998,4971568.6,3342951.3,0.0,3.9,-8.974106198896455e-08,6.43,6.392256314245258,0.005217370331010455,0.2564102794207872,0.25641026488331914,-1.4537468062680858e-08,0.1556273184979379,0.15643928385216374,0.0008119653542258409,0.03682140533944413,0.02722284229385444,9.052657552612997,12.244474957605174,8.0,0.66,0.004576199947192379,0.6552160052600231,0.004576199947192379,0.38,0.3798583683707398,0.9999999669550564,https://edit.nylottery.ny.gov/sites/default/files/2023-06/5milCashRoyale_1579.jpg,,,,09/30/2025,795,58.333333333333336,50.333333333333336,105.0,72.0,69.41666666666667,71.01666666666668,96.0,10.0,/new-york-statistics-for-each-scratcher-game
27,1,1570,7000,4.96,1268412.50,Top Prize Claimed,,,2023-06-13,,2025-11-18,09/30/2025,https://nylottery.ny.gov/scratch-off-game?game=1570,LUCKY 7S                      ,5110044,596401,20,0,inf,25345818.24,2958148.96,20235774.24,2361747.96,inf,,4.96,-3.2452726796184185e-07,11.47,9.129785373219487,0.2561036623951179,0.20161296865471234,0.20161290513488261,-6.351982972940817e-08,0.08719949103290302,0.10953160004541972,0.0223321090125167,0.04024248714530985,0.022139720031382336,8.283004544217833,15.055017772935049,15.0,0.3,-0.3241011145416789,0.29558663055398177,-0.3241011145416789,0.08,0.0731964915827935,0.9999999583704228,https://edit.nylottery.ny.gov/sites/default/files/2023-06/lucky7s_1570_1.jpg,,,,09/30/2025,840,50.0,57.666666666666664,12.0,32.0,,37.916666666666664,7.0,1.0,/new-york-statistics-for-each-scratcher-game
28,1,1574,5555,51895000.2,546263.16,,,,2023-06-13,,,09/30/2025,https://nylottery.ny.gov/scratch-off-game?game=1574,INSTANT TAKE 5                ,29342526,1490297,95,24,3222456796377.475,1522730392638505.2,77338963113059.4,1522730363295979.2,77338961622762.4,3222456796377.475,0.0,51895000.2,-5.1685306957423965e-15,433431762.52,301190812.87230355,0.43906036968440615,1.9269679085577982e-08,1.9269679085577886e-08,-9.595295105615121e-23,2.3071682476419276e-09,3.3201543913757158e-09,1.0129861437337882e-09,4.165141101608489e-09,4.4484637962393094e-10,1463052.2001363402,178391.52013453,536964108.0,0.0,-0.16649776556754273,1.1539836637004269e-08,-0.16649776556754273,0.07,0.08030735653609192,0.9999999999999997,https://edit.nylottery.ny.gov/sites/default/files/2023-06/instantTake5_1574_1_cropped.jpg,,,,09/30/2025,840,74.33333333333333,74.33333333333333,1.0,47.333333333333336,41.25,47.65,32.0,8.0,/new-york-statistics-for-each-scratcher-game
29,10,1582,3000000,3.92,5949033.33,Top Prize Claimed,,,2023-09-05,,2026-08-07,09/30/2025,https://nylottery.ny.gov/scratch-off-game?game=1582,MULTIPLIER CRAZE              ,4551715,537441,3,0,inf,17842722.8,2106768.7199999997,13291007.8,1569327.7199999997,inf,,3.92,-3.4175559615827835e-07,7.94,7.687567859149396,0.03231514998586909,0.25510212799890636,0.2551020522541348,-7.5744771566022e-08,0.1260081793533982,0.13008015256864955,0.004071973215251351,0.03938367960230606,0.01877879447333852,8.46360947917995,17.749331413730115,9.0,0.38,-0.03057677437037315,0.3763238287272258,-0.03057677437037315,0.1,0.09424922342772661,0.9999999602476926,https://edit.nylottery.ny.gov/sites/default/files/2023-06/multiplierCraze_1582_0.jpg,,,,09/30/2025,756,51.0,63.333333333333336,38.0,39.0,,47.833333333333336,33.0,5.0,/new-york-statistics-for-each-scratcher-game
30,2,1569,25000,4.88,1021750.00,Top Prize Claimed,,,2023-09-05,,2025-12-02,09/30/2025,https://nylottery.ny.gov/scratch-off-game?game=1569,FIND THE 7S                   ,2095050,272737,10,0,inf,10223844.0,1330956.56,8128794.0,1058219.56,inf,,4.88,-4.207500206167167e-07,10.42,9.176971768532846,0.13537882616599337,0.20491811900618803,0.20491803278688525,-8.621930278063239e-08,0.09597537409200604,0.10896840757742392,0.012993033485417874,0.03252316810571508,0.013355477239622063,10.248718897392031,24.953673392063596,12.0,0.33,-0.11093749429384017,0.3266385214838056,-0.11093749429384017,0.09,0.08861647079060656,0.9999999370283309,https://edit.nylottery.ny.gov/sites/default/files/2023-06/findThe7s_1569_0.jpg,,,,09/30/2025,756,65.0,72.0,20.0,31.0,,47.0,30.0,4.0,/new-york-statistics-for-each-scratcher-game
31,30,1585,10000000,3.65,6048683.33,,,,2023-10-03,,,09/30/2025,https://nylottery.ny.gov/scratch-off-game?game=1585,JACKPOT FORTUNE               ,4965724,1573544,3,1,5743435.6,18124892.599999998,5743435.6,13159168.599999998,4169891.5999999996,5743435.6,0.0,3.65,-1.0446708934742293e-07,3.65,3.649999879171698,-7.13634473179178e-08,0.2739726313608494,0.27397261180921795,-1.9551631424974403e-08,0.2739726313608494,0.27397261180921795,-1.9551631424974403e-08,0.04919228156910699,0.04919228156910699,6.776101601274826,6.776101601274826,4.0,0.6,0.000493010508523273,0.6038787763768546,0.000493010508523273,0.33,0.33278620217315,0.9999999668963554,https://edit.nylottery.ny.gov/sites/default/files/2023-07/jackpotFortune_1585_0.jpg,,,,09/30/2025,728,41.0,40.333333333333336,99.0,70.0,61.583333333333336,62.38333333333334,75.0,5.0,/new-york-statistics-for-each-scratcher-game
32,5,1586,500000,4.57,3044500.00,,,,2023-10-03,,2026-06-20,09/30/2025,https://nylottery.ny.gov/scratch-off-game?game=1586,PLUS THE MONEY                ,1997795,107400,3,2,245409.00000000003,9129923.15,490818.00000000006,7132128.15,383418.00000000006,245409.00000000003,0.0,4.57,0.0,10.61,8.418764690315019,0.2598154014532251,0.2188183807439825,0.2188183843390574,3.5950749044388886e-09,0.09428545815353145,0.11878227231489247,0.024496814161361014,0.03986471548762155,0.020675788302769844,8.360962310972287,16.116301961266856,14.0,0.69,0.11235824081040387,0.6874034774600768,0.11235824081040387,0.09,0.09464985681753267,1.0000000009334173,https://edit.nylottery.ny.gov/sites/default/files/2023-07/plusTheMoney_1586_0.jpg,,,,09/30/2025,728,50.333333333333336,59.666666666666664,108.0,55.333333333333336,93.83333333333333,73.43333333333332,98.0,28.0,/new-york-statistics-for-each-scratcher-game
33,3,1587,60000,4.34,2036880.00,Top Prize Claimed,,,2023-10-03,,2026-07-23,09/30/2025,https://nylottery.ny.gov/scratch-off-game?game=1587,MATCH FOR CASH                ,2345794,476991,5,0,inf,10180745.959999999,2070140.94,7834951.959999999,1593149.94,inf,,4.34,-4.5407536348474464e-07,7.6,7.669862208728539,-0.009371092553819536,0.23041485116948612,0.23041476827088783,-8.289859829146984e-08,0.13161380389732094,0.1303804387596389,-0.0012333651376820465,0.03045069235407682,0.0199003179057308,10.946407386475121,16.74912147671079,9.0,0.38,-0.019350384832432573,0.37670077064031093,-0.019350384832432573,0.18,0.1782665645581944,0.9999999081702629,https://edit.nylottery.ny.gov/sites/default/files/2023-09/matchForCash_1587_2.jpg,,,,09/30/2025,728,67.66666666666667,60.666666666666664,40.0,40.666666666666664,,52.25,44.0,5.0,/new-york-statistics-for-each-scratcher-game
34,1,1594,5000,4.82,1282946.43,Top Prize Claimed,,,2023-12-05,,2026-02-28,09/30/2025,https://nylottery.ny.gov/scratch-off-game?game=1594,XTREME MATCH                  ,3728218,315872,14,0,inf,17970010.76,1522503.04,14241792.760000002,1206631.04,inf,,4.82,-2.627252551059224e-08,8.48,7.8426521329645205,0.08113107991366557,0.20746888511878137,0.20746888844246608,3.323684716338704e-09,0.11793934067781804,0.1275078867513151,0.009568546073497067,0.03789028276852288,0.030952252256943903,8.797085310327281,10.768629698647006,11.0,0.3,-0.2799127088836702,0.2970095953833917,-0.2799127088836702,0.05,0.04789123545450074,1.0000000014829447,https://edit.nylottery.ny.gov/sites/default/files/2023-08/XtremeMatch_1594.jpg,,,,09/30/2025,665,54.0,45.0,13.0,42.0,,38.5,12.0,3.0,/new-york-statistics-for-each-scratcher-game
35,10,1595,3000000,3.92,5478700.00,Top Prize Claimed,,,2024-01-02,,2026-05-20,09/30/2025,https://nylottery.ny.gov/scratch-off-game?game=1595,XTREME CASH                   ,5588667,154532,4,0,inf,21907574.64,605765.44,16318907.64,451233.43999999994,inf,,3.92,-7.263537516353406e-07,9.84,7.688764632118028,0.28031946405007424,0.25510222611078553,0.25510204826878596,-1.77841999571271e-07,0.10158394757042748,0.13005990530946054,0.028475957739033067,0.04566827543338925,0.01553571614346212,7.298668201810047,21.448457635516426,12.0,0.3,-0.04642103920312343,0.3040073295750002,-0.04642103920312343,0.03,0.03127446176114565,0.9999999801752337,https://edit.nylottery.ny.gov/sites/default/files/2023-09/XtremeCash_1595.jpg,,,,09/30/2025,637,43.333333333333336,68.66666666666667,14.0,27.333333333333332,,38.333333333333336,10.0,1.0,/new-york-statistics-for-each-scratcher-game
36,5,1596,1000000,4.09,4536400.00,,,,2024-01-02,,,09/30/2025,https://nylottery.ny.gov/scratch-off-game?game=1596,XTREME WINNINGS               ,4434471,626822,4,1,2563701.98,18136986.39,2563701.98,13702515.39,1936879.98,2563701.98,0.0,4.09,-3.8225971955848585e-07,7.18,6.922083091777115,0.03689823761848033,0.24449887096818232,0.24449878276357495,-8.820460736802538e-08,0.13932435958795508,0.14446518291407404,0.005140823326118954,0.03802086323789846,0.02766380074184123,8.766993771517889,12.049034477825698,9.0,0.59,0.029423911071336427,0.5922695353319283,0.029423911071336427,0.14,0.13820396210620692,0.9999999406115883,https://edit.nylottery.ny.gov/sites/default/files/2023-09/XtremeWinnings_1596.jpg,,,,09/30/2025,637,53.666666666666664,50.0,93.0,39.666666666666664,57.75,58.81666666666666,66.0,21.0,/new-york-statistics-for-each-scratcher-game
37,2,1597,25000,4.79,1724425.00,,,,2024-01-02,,,09/30/2025,https://nylottery.ny.gov/scratch-off-game?game=1597,XTREME BUCKS                  ,3596487,761749,10,1,3648777.71,17227172.73,3648777.71,13630685.73,2887028.71,3648777.71,0.0,4.79,-1.9458570964222003e-07,8.01,7.770638762953003,0.0312259768895058,0.20876830784671138,0.20876827606992024,-3.177679114285681e-08,0.12479277303052502,0.12868954927715356,0.0038967762466285416,0.025614217942098012,0.01543161615717938,13.013383409457166,21.5996508640852,9.0,0.39,-0.0359762534272659,0.3875013463415275,-0.0359762534272659,0.19,0.1920387927419526,0.9999999590980118,https://edit.nylottery.ny.gov/sites/default/files/2023-09/XtremeBucks_1597.jpg,,,,09/30/2025,637,72.66666666666667,69.66666666666667,50.0,50.333333333333336,50.416666666666664,58.616666666666674,65.0,10.0,/new-york-statistics-for-each-scratcher-game
38,20,1584,10000 a Week For Life,3.74,8137133.33,Top Prize Claimed,,,2023-09-29,,2026-09-18,09/30/2025,https://nylottery.ny.gov/scratch-off-game?game=1584,"$10,000 A WEEK FOR LIFE       ",6532262,1305873,3,0,inf,24430659.880000003,4883965.0200000005,17898397.880000003,3578092.0200000005,inf,,3.74,-4.09503352202251e-09,6.05,5.971168320568054,0.012670096535464874,0.26737968023931374,0.26737968877548496,8.536171214323929e-09,0.1653760827524358,0.16747141368556615,0.002095330933130357,0.03815660608490593,0.028704321280999624,8.735868769335061,11.612486413030277,7.0,0.39,-0.014985196230034605,0.39381568049730087,-0.014985196230034605,0.18,0.1755020643400753,1.0000000079768963,https://edit.nylottery.ny.gov/sites/default/files/2023-09/10kWFL_1_1584.jpg,,,,09/30/2025,732,53.0,47.666666666666664,54.0,67.33333333333333,,55.5,59.0,3.0,/new-york-statistics-for-each-scratcher-game
39,2,1588,10000,5.02,1717343.75,Top Prize Claimed,,,2023-10-02,,2026-04-15,09/30/2025,https://nylottery.ny.gov/scratch-off-game?game=1588,CASHWORD                      ,8206662,719533,24,0,inf,41197443.239999995,3612055.6599999997,32990781.239999995,2892522.6599999997,inf,,5.02,-1.8272143674165316e-07,12.79,8.185490555900833,0.5629660270450342,0.19920322364969525,0.19920318841147497,-3.5238220286171185e-08,0.07816381533503781,0.12216738791288576,0.04400357257784794,0.04329463893139702,0.020647377003544035,7.699100277746375,16.14317760287667,17.0,0.24,-0.2339934233432044,0.23596969038400578,-0.2339934233432044,0.05,0.03627783293768227,0.9999999829998403,https://edit.nylottery.ny.gov/sites/default/files/2023-09/cashword_1588.jpg,,,,09/30/2025,729,45.333333333333336,60.0,8.0,32.333333333333336,,36.41666666666667,5.0,1.0,/new-york-statistics-for-each-scratcher-game
40,20,1599,5000000,3.66,4558450.00,Top Prize Claimed,,,2024-02-06,,2026-07-30,09/30/2025,https://nylottery.ny.gov/scratch-off-game?game=1599,XTREME MONEY                  ,4975631,1138035,4,0,inf,18210809.46,4165208.1,13235178.46,3027173.1,inf,,3.66,-2.4008404372023794e-08,5.8,5.77726965865816,0.004705748872622949,0.27322405027552044,0.2732240506174108,3.4189034936460416e-10,0.17228143228381393,0.17309214543955737,0.0008107131557434366,0.027854901043552465,0.016478004247581265,11.966649163474438,20.228416732947846,6.0,0.42,-0.01439752864803202,0.4155342302233166,-0.01439752864803202,0.21,0.2111876435280095,1.0000000003710774,https://edit.nylottery.ny.gov/sites/default/files/2023-11/XtremeMoney_1599.jpg,,,,09/30/2025,602,69.66666666666667,67.33333333333333,66.0,70.66666666666667,,68.41666666666667,93.0,9.0,/new-york-statistics-for-each-scratcher-game
41,5,1600,500000,4.02,3047200.00,,,,2024-02-06,,,09/30/2025,https://nylottery.ny.gov/scratch-off-game?game=1600,"$500,000 BLAST                ",2276540,546448,3,1,2196720.96,9151690.799999999,2196720.96,6875150.799999999,1650272.96,2196720.96,0.0,4.02,-4.370149951147771e-07,6.95,6.717655141837464,0.034609520879246174,0.24875632761571798,0.24875624065063393,-8.696508405070524e-08,0.14388178739211188,0.14886146711700243,0.004979679724890551,0.04293511378684621,0.03442364572415882,7.763542894662827,9.682969784741724,9.0,0.4,-0.0035657583630113294,0.4026120761863141,-0.0035657583630113294,0.24,0.24078590560561575,0.9999998895793297,https://edit.nylottery.ny.gov/sites/default/files/2023-11/500kBlast_1600.jpg,,,,09/30/2025,602,46.333333333333336,43.0,59.0,45.333333333333336,45.75,47.88333333333334,34.0,13.0,/new-york-statistics-for-each-scratcher-game
42,10,1603,500,4.17,685.03,,,,2024-03-05,,,09/30/2025,https://nylottery.ny.gov/scratch-off-game?game=1603,SHOW ME $500                  ,4326970,345039,42396,3127,460.12556124080584,18043464.9,1438812.63,13716494.899999999,1093773.63,460.12556124080584,0.0,4.17,-4.378610437723344e-07,8.42,7.7026790272923025,0.09373604813392454,0.2398082584799126,0.2398081654387428,-9.304116979635957e-08,0.1186986208066099,0.12982496043996875,0.01112633963335885,0.04313416698940681,0.018721857290174608,7.727652835578726,17.80264540358384,10.0,0.4,-0.009207576410138267,0.40177243448066874,-0.009207576410138267,0.08,0.07272016245357402,0.9999999663809477,https://edit.nylottery.ny.gov/sites/default/files/2024-01/showMe500_1603.jpg,,,,09/30/2025,574,45.666666666666664,63.666666666666664,58.0,33.0,47.25,49.516666666666666,39.0,7.0,/new-york-statistics-for-each-scratcher-game
43,5,1604,250,4.38,498.06,,,,2024-03-05,,,09/30/2025,https://nylottery.ny.gov/scratch-off-game?game=1604,WIN $250                      ,2087332,164585,18340,1012,712.3342885375494,9142514.16,720882.2999999999,7055182.16,556297.2999999999,712.3342885375494,0.0,4.38,-4.1615670118479145e-07,7.66,6.97393958903211,0.09837395731514992,0.22831059729609007,0.22831050627868876,-9.101740131023384e-08,0.13054841152921004,0.1433909753925452,0.012842563863335155,0.04368044225809489,0.0360457837984553,7.630826553489769,9.246589953390874,11.0,0.35,-0.03698571836912397,0.3518148601296744,-0.03698571836912397,0.07,0.06446700293222074,0.9999999658754876,https://edit.nylottery.ny.gov/sites/default/files/2024-01/win250_1604.jpg,,,,09/30/2025,574,44.666666666666664,42.666666666666664,29.0,29.0,38.416666666666664,36.74999999999999,6.0,5.0,/new-york-statistics-for-each-scratcher-game
44,1,1605,50,10250367.629999999,291.03,,,,2024-03-05,,2025-10-18,09/30/2025,https://nylottery.ny.gov/scratch-off-game?game=1605,FIND $50                      ,2074810,202979,35221,1672,1244383595.1972308,21267565262400.297,2080609371169.7698,21267563187590.297,2080609168190.7698,1244383595.1972308,0.0,10250367.63,-3.69971659624683e-13,23658881.66,21972441.175303742,0.0767525316737881,9.755747658002488e-08,9.755747657999015e-08,-3.4728350837426314e-20,4.2267424735566475e-08,4.5511556591352494e-08,3.244131855786018e-09,2.0838983546713723e-08,1.1049624722062086e-08,200435.54744015698,87686.37857268758,32033007.0,0.0,-0.3259890672001771,1.3559248742664868e-07,-0.3259890672001771,0.08,0.07221420889426582,0.9999999999999614,https://edit.nylottery.ny.gov/sites/default/files/2024-01/find50_1605_0.jpg,,,,09/30/2025,574,74.0,74.0,2.0,46.0,41.416666666666664,47.483333333333334,31.0,7.0,/new-york-statistics-for-each-scratcher-game
45,30,1606,10000000,3.65,6097983.33,,,,2024-04-02,,,09/30/2025,https://nylottery.ny.gov/scratch-off-game?game=1606,"$10,000,000 CASH              ",5010332,2293832,3,2,4186243.4,18287711.8,8372486.8,13277379.8,6078654.8,4186243.4,0.0,3.65,-9.555106137061601e-08,3.65,3.6499998403299423,-5.1805842371099795e-08,0.2739726289181015,0.2739726147247187,-1.419338280239657e-08,0.2739726289181015,0.2739726147247187,-1.419338280239657e-08,0.05108703654649008,0.05108703654649008,6.524793914498397,6.524793914498397,4.0,0.67,0.004164622912842687,0.6716090258815203,0.004164622912842687,0.5,0.49588699893315774,0.9999999562547788,https://edit.nylottery.ny.gov/sites/default/files/2024-01/10milCash_1606.jpg,,,,09/30/2025,546,40.333333333333336,39.666666666666664,107.0,70.33333333333333,65.91666666666667,64.65,85.0,7.0,/new-york-statistics-for-each-scratcher-game
46,5,1607,1000000,4.18,2969166.67,Top Prize Claimed,,,2024-04-02,,2026-01-16,09/30/2025,https://nylottery.ny.gov/scratch-off-game?game=1607,PLATINUM POWER                ,2129874,125532,3,0,inf,8902873.32,524723.76,6772999.32,399191.76,inf,,4.18,-1.448381144312934e-06,7.73,6.817052599177164,0.13426152521673898,0.23923479626393354,0.23923445835967783,-3.379042557150047e-07,0.12932728315701808,0.14669096144581642,0.01736367828879834,0.03894763933182911,0.028027450322003256,8.557915567113225,11.891018298302171,10.0,0.31,-0.09433856476323053,0.30646264791137423,-0.09433856476323053,0.04,0.04250870681284272,0.9999999115389894,https://edit.nylottery.ny.gov/sites/default/files/2024-01/platinumPower_1607.jpg,,,,09/30/2025,546,51.333333333333336,49.333333333333336,15.0,13.333333333333334,,32.25,3.0,3.0,/new-york-statistics-for-each-scratcher-game
47,2,1608,25000,4.88,961600.00,,,,2024-04-02,,,09/30/2025,https://nylottery.ny.gov/scratch-off-game?game=1608,DOUBLE DEUCES                 ,1971726,248659,10,2,606727.96,9622022.879999999,1213455.92,7650296.879999999,964796.9199999999,606727.96,0.0,4.88,-7.5816515852308e-07,8.5,8.001515145215276,0.06281556473031978,0.20491818814871585,0.20491805152804682,-1.3662066902786485e-07,0.11758985706103646,0.12497633033888303,0.00738647327784657,0.02640588461725707,0.015119508473950802,12.62280802134605,22.043166257990706,10.0,0.37,-0.05738073895575312,0.3716388329192265,-0.05738073895575312,0.12,0.11788012675973626,0.9999999037860872,https://edit.nylottery.ny.gov/sites/default/files/2024-01/doubleDeuces_1608.jpg,,,,09/30/2025,546,71.66666666666667,71.0,36.0,30.666666666666668,35.25,48.91666666666667,38.0,5.0,/new-york-statistics-for-each-scratcher-game
48,1,1598,7000,4.96,1273587.50,Top Prize Claimed,,,2024-04-11,,2026-06-23,09/30/2025,https://nylottery.ny.gov/scratch-off-game?game=1598,LUCKY 7S                      ,5131197,568831,20,0,inf,25450737.12,2821401.76,20319540.12,2252570.76,inf,,4.96,-2.693696484506118e-07,11.43,9.129326709233087,0.2519265809481389,0.20161295753421793,0.2016129041764095,-5.3357808421639064e-08,0.08749482969631045,0.10953710299234164,0.022042273296031187,0.040257379028656164,0.022366453809431565,8.27993499223886,14.902371803849324,15.0,0.29,-0.3264948696993698,0.2944455609110509,-0.3264948696993698,0.08,0.07252817306692955,0.9999999670031362,https://edit.nylottery.ny.gov/sites/default/files/2024-03/lucky7s_1_1598.jpg,,,,09/30/2025,537,49.666666666666664,57.0,11.0,35.0,,38.166666666666664,8.0,2.0,/new-york-statistics-for-each-scratcher-game
49,20,1609,2000000,3.82,4571312.50,,,,2024-05-07,,,09/30/2025,https://nylottery.ny.gov/scratch-off-game?game=1609,"$2,000,000 CASHWORD           ",4784874,1649742,4,1,6302014.4399999995,18278218.68,6302014.4399999995,13493344.68,4652272.4399999995,6302014.4399999995,0.0,3.82,-6.981894504079156e-08,7.19,7.05534469375159,0.019760467620593098,0.2617801229892539,0.26178011445098204,-8.538271867308822e-09,0.13899001176449308,0.14173651939155119,0.002746507627058109,0.038413352696883576,0.021019876288724284,8.677492502689951,15.857719333989678,8.0,0.42,-0.0028969479242675544,0.4236905852636951,-0.0028969479242675544,0.34,0.3337159244702642,0.9999999828369882,https://edit.nylottery.ny.gov/sites/default/files/2024-03/2milCashword_1609.jpg,,,,09/30/2025,511,52.333333333333336,59.0,69.0,78.33333333333333,63.583333333333336,64.45,83.0,5.0,/new-york-statistics-for-each-scratcher-game
50,5,1610,500000,4.2,3031866.67,,,,2024-05-07,,,09/30/2025,https://nylottery.ny.gov/scratch-off-game?game=1610,DOUBLE WIN                    ,2166502,470639,3,2,988341.9,9099308.4,1976683.8,6932806.4,1506044.8,988341.9,0.0,4.2,-4.0471824579499513e-07,6.36,6.22559296440811,0.022053812581989234,0.23809533445676417,0.23809524856175876,-8.589500541389405e-08,0.15716126460337848,0.1606272696780898,0.0034660050747113147,0.034207396053741755,0.029664749287546453,9.744279610061398,11.236274868772,8.0,0.47,0.022131953711053816,0.4670298677127288,0.022131953711053816,0.24,0.24127588473368283,0.999999899881547,https://edit.nylottery.ny.gov/sites/default/files/2024-03/doubleWin_1610.jpg,,,,09/30/2025,511,62.333333333333336,45.666666666666664,80.0,46.0,51.416666666666664,57.083333333333336,60.0,18.0,/new-york-statistics-for-each-scratcher-game
51,3,1611,60000,3.8,484066.67,,,,2024-05-07,,,09/30/2025,https://nylottery.ny.gov/scratch-off-game?game=1611,LUCKY LINES                   ,2673342,736678,21,10,279937.64,10158699.6,2799376.4,7485357.6,2062698.4,279937.64,0.0,3.8,-1.4288896627315983e-07,8.29,8.125750088386848,0.019682233139582835,0.26315793233920703,0.26315791027965296,-2.2059554072306753e-08,0.12069011093900926,0.12306556184015295,0.0023754509011436886,0.045522842086354674,0.021391108228575612,7.322258560061491,15.582080008417055,10.0,0.39,0.016432366501956824,0.38545542530430593,0.016432366501956824,0.29,0.287907678241262,0.9999999681137334,https://edit.nylottery.ny.gov/sites/default/files/2024-03/luckyLines_1611.jpg,,,,09/30/2025,511,43.666666666666664,58.333333333333336,47.0,67.0,49.75,53.15,51.0,6.0,/new-york-statistics-for-each-scratcher-game
52,10,1612,3000000,4.01,6011400.00,,,,2024-06-04,,,09/30/2025,https://nylottery.ny.gov/scratch-off-game?game=1612,"$3,000,000 MAX                ",4500026,961780,3,1,3856737.8,18045104.259999998,3856737.8,13545078.259999998,2894957.8,3856737.8,0.0,4.01,-2.0742919047692786e-07,7.28,7.171376021949968,0.014762954863103405,0.2493766103314797,0.2493765621965936,-4.813488610477812e-08,0.13741460721848547,0.13944325286238307,0.0020286456438975975,0.03777500651577528,0.02471900128397665,8.824095766667776,13.484559841262124,9.0,0.62,0.013841169864390235,0.6212575552857247,0.013841169864390235,0.23,0.22856079146234257,0.9999999475323121,https://edit.nylottery.ny.gov/sites/default/files/2024-04/3milMax_1612.jpg,,,,09/30/2025,483,54.666666666666664,54.333333333333336,100.0,51.666666666666664,61.75,64.48333333333333,84.0,13.0,/new-york-statistics-for-each-scratcher-game
53,5,1613,500000,4.11,3028066.67,Top Prize Claimed,,,2024-06-04,,2026-09-23,09/30/2025,https://nylottery.ny.gov/scratch-off-game?game=1613,BIG MONEY X20                 ,2211854,154240,3,0,inf,9090719.940000001,633926.4,6878865.940000001,479686.4,inf,,4.11,-6.309880769276345e-07,7.59,6.739177396110713,0.1266442679117406,0.2433091559582664,0.24330902759176695,-1.2836649945779932e-07,0.1317062243858116,0.14838606275257216,0.01667983836676057,0.03682692560681787,0.02412375211402844,9.050817243383369,13.815354069279758,9.0,0.33,-0.04110809328175199,0.32972933749365063,-0.04110809328175199,0.06,0.053927193302498004,0.9999999604518348,https://edit.nylottery.ny.gov/sites/default/files/2024-04/bigMoneyX20_1613.jpg,,,,09/30/2025,483,58.0,55.666666666666664,22.0,26.666666666666668,,40.58333333333333,17.0,7.0,/new-york-statistics-for-each-scratcher-game
54,1,1614,5000,4.77,679287.50,,,,2024-06-04,,2026-06-20,09/30/2025,https://nylottery.ny.gov/scratch-off-game?game=1614,5 TIMES LUCKY                 ,2848281,300211,20,2,716003.235,13586300.37,1432006.47,10738019.37,1131795.47,716003.235,0.0,4.77,-3.2821080751871436e-07,9.8,9.119405459574727,0.07499975060133285,0.20964367467734074,0.20964361157931152,-6.30980292182226e-08,0.10200585751735677,0.10965627139103361,0.007650413873676834,0.036926148326247195,0.023580788850478793,9.026755450077978,14.134432956377632,13.0,0.36,-0.13285967132088913,0.3559175031389533,-0.13285967132088913,0.09,0.09218334852359787,0.99999996453914,https://edit.nylottery.ny.gov/sites/default/files/2024-04/5timesLucky_1614.jpg,,,,09/30/2025,483,57.333333333333336,56.333333333333336,31.0,39.0,41.083333333333336,44.95,26.0,6.0,/new-york-statistics-for-each-scratcher-game
55,2,1619,20000,5.09,2685375.00,,,,2024-04-18,,,09/30/2025,https://nylottery.ny.gov/scratch-off-game?game=1619,CASHWORD DOUBLER              ,13715612,1172038,26,3,1988557.8066666666,69812465.08,5965673.42,56096853.08,4793635.42,1988557.8066666666,0.0,5.09,-7.04027810945673e-08,11.99,8.301598271768391,0.44377801015666635,0.19646366805555718,0.1964636544491016,-1.3606455573356158e-08,0.0834330007695695,0.12045873183248865,0.03702573106291915,0.031683723443769525,0.012282116572119736,10.520554562590853,27.13825071126791,14.0,0.23,-0.24415625774639155,0.22815808040433994,-0.24415625774639155,0.05,0.044217343602108376,0.9999999935288248,https://edit.nylottery.ny.gov/sites/default/files/2024-04/cashwordDoubler_1619.jpg,,,,09/30/2025,530,66.33333333333333,72.33333333333333,6.0,36.333333333333336,49.75,46.15,28.0,3.0,/new-york-statistics-for-each-scratcher-game
56,5,1615,1000000,4.57,2021700.00,Top Prize Claimed,,,2024-07-02,,2025-12-31,09/30/2025,https://nylottery.ny.gov/scratch-off-game?game=1615,PINK PANTHER DIAMOND 7S       ,1326899,167281,3,0,inf,6063928.430000001,764474.17,4737029.430000001,597193.17,inf,,4.57,-2.2237507395912866e-07,9.16,8.418450842271564,0.08855390880352845,0.21881842940374688,0.21881839626064162,-3.314310526025821e-08,0.10912339726400112,0.11878670063364868,0.00966330336964756,0.03833509622920923,0.024130543652494504,8.694800336548056,13.811464465705619,12.0,0.32,-0.10546594672539107,0.315953191344637,-0.10546594672539107,0.09,0.08148099465240258,0.9999999781505273,https://edit.nylottery.ny.gov/sites/default/files/2024-05/pinkPantherDiamond7s_1615.jpg,,,,09/30/2025,455,52.666666666666664,55.333333333333336,17.0,43.666666666666664,,42.166666666666664,20.0,9.0,/new-york-statistics-for-each-scratcher-game
57,3,1616,60000,4.07,3458266.67,Top Prize Claimed,,,2024-07-02,,2025-12-20,09/30/2025,https://nylottery.ny.gov/scratch-off-game?game=1616,EXTRA! EXTRA! BONUS CASHWORD  ,2551432,191488,3,0,inf,10384328.24,779356.16,7832896.24,587868.16,inf,,4.07,-2.0529766519052658e-07,12.36,7.363920341123686,0.6785787097408003,0.24570029614194283,0.24570025137880852,-4.4763134310343844e-08,0.08090012779782282,0.13579723213673528,0.054897104338912456,0.043503336996145066,0.014919158893123851,7.661940871694425,22.33472116667816,15.0,0.21,-0.1522681793678542,0.2089567112675936,-0.1522681793678542,0.04,0.03418300170002484,0.9999999852172692,https://edit.nylottery.ny.gov/sites/default/files/2024-05/extraExtraBonusCashword_1616.jpg,,,,09/30/2025,455,45.0,71.33333333333333,5.0,31.666666666666668,,38.25,9.0,1.0,/new-york-statistics-for-each-scratcher-game
58,2,1617,21000,4.91,2470562.50,,,,2024-07-02,,,09/30/2025,https://nylottery.ny.gov/scratch-off-game?game=1617,TRIPLE 7-11-21                ,2013844,290735,4,1,1427508.85,9887974.040000001,1427508.85,7874130.040000001,1136773.85,1427508.85,0.0,4.91,-5.954428933625576e-07,8.87,8.64207990798538,0.026932522300484527,0.203666109051578,0.20366598860393442,-1.2044764358121185e-07,0.11267817763543181,0.11571288516737605,0.0030347075319442363,0.026345164240105842,0.014086543586185645,12.651992773310308,23.659764390686608,10.0,0.38,-0.04586926831297223,0.38270328432485146,-0.04586926831297223,0.14,0.13566858531088336,0.9999999002152752,https://edit.nylottery.ny.gov/sites/default/files/2024-05/triple7-11-21_1617.jpg,,,,09/30/2025,455,72.0,71.66666666666667,45.0,32.666666666666664,35.75,51.41666666666667,43.0,7.0,/new-york-statistics-for-each-scratcher-game
59,2,1624,1000 a Week for Life,3.97,4809700.00 	,,,,2024-08-30,,,09/30/2025,https://nylottery.ny.gov/scratch-off-game?game=1624,WIN FOR LIFE                  ,12114208,8698280,10,7,4933167.371428572,48093405.760000005,34532171.6,35979197.760000005,25833891.6,4933167.371428572,0.0,3.97,-1.73751019729231e-08,12.33,11.96472112530572,0.030738222539003494,0.2518891731423431,0.25188917274624245,-3.961006522779087e-10,0.08108659024073522,0.08357904789648393,0.002492457655748709,0.031730623794303636,0.009923261386482604,10.505085967451723,33.590703861854884,14.0,0.6,-0.015470945302165353,0.6030678030639892,-0.015470945302165353,0.7,0.6956579453462648,0.9999999959957541,https://edit.nylottery.ny.gov/sites/default/files/2024-05/winForLife_1624.jpg,,,,09/30/2025,396,66.0,73.0,98.0,94.0,77.91666666666667,81.78333333333333,111.0,18.0,/new-york-statistics-for-each-scratcher-game
60,1,1618,500,4.7,47982.90,,,,2024-07-16,,,09/30/2025,https://nylottery.ny.gov/scratch-off-game?game=1618,LOOSE CHANGE                  ,23873414,5264166,2338,463,53437.53822894168,112205045.8,24741580.2,88331631.8,19477414.2,53437.53822894168,0.0,4.7,-8.083558030984642e-09,10.85,10.446811547434677,0.03870689208070271,0.2127659591667145,0.21276595896378814,-2.029263701519568e-10,0.09215591728579986,0.09572298643077948,0.0035670691449796177,0.04215808975886296,0.019747463835303125,7.906734735277869,16.8796797610953,14.0,0.4,-0.07421283188958451,0.3979418452661471,-0.07421283188958451,0.21,0.20286284634193213,0.9999999997302028,https://edit.nylottery.ny.gov/sites/default/files/2024-05/looseChange_1552.jpg,,,,09/30/2025,441,47.0,61.0,56.0,68.0,66.08333333333333,59.61666666666666,69.0,11.0,/new-york-statistics-for-each-scratcher-game
61,20,1621,200,8.0,50.04,,,,2024-08-06,,2026-08-14,09/30/2025,https://nylottery.ny.gov/scratch-off-game?game=1621,WIN $100 OR $200              ,772523,15640,123505,1951,64.13121476166069,6180184.0,125120.0,5407661.0,109480.0,64.13121476166069,0.0,8.0,0.0,8.0,8.0,0.0,0.125,0.125,0.0,0.125,0.125,0.0,0.06633647216726099,0.06633647216726099,5.023273955440429,5.023273955440429,17.0,0.58,-0.0018298277043471418,0.5779651534526854,-0.0018298277043471418,0.02,0.01844439811944988,1.0,https://edit.nylottery.ny.gov/sites/default/files/2024-06/win100or200_1621.jpg,,,,09/30/2025,420,38.0,38.0,92.0,31.5,72.16666666666667,54.333333333333336,54.0,2.0,/new-york-statistics-for-each-scratcher-game
62,5,1622,500000,4.23,3046833.33,Top Prize Claimed,,,2024-08-06,,2026-05-05,09/30/2025,https://nylottery.ny.gov/scratch-off-game?game=1622,25X THE GOLD                  ,2161653,262939,3,0,inf,9143792.190000001,1112231.9700000002,6982139.190000001,849292.9700000002,inf,,4.23,-8.721202288316859e-07,7.57,7.330039657186192,0.033025931811176946,0.23640682556051756,0.23640662429766557,-2.012628519953985e-07,0.13206339330588698,0.13642490992795986,0.004361516622072875,0.039652078508037564,0.028586842324430796,8.406184219780105,11.659450532794331,10.0,0.42,-0.000352696680254711,0.4217172511825331,-0.000352696680254711,0.12,0.11917752507597104,0.9999998821040151,https://edit.nylottery.ny.gov/sites/default/files/2024-06/25XtheGold_1622.jpg,,,,09/30/2025,420,50.666666666666664,48.0,67.0,29.333333333333332,,48.75,37.0,14.0,/new-york-statistics-for-each-scratcher-game
63,1,1623,4000,4.84,1033600.00,Top Prize Claimed,,,2024-08-06,,2026-03-07,09/30/2025,https://nylottery.ny.gov/scratch-off-game?game=1623,DOUBLE DOUBLER                ,2135415,232960,10,0,inf,10335408.6,1127526.4,8199993.6,894566.3999999999,inf,,4.84,-3.5475887737088305e-07,9.79,9.04030320338611,0.08256352945289891,0.20661164354524864,0.20661158224232656,-6.130292207195964e-08,0.10217946193701963,0.11061575895213813,0.008436297015118499,0.033871667186804996,0.020790196296612426,9.84065091609901,16.030967033912102,12.0,0.33,-0.20453528993650896,0.3290567135480689,-0.20453528993650896,0.08,0.07745876711566653,0.999999963667663,https://edit.nylottery.ny.gov/sites/default/files/2024-06/doubleDoubler_1623.jpg,,,,09/30/2025,420,63.0,59.333333333333336,21.0,34.333333333333336,,44.41666666666667,25.0,5.0,/new-york-statistics-for-each-scratcher-game
64,1,1628,5555,4.69,528431.58,,,,2024-09-05,,,09/30/2025,https://nylottery.ny.gov/scratch-off-game?game=1628,INSTANT TAKE 5                ,28384785,6409651,95,36,835035.0886111112,133124641.65,30061263.19,104739856.65,23651612.19,835035.0886111112,0.0,4.69,-6.320426484956642e-09,28.66,27.220039933056412,0.053040923159678795,0.2132196175523297,0.21321961724576594,-3.065637743659977e-10,0.03488719020222138,0.0367376389769945,0.0018504487747731252,0.0422403229928876,0.006680062954078012,7.891344083727973,49.89735521352529,35.0,0.15,-0.025610641359484022,0.14938607203562937,-0.025610641359484022,0.24,0.24926331552345846,0.9999999995806309,https://edit.nylottery.ny.gov/sites/default/files/2024-06/instantTake5_1574_1.jpg,,,,09/30/2025,390,46.666666666666664,73.33333333333333,3.0,73.33333333333333,46.416666666666664,48.55,36.0,9.0,/new-york-statistics-for-each-scratcher-game
65,5,1632,300000,5.14,4626530.00,,,,2024-08-21,,,09/30/2025,https://nylottery.ny.gov/scratch-off-game?game=1632,DOUBLE TRIPLE CASHWORD        ,9004236,4211049,10,6,3607465.31,46281773.04,21644791.86,37277537.04,17433742.86,3607465.31,0.0,5.14,-3.9732421762552316e-08,7.02,6.9170343379935835,0.014586223139835439,0.19455253691292285,0.19455252935102552,-7.561897330532474e-09,0.14249220516843983,0.14457062826871392,0.0020784231002740905,0.01963464400552563,0.017452671531034813,16.97672692285451,19.09915445075076,8.0,0.44,-0.0036249720890045986,0.43898100009374075,-0.0036249720890045986,0.46,0.4625710237175616,0.9999999658524314,https://edit.nylottery.ny.gov/sites/default/files/2024-07/doubleTripleCashword_1632.jpg,,,,09/30/2025,405,73.66666666666667,66.0,75.0,73.66666666666667,66.08333333333333,70.88333333333334,95.0,27.0,/new-york-statistics-for-each-scratcher-game
66,10,1633,1000000,4.32,4559550.00,Top Prize Claimed,,,2024-08-08,,2026-06-12,09/30/2025,https://nylottery.ny.gov/scratch-off-game?game=1633,"$1,000,000 CASHWORD BONUS     ",4222449,692461,4,0,inf,18240979.68,2991431.52,14018530.68,2298970.52,inf,,4.32,-1.7382981926311807e-07,7.92,7.604336824025746,0.04106975233583919,0.23148152171987252,0.2314814901108104,-3.160906211774339e-08,0.12631613431832459,0.13150390667079875,0.005187772352474168,0.033351063434833496,0.019260910405438786,9.99453954037579,17.305416016032872,9.0,0.38,-0.018251108920950516,0.3775377068700565,-0.018251108920950516,0.14,0.13974280596522187,0.9999999732134145,https://edit.nylottery.ny.gov/sites/default/files/2024-07/1milCashwordBonus_1633_1.jpg,,,,09/30/2025,418,63.666666666666664,62.666666666666664,42.0,51.0,,54.83333333333333,57.0,10.0,/new-york-statistics-for-each-scratcher-game
67,2,1627,25000,4.81,1231281.25,,,,2024-09-03,,,09/30/2025,https://nylottery.ny.gov/scratch-off-game?game=1627,CASH DROP                     ,2045865,410147,8,2,986403.5349999999,9840610.649999999,1972807.0699999998,7794745.6499999985,1562660.0699999998,986403.5349999999,0.0,4.81,-3.548243556214716e-08,8.07,7.823587449008716,0.031655770890615775,0.2079002152770139,0.20790022163260205,6.355588139106416e-09,0.12389655957222374,0.1278186006761776,0.003922041103953847,0.02733022362094582,0.01834700547606513,12.196146871814536,18.16691877183995,9.0,0.39,-0.03080041738062796,0.39181658418689713,-0.03080041738062796,0.19,0.1908800267953919,1.0000000076653486,https://edit.nylottery.ny.gov/sites/default/files/2024-07/cashDrop_1627.jpg,,,,09/30/2025,392,71.0,64.33333333333333,51.0,68.66666666666667,65.91666666666667,64.18333333333334,81.0,14.0,/new-york-statistics-for-each-scratcher-game
68,10,1625,3000000,3.93,4942225.00,Top Prize Claimed,,,2024-09-03,,2026-05-27,09/30/2025,https://nylottery.ny.gov/scratch-off-game?game=1625,"$3,000,000 GRANDE             ",2514425,871552,2,0,inf,9881690.25,3425199.3600000003,7367265.25,2553647.3600000003,inf,,3.93,-1.0510337129883004e-07,7.88,7.72810633557238,0.019790603531367242,0.2544529529525146,0.25445293264613644,-2.0306378134549163e-08,0.12688664220677398,0.12939780543611468,0.002511163229340696,0.04034886435837412,0.019573040305430993,8.261203358714372,17.029560406072967,9.0,0.38,-0.03364337814150172,0.37593582153912813,-0.03364337814150172,0.31,0.30385153619564714,0.9999999576635666,https://edit.nylottery.ny.gov/sites/default/files/2024-07/3milGrande_1625.jpg,,,,09/30/2025,392,49.333333333333336,61.666666666666664,37.0,63.666666666666664,,52.916666666666664,49.0,9.0,/new-york-statistics-for-each-scratcher-game
69,5,1626,1000000,4.01,3705900.00,Top Prize Claimed,,,2024-09-03,,2026-05-27,09/30/2025,https://nylottery.ny.gov/scratch-off-game?game=1626,"$1,000,000 GRANDE             ",1846219,153492,2,0,inf,7403338.1899999995,615502.9199999999,5557119.1899999995,462010.9199999999,inf,,4.01,-1.494712648914721e-06,7.53,6.6984530835635265,0.12452498216763538,0.24937693135034492,0.249376565003516,-3.6634682892833226e-07,0.13275667666392635,0.14928819945813632,0.01653152279420997,0.04430907065971922,0.032268378104305405,7.522545427282053,10.328724845867317,10.0,0.32,-0.08104243825412848,0.31891366721797815,-0.08104243825412848,0.07,0.0662714063347084,0.9999998667905835,https://edit.nylottery.ny.gov/sites/default/files/2024-07/1milGrande_1626.jpg,,,,09/30/2025,392,44.0,43.666666666666664,18.0,15.666666666666666,,30.333333333333332,2.0,2.0,/new-york-statistics-for-each-scratcher-game
70,30,1629,500,6.25,99.99,,,,2024-10-01,,,09/30/2025,https://nylottery.ny.gov/scratch-off-game?game=1629,"$100, $200 0R $500            ",988630,22024,61795,1109,124.12082957619477,6178937.5,137650.0,5190307.5,115626.0,124.12082957619477,0.0,6.25,0.0,6.25,6.249999494249618,8.09200676709812e-08,0.16,0.16000001294721083,1.2947210831226741e-08,0.16,0.16000001294721083,1.2947210831226741e-08,0.06975081081830072,0.06975081081830072,4.777880230868267,4.777880230868267,11.0,0.54,-0.001835610261582919,0.541707228478024,-0.001835610261582919,0.02,0.02041190745248065,1.0000000018437538,https://edit.nylottery.ny.gov/sites/default/files/2024-08/100_200or500_1629.jpg,,,,09/30/2025,364,37.666666666666664,37.666666666666664,88.0,34.333333333333336,74.5,54.43333333333332,55.0,3.0,/new-york-statistics-for-each-scratcher-game
71,5,1630,500000,4.6,2057866.67,,,,2024-10-01,,2026-08-14,09/30/2025,https://nylottery.ny.gov/scratch-off-game?game=1630,MONEY RUSH                    ,1343500,90292,3,1,415343.19999999995,6180099.999999999,415343.19999999995,4836599.999999999,325051.19999999995,415343.19999999995,0.0,4.6,-4.815294916428037e-07,4.6,4.599999255675474,-3.197198639048223e-07,0.21739140902820078,0.21739133952384906,-6.950435171848568e-08,0.21739140902820078,0.21739133952384906,-6.950435171848568e-08,0.0649038839394908,0.0649038839394908,5.13550737206203,5.13550737206203,7.0,0.6,0.07178459720378018,0.5997789778568556,0.07178459720378018,0.09,0.08606741515759396,0.9999999769646016,https://edit.nylottery.ny.gov/sites/default/files/2024-08/moneyRush_1630.jpg,,,,09/30/2025,364,38.333333333333336,38.333333333333336,96.0,43.0,46.583333333333336,52.45,45.5,15.0,/new-york-statistics-for-each-scratcher-game
72,3,1631,60000,4.12,2594450.00,,,,2024-10-01,,,09/30/2025,https://nylottery.ny.gov/scratch-off-game?game=1631,MULTIPLY YOUR NUMBERS         ,2520220,167821,4,1,691422.52,10383306.4,691422.52,7863086.4,523601.52,691422.52,0.0,4.12,-7.520726979693076e-07,7.72,7.003935255137282,0.10175078244177423,0.242718629143996,0.2427184559522757,-1.731917202985045e-07,0.12959090107054735,0.14277687665181013,0.013185975581262777,0.03279859171671089,0.017171125372331116,10.16242255669801,19.408228900911904,9.0,0.35,-0.032566901105873416,0.3508084305484446,-0.032566901105873416,0.07,0.0748994262392934,0.9999999490951325,https://edit.nylottery.ny.gov/sites/default/files/2024-08/multiplyYourNumbers_1631.jpg,,,,09/30/2025,364,64.33333333333333,66.33333333333333,28.0,27.333333333333332,34.25,44.05,24.0,3.0,/new-york-statistics-for-each-scratcher-game
73,5,1635,500000,3.95,2470300.00,,,,2024-11-05,,2026-03-07,09/30/2025,https://nylottery.ny.gov/scratch-off-game?game=1635,HOLIDAY RICHES                ,1249489,143955,2,1,568622.25,4935481.55,568622.25,3685992.55,424667.25,568622.25,0.0,3.95,-4.396591937773803e-07,7.31,6.533504277803739,0.1186306574375672,0.2531646682681993,0.25316458517417045,-8.309402882433758e-08,0.13682551853428113,0.15305721975223893,0.016231701217957806,0.043054181007433676,0.031545878784496516,7.741766285567161,10.565185720128268,9.0,0.47,0.0294770477816931,0.46590529385074797,0.0294770477816931,0.13,0.1259466586380849,0.9999999572612955,https://edit.nylottery.ny.gov/sites/default/files/2024-09/holidayRiches_1635.jpg,,,,09/30/2025,329,46.0,44.666666666666664,79.0,40.0,55.916666666666664,53.11666666666666,50.0,16.0,/new-york-statistics-for-each-scratcher-game
74,2,1636,25000,4.79,1812125.00,Top Prize Claimed,,,2024-11-05,,2025-12-27,09/30/2025,https://nylottery.ny.gov/scratch-off-game?game=1636,SNOW MUCH FUN MULTIPLIER      ,1512357,551851,4,0,inf,7244190.03,2643366.29,5731833.03,2091515.29,inf,,4.79,-1.0970859442431474e-07,7.86,7.769209897224758,0.01122615761726111,0.2087682901270577,0.20876826808794358,-2.2039114117022862e-08,0.12728430342222757,0.12871321707464878,0.0014289136524212043,0.028049463357730866,0.01936358564563167,11.88351274712226,17.213561877612502,9.0,0.39,-0.030380501564489445,0.39210423376861164,-0.030380501564489445,0.31,0.3048112315769986,0.9999999393471343,https://edit.nylottery.ny.gov/sites/default/files/2024-09/snowMuchFunMultiplier_1636_1.jpg,,,,09/30/2025,329,69.0,62.333333333333336,53.0,60.333333333333336,,61.16666666666667,72.0,13.0,/new-york-statistics-for-each-scratcher-game
75,10,1639,5000 a Week for Life,3.95,8018625.00,,,,2025-01-09,,,09/30/2025,https://nylottery.ny.gov/scratch-off-game?game=1639,SET FOR LIFE                  ,12184927,7845723,6,5,6198121.17,48130461.65,30990605.85,35945534.65,23144882.85,6198121.17,0.0,3.95,-2.7427666439023918e-08,6.23,6.203122410288862,0.0037521670634919103,0.25316456390573855,0.25316456038100277,-3.524735781024191e-09,0.1606065128447799,0.16120913531245837,0.0006026224676784764,0.031563825251656866,0.022712906349940918,10.560598469867715,14.675900359942126,7.0,0.63,0.007798180114399432,0.6294088321283177,0.007798180114399432,0.66,0.6616901707555144,0.9999999748263297,https://edit.nylottery.ny.gov/sites/default/files/2024-09/setForLife_1639_0.jpg,,,,09/30/2025,264,67.0,56.666666666666664,101.0,86.0,72.91666666666667,76.71666666666667,107.0,17.0,/new-york-statistics-for-each-scratcher-game
76,10,1634,1000000,3.55,2422250.00,Top Prize Claimed,,,2024-11-05,,2026-01-13,09/30/2025,https://nylottery.ny.gov/scratch-off-game?game=1634,"$1,000,000 HOLIDAY CASH       ",1365869,298260,2,0,inf,4848834.95,1058823.0,3482965.95,760563.0,inf,,3.55,0.0,8.54,8.207887221901538,0.04052942489566272,0.28169014084507044,0.28169019603475803,5.5189687597767545e-08,0.11708850298869594,0.12183403267672187,0.004745529688025926,0.055242331105982714,0.025136484921234513,6.033897976730734,13.25951833007275,11.0,0.36,-0.02840033932759644,0.35962762425825656,-0.02840033932759644,0.17,0.16204019872764094,1.0000000547355012,https://edit.nylottery.ny.gov/sites/default/files/2024-09/1milHolidayCash_1634.jpg,,,,09/30/2025,329,39.333333333333336,52.666666666666664,33.0,68.33333333333333,,48.33333333333333,35.0,6.0,/new-york-statistics-for-each-scratcher-game
77,1,1638,5000,4.8,1504937.50,,,,2024-12-03,,,09/30/2025,https://nylottery.ny.gov/scratch-off-game?game=1638,BONUS 5X                      ,3765880,938208,12,3,1501132.7999999998,18076224.0,4503398.399999999,14310344.0,3565190.3999999994,1501132.7999999998,0.0,4.8,-8.882181064725123e-08,8.1,7.787816930838528,0.04009180987396102,0.20833335183787888,0.20833333333333334,-1.8504545534758776e-08,0.12345611025274693,0.1284056891527788,0.0049495789000318785,0.036646584245418425,0.030678558295371233,9.095802748719436,10.865139617167085,11.0,0.39,-0.10748943336723117,0.38599275480426115,-0.10748943336723117,0.22,0.21842984270543603,0.9999999705293504,https://edit.nylottery.ny.gov/sites/default/files/2024-09/bonus5X_1638.jpg,,,,09/30/2025,301,59.0,45.333333333333336,49.0,60.333333333333336,56.75,54.083333333333336,52.0,10.0,/new-york-statistics-for-each-scratcher-game
78,10,1640,3000000,3.92,5620862.50,,,,2025-01-07,,,09/30/2025,https://nylottery.ny.gov/scratch-off-game?game=1640,BONUS 50X                     ,5740038,2950584,4,2,5783144.64,22500948.96,11566289.28,16760910.96,8615705.28,5783144.64,0.0,3.92,-2.4208282657390176e-08,7.74,7.680857106575766,0.008033665862219947,0.25510204699190897,0.2551020517002217,4.708312739687415e-09,0.12915620559022864,0.13019380338997272,0.0010375977997440777,0.0386031556232196,0.019112661837872254,8.634847396697781,17.440241689882924,9.0,0.56,-0.0014057075357719185,0.5571597770036699,-0.0014057075357719185,0.54,0.536848564895957,1.000000019522712,https://edit.nylottery.ny.gov/sites/default/files/2024-09/bonus50X_1640.jpg,,,,09/30/2025,266,51.666666666666664,63.0,89.0,94.0,73.25,74.18333333333332,100.0,16.0,/new-york-statistics-for-each-scratcher-game
79,5,1641,1000000,4.1,3397625.00,,,,2025-01-07,,,09/30/2025,https://nylottery.ny.gov/scratch-off-game?game=1641,BONUS 20X                     ,3316958,1007094,4,1,4129085.3999999994,13599527.799999999,4129085.3999999994,10282569.799999999,3121991.3999999994,4129085.3999999994,0.0,4.1,-9.687375303019785e-08,7.11,6.945642836494902,0.02398658283314444,0.24390246265213722,0.24390245337209154,-9.280045676351989e-09,0.14060257902174453,0.14397515443000333,0.0033725754082588044,0.03711217666677939,0.026943148950771458,8.981697934778229,12.371465219715853,9.0,0.51,-0.015610705942553111,0.5084804502692485,-0.015610705942553111,0.29,0.2841627870293146,0.9999999834111027,https://edit.nylottery.ny.gov/sites/default/files/2024-09/bonus20X_1641.jpg,,,,09/30/2025,266,56.666666666666664,51.0,87.0,73.33333333333333,68.08333333333333,67.21666666666667,90.0,25.0,/new-york-statistics-for-each-scratcher-game
80,2,1642,25000,4.79,1187875.00,,,,2025-01-07,,,09/30/2025,https://nylottery.ny.gov/scratch-off-game?game=1642,BONUS 10X                     ,2477436,741786,10,3,1184384.98,11866918.44,3553154.94,9389482.44,2811368.94,1184384.98,0.0,4.79,-2.6455361955856415e-07,7.93,7.77117983657293,0.01984714217852301,0.2087683224537974,0.20876827496406397,-4.748973342350027e-08,0.12617634923788837,0.1286805891807797,0.0025042399428913398,0.025285419020441454,0.015479485377645237,13.182593859951881,21.532842683061055,9.0,0.4,-0.01979780314232194,0.4045114565819551,-0.01979780314232194,0.29,0.28612913856193545,0.9999999027809064,https://edit.nylottery.ny.gov/sites/default/files/2024-09/bonus10X_1642.jpg,,,,09/30/2025,266,73.0,69.0,60.0,53.666666666666664,48.583333333333336,60.85,71.0,12.0,/new-york-statistics-for-each-scratcher-game
81,20,1643,5000000,3.66,4473037.50,,,,2025-02-04,,,09/30/2025,https://nylottery.ny.gov/scratch-off-game?game=1643,BONUS 100X                    ,4885828,2793968,4,3,3408640.9600000004,17882130.48,10225922.88,12996302.48,7431954.880000001,3408640.9600000004,0.0,3.66,-8.605580255679897e-08,5.79,5.77487267244322,0.0019183669419870738,0.27322406722836334,0.273224051049847,-1.6178516359932615e-08,0.17283243506062337,0.1731639910905468,0.00033155602992343547,0.027735968240581336,0.01648917638520134,12.018037251646177,20.215049733604793,6.0,0.64,0.004389097092781949,0.6391687712853668,0.004389097092781949,0.58,0.5854970950986064,0.9999999209123775,https://edit.nylottery.ny.gov/sites/default/files/2024-09/bonus100X_1643.jpg,,,,09/30/2025,238,70.0,66.66666666666667,103.0,69.0,67.75,75.28333333333333,103.0,11.0,/new-york-statistics-for-each-scratcher-game
82,3,1645,60000,4.12,3396925.00,Top Prize Claimed,,,2025-02-04,,2026-09-11,09/30/2025,https://nylottery.ny.gov/scratch-off-game?game=1645,BONUS 15X CASHWORD            ,3301068,920533,4,0,inf,13600400.16,3792595.96,10299332.16,2872062.96,inf,,4.12,-2.531247752933386e-07,7.91,7.529178862009157,0.051055928289069956,0.24271850804000955,0.2427184494573689,-5.858264065516927e-08,0.1263649295535115,0.13281660833504896,0.006451678781537462,0.02923360557423666,0.015450568000992856,11.402261128032356,21.573208732727977,9.0,0.35,-0.028454261321573412,0.35363623060200206,-0.028454261321573412,0.25,0.2440560690085477,0.999999906667951,https://edit.nylottery.ny.gov/sites/default/files/2025-01/bonus15Xcashword_1645_final.jpg,,,,09/30/2025,238,68.66666666666667,69.33333333333333,30.0,49.0,,54.25,53.0,7.0,/new-york-statistics-for-each-scratcher-game
83,5,1637,500000,4.02,2058466.67,Top Prize Claimed,,,2024-12-03,,2026-03-28,09/30/2025,https://nylottery.ny.gov/scratch-off-game?game=1637,"$500,000 YEAR OF THE SNAKE    ",1535267,483168,3,0,inf,6171773.339999999,1942335.3599999999,4636506.339999999,1459167.3599999999,inf,,4.02,-1.8534389435050666e-07,6.9,6.724851703502892,0.025308546169299062,0.24875626501092757,0.24875623260933286,-3.240159471284976e-08,0.14503162430785627,0.14870216386766008,0.003670539559803815,0.04143242227946046,0.033215898575995176,8.045095235922737,10.034997494928156,9.0,0.35,-0.03184753227231375,0.3450388321273107,-0.03184753227231375,0.27,0.26110358708209563,0.9999999401817246,https://edit.nylottery.ny.gov/sites/default/files/2024-10/yearOfTheSnake_1637.jpg,,,,09/30/2025,301,47.666666666666664,43.333333333333336,25.0,56.0,,43.0,23.0,11.0,/new-york-statistics-for-each-scratcher-game
84,5,1644,500000,4.13,2058700.00,Top Prize Claimed,,,2025-02-04,,2026-07-01,09/30/2025,https://nylottery.ny.gov/scratch-off-game?game=1644,LUCKY CASH                    ,1495627,430345,3,0,inf,6176939.51,1777324.8499999999,4681312.51,1346979.8499999999,inf,,4.13,-4.782468439024778e-07,7.23,7.03517393918962,0.027577265782304693,0.24213086640364953,0.24213077059689272,-9.580675680576078e-08,0.13832818326877935,0.14214289634396585,0.0038147130751864933,0.04085852213394561,0.03159594880127445,8.158078092471449,10.54942303931992,9.0,0.35,-0.031972301720123594,0.3495896077473775,-0.031972301720123594,0.25,0.2448826423749374,0.9999998401553571,https://edit.nylottery.ny.gov/sites/default/files/2024-10/luckyCash_1644.jpg,,,,09/30/2025,238,48.0,44.333333333333336,27.0,46.666666666666664,,41.5,18.0,8.0,/new-york-statistics-for-each-scratcher-game
85,10,1646,100,8.33,49.98,,,,2025-03-04,,,09/30/2025,https://nylottery.ny.gov/scratch-off-game?game=1646,$50 OR $100                   ,741594,15561,123659,2108,61.491048387096775,6177478.0200000005,129623.13,5435884.0200000005,114062.13,61.491048387096775,0.0,8.33,-1.0029074287063196e-06,8.33,8.329999973031066,-9.996698648656428e-07,0.12004813960485408,0.1200480195963466,-1.2000850747873049e-07,0.12004813960485408,0.1200480195963466,-1.2000850747873049e-07,0.06188814047322915,0.06188814047322915,5.384197933283032,5.384197933283032,17.0,0.56,-0.003235567056029679,0.5615052884133218,-0.003235567056029679,0.02,0.0194088885753274,0.9999999785741661,https://edit.nylottery.ny.gov/sites/default/files/2024-11/50or100_1646.jpg,,,,09/30/2025,210,38.666666666666664,38.666666666666664,90.0,24.666666666666668,40.083333333333336,46.416666666666664,29.0,4.0,/new-york-statistics-for-each-scratcher-game
86,5,1647,300000,4.28,2459900.00,,,,2025-03-04,,,09/30/2025,https://nylottery.ny.gov/scratch-off-game?game=1647,BINGO MULTIPLIER              ,2301557,597528,4,1,2557419.8400000003,9850663.96,2557419.8400000003,7549106.960000001,1959891.8400000003,2557419.8400000003,0.0,4.28,-3.2845604263419607e-07,6.52,6.504483499533161,0.0017704587229385145,0.23364493655517535,0.2336448825830302,-5.3972145142022754e-08,0.1534683991946568,0.1537401086607064,0.00027170946604959667,0.03023928924197227,0.025536590510058726,11.022983425689425,13.052731044889969,8.0,0.43,0.0003771455939775852,0.4260103643556257,0.0003771455939775852,0.27,0.2716176645469129,0.9999999189982223,https://edit.nylottery.ny.gov/sites/default/files/2024-11/bingoMultiplier_1647.jpg,,,,09/30/2025,210,68.0,52.333333333333336,70.0,53.666666666666664,45.583333333333336,57.916666666666664,62.0,20.0,/new-york-statistics-for-each-scratcher-game
87,1,1648,3000,4.89,674100.00,,,,2025-03-04,,,09/30/2025,https://nylottery.ny.gov/scratch-off-game?game=1648,3-2-WON!                      ,2756643,1169870,20,9,635629.3666666667,13479984.27,5720664.3,10723341.27,4550794.3,635629.3666666667,0.0,4.89,-5.244146203403758e-08,9.5,9.57043328981195,-0.007774436444208268,0.2044989882293384,0.20449898160116511,-6.62817328800358e-09,0.10530718112442891,0.10448847713765833,-0.0008187039867705859,0.030237481396911122,0.01764659565644666,11.02374195594077,18.888792395167577,11.0,0.39,-0.05801082556735215,0.39208682768294034,-0.05801082556735215,0.4,0.40013562259864144,0.999999976103985,https://edit.nylottery.ny.gov/sites/default/files/2024-12/3-2-won_ticket.jpg,,,,09/30/2025,210,68.33333333333333,65.66666666666667,52.0,77.66666666666667,50.25,62.78333333333334,76.0,13.0,/new-york-statistics-for-each-scratcher-game
88,2,1649,10000,5.02,1705302.08,,,,2025-03-28,,,09/30/2025,https://nylottery.ny.gov/scratch-off-game?game=1649,CASHWORD                      ,8149165,6253841,24,17,1846722.4599999997,40908808.3,31394281.819999997,32759643.299999997,25140440.819999997,1846722.4599999997,0.0,5.02,-2.6119406062532175e-08,8.27,8.185410656070475,0.01079708579116461,0.19920319245406512,0.1992031887118295,-3.742235632486768e-09,0.12086360569939474,0.1221685804191606,0.0013049747197658584,0.03430876325499047,0.028797939870828012,9.715675642540994,11.574866743863057,11.0,0.44,-0.007120836355653205,0.43728032822283774,-0.007120836355653205,0.76,0.7523630993545988,0.9999999380133479,https://edit.nylottery.ny.gov/sites/default/files/2025-01/cashword_1649v2.jpg,,,,09/30/2025,186,61.333333333333336,47.0,74.0,76.0,65.75,64.81666666666668,86.0,15.0,/new-york-statistics-for-each-scratcher-game
89,2,1652,21000,4.8,967075.00,,,,2025-04-01,,,09/30/2025,https://nylottery.ny.gov/scratch-off-game?game=1652,BLACKJACK DOUBLER             ,2014352,556083,10,1,2669198.4,9668889.6,2669198.4,7654537.6,2113115.4,2669198.4,0.0,4.8,-1.4985772511799667e-07,8.03,7.7931043654459025,0.030957121135164405,0.20833336455369741,0.20833334626139569,-1.8292301728894955e-08,0.12446547614676769,0.1283185689689891,0.0038530928222214184,0.02767800928691848,0.018328611674049058,12.042994528071848,18.185506517134204,9.0,0.38,-0.0435610558721368,0.38083986276027476,-0.0435610558721368,0.25,0.24396290562507034,0.9999999665179926,https://edit.nylottery.ny.gov/sites/default/files/2025-02/blackjackDoubler_1652.jpg,,,,09/30/2025,182,70.33333333333333,64.66666666666667,44.0,60.666666666666664,52.083333333333336,58.35,64.0,9.0,/new-york-statistics-for-each-scratcher-game
90,5,1651,1000000,4.44,1976400.00,,,,2025-04-01,,,09/30/2025,https://nylottery.ny.gov/scratch-off-game?game=1651,NEW YORK MILLIONAIRE          ,1780065,252683,4,2,560956.26,7903488.600000001,1121912.52,6123423.600000001,869229.52,560956.26,0.0,4.44,-4.634942481870182e-07,7.97,7.396384483431456,0.07700932932760493,0.22522532961587005,0.22522524232338936,-8.729248068828355e-08,0.12553390996798322,0.13520119218248955,0.009667282214506329,0.0377200180736168,0.027812969126471087,8.83673161235223,11.98379679427572,10.0,1.38,0.21935993699619877,1.3818606093882584,0.21935993699619877,0.18,0.17707616714445637,0.9999999358808239,https://edit.nylottery.ny.gov/sites/default/files/2025-02/newYorkMillionaire_1651.jpg,,,,09/30/2025,182,55.0,49.666666666666664,110.0,42.333333333333336,64.08333333333333,64.21666666666667,82.0,24.0,/new-york-statistics-for-each-scratcher-game
91,30,1650,10000000,3.64,6176733.33,,,,2025-04-01,,,09/30/2025,https://nylottery.ny.gov/scratch-off-game?game=1650,ULTIMATE CASH                 ,5094645,3765588,3,3,4568913.44,18544507.8,13706740.32,13449862.8,9941152.32,4568913.44,0.0,3.64,-2.33461781042863e-08,3.64,3.639999842972376,1.979327995751381e-08,0.27472528113906003,0.2747252865767745,5.437714445388764e-09,0.27472528113906003,0.2747252865767745,5.437714445388764e-09,0.05091769127119697,0.05091769127119697,6.546501726787902,6.546501726787902,4.0,0.65,0.003239226014613266,0.6489270607015236,0.003239226014613266,0.77,0.7708937056897769,1.0000000560798687,https://edit.nylottery.ny.gov/sites/default/files/2025-02/ultimateCash_1650.jpg,,,,09/30/2025,182,40.666666666666664,40.0,104.0,103.33333333333333,75.75,72.75,97.0,8.0,/new-york-statistics-for-each-scratcher-game
92,1,1653,7000,4.96,1272775.00,,,,2025-03-21,,,09/30/2025,https://nylottery.ny.gov/scratch-off-game?game=1653,LUCKY 7'S                     ,5127883,3082029,20,12,1273905.32,25434299.68,15286863.84,20306416.68,12204834.84,1273905.32,0.0,4.96,-5.4949138608437824e-08,9.28,9.129570609402622,0.01665507135431759,0.20161291430426242,0.20161290861603853,-5.688223891908706e-09,0.1077397632202238,0.10953417666435392,0.0017944134441301163,0.03674214539922928,0.026867798040661313,9.072207093985003,12.406331994102747,12.0,0.42,-0.030722577160911937,0.42340302258220014,-0.030722577160911937,0.59,0.5832814575192908,0.9999999574969202,https://edit.nylottery.ny.gov/sites/default/files/2025-02/lucky7s_1653.jpg,,,,09/30/2025,193,58.666666666666664,51.333333333333336,68.0,75.0,63.083333333333336,63.21666666666666,77.0,14.0,/new-york-statistics-for-each-scratcher-game
93,10,1654,3000000,4.01,5829633.33,,,,2025-05-06,,,09/30/2025,https://nylottery.ny.gov/scratch-off-game?game=1654,MONEY MATCH,4363131,2680292,3,1,10747970.92,17496155.31,10747970.92,13133024.309999999,8067678.92,10747970.92,0.0,4.01,-8.559755198909064e-08,7.21,7.172266089698445,0.00572200911881767,0.24937657994951604,0.24937656302198968,-1.692752635285011e-08,0.1386326906383252,0.13942594815832393,0.0007932575199987302,0.03749667888407199,0.02478219387891163,8.889646701962542,13.45039611768217,9.0,0.47,-0.01342907750477081,0.4745805021785509,-0.01342907750477081,0.58,0.5799928710199181,0.9999998918871467,https://edit.nylottery.ny.gov/sites/default/files/2025-02/moneyMatch_1654.jpg,,,,09/30/2025,147,55.666666666666664,54.0,82.0,64.66666666666667,61.416666666666664,63.55,78.0,12.0,/new-york-statistics-for-each-scratcher-game
94,5,1655,1000000,4.44,1508175.00,,,,2025-05-06,,,09/30/2025,https://nylottery.ny.gov/scratch-off-game?game=1655,"$1,000,000 GOLD",1358412,338798,4,3,501421.04000000004,6031349.28,1504263.12,4672937.28,1165465.12,501421.04000000004,0.0,4.44,-7.977327807338184e-08,7.68,7.396425982995704,0.03895239818852944,0.22522524319218115,0.2252252356811055,-7.51107565033493e-09,0.13013149961143763,0.13520043360117281,0.00506893398973518,0.03697079526271339,0.028394100825091,9.015885660599235,11.738823712294945,10.0,1.51,0.21164359013243614,1.5102040002313424,0.21164359013243614,0.29,0.290456102670397,0.9999999889187151,https://edit.nylottery.ny.gov/sites/default/files/2025-02/1milGold_1655.jpg,,,,09/30/2025,147,57.0,48.333333333333336,111.0,76.0,80.25,74.51666666666668,101.0,29.0,/new-york-statistics-for-each-scratcher-game
95,3,1656,60000,3.92,2866550.00,,,,2025-05-06,,,09/30/2025,https://nylottery.ny.gov/scratch-off-game?game=1656,UNLOCK IT!,2924275,1508026,4,2,2955730.96,11463158.0,5911461.92,8538883.0,4403435.92,2955730.96,0.0,3.92,-1.5562986149231013e-07,6.93,6.893635727820906,0.005603571307981165,0.255102080517828,0.25510204081632654,-3.970150147525331e-08,0.1442530027686895,0.14506133475609426,0.0008083319874047645,0.033820921080223124,0.021660771983363022,9.855768091841407,15.388524393627543,8.0,0.37,-0.005606448927742654,0.36894336837092107,-0.005606448927742654,0.5,0.49859505710956686,0.9999998342849042,https://edit.nylottery.ny.gov/sites/default/files/2025-02/unlockIt_1656.jpg,,,,09/30/2025,147,63.333333333333336,58.0,34.0,60.666666666666664,39.583333333333336,51.11666666666667,41.0,4.0,/new-york-statistics-for-each-scratcher-game
96,5,1658,500000,4.16,1992033.33,,,,2025-06-03,,,09/30/2025,https://nylottery.ny.gov/scratch-off-game?game=1658,"$500,000 MATCH TO WIN",1435606,477064,3,1,1984586.24,5972120.96,1984586.24,4536514.96,1507522.24,1984586.24,0.0,4.16,-1.2093200842431773e-07,7.22,7.126430746613462,0.01320879915033683,0.24038464445481325,0.2403846540257061,9.570892856025637e-09,0.13849336839018314,0.14032269947690268,0.0018293310867195378,0.04079453453545103,0.03209991240794253,8.170889261992867,10.383852012820599,9.0,0.4,-0.005298635822652385,0.3996057616046873,-0.005298635822652385,0.32,0.3194197389155975,1.000000019815783,https://edit.nylottery.ny.gov/sites/default/files/2025-03/500kMatchToWin_1658.jpg,,,,09/30/2025,119,48.333333333333336,44.0,57.0,86.33333333333333,60.416666666666664,59.216666666666676,68.0,22.0,/new-york-statistics-for-each-scratcher-game
97,1,1659,3000,4.98,905550.00,,,,2025-06-03,,,09/30/2025,https://nylottery.ny.gov/scratch-off-game?game=1659,TRIPLE MATCH,2725834,1526728,15,10,760310.544,13574653.32,7603105.44,10848819.32,6076377.44,760310.544,0.0,4.98,-5.7871090160049044e-08,8.35,8.280893249084656,0.008842236294428025,0.2008032244721071,0.20080321758500935,-6.887097753205396e-09,0.11970149037794428,0.12075991924066125,0.0010584288627169675,0.03423813893423571,0.028312770964662254,9.735669580841996,11.773097792066913,11.0,0.41,-0.012746745120417331,0.4141131813910238,-0.012746745120417331,0.56,0.5624310263769612,0.9999999563313625,https://edit.nylottery.ny.gov/sites/default/files/2025-03/tripleMatch_1659.jpg,,,,09/30/2025,119,62.0,49.0,65.0,72.66666666666667,59.416666666666664,61.616666666666674,74.0,12.0,/new-york-statistics-for-each-scratcher-game
98,20,1657,200,8.0,50.01,,,,2025-06-03,,,09/30/2025,https://nylottery.ny.gov/scratch-off-game?game=1657,WIN EITHER $100 OR $200!,1127856,672861,180436,107324,50.15549178189408,9022848.0,5382888.0,7894992.0,4710027.0,50.15549178189408,0.0,8.0,0.0,8.0,8.0,0.0,0.125,0.125,0.0,0.125,0.125,0.0,0.06019176314421395,0.06019176314421395,5.5378106987794,5.5378106987794,15.0,0.6,-2.4867522750636992e-05,0.5996899805457592,-2.4867522750636992e-05,0.6,0.5958634603894788,1.0,https://edit.nylottery.ny.gov/sites/default/files/2025-03/win1000or200_1657.png,,,,09/30/2025,119,39.0,39.0,95.0,93.83333333333333,73.16666666666667,68.0,92.0,8.0,/new-york-statistics-for-each-scratcher-game
99,5,1661,500000,4.44,1526650.00,,,,2025-07-01,,,09/30/2025,https://nylottery.ny.gov/scratch-off-game?game=1661,CASINO NIGHTS,1375436,622028,4,1,2761804.3200000003,6106935.840000001,2761804.3200000003,4731499.840000001,2139776.3200000003,2761804.3200000003,0.0,4.44,-1.1586628273446647e-07,7.48,7.3945565216759555,0.011421056011886449,0.22522525132123786,0.22522525620462638,4.88338852688841e-09,0.133707533192073,0.13523461441787082,0.0015270812257978106,0.03638581129083404,0.028779511848148927,9.16094522360449,11.581950395430475,10.0,0.39,-0.018058460304008976,0.38571093386786315,-0.018058460304008976,0.42,0.4106608817929792,1.000000017901273,https://edit.nylottery.ny.gov/sites/default/files/2025-04/casinoNights_1661.png,,,,09/30/2025,91,59.666666666666664,47.333333333333336,48.0,90.33333333333333,56.083333333333336,60.283333333333324,70.0,23.0,/new-york-statistics-for-each-scratcher-game
100,3,1662,60000,4.06,3827400.00,,,,2025-07-01,,,09/30/2025,https://nylottery.ny.gov/scratch-off-game?game=1662,CASHWORD EXTRA!,3766301,2782265,4,2,5647997.949999999,15291182.059999999,11295995.899999999,11524881.059999999,8513730.899999999,5647997.949999999,0.0,4.06,-7.967424968275206e-08,7.44,7.344270278993457,0.013314857137925833,0.24630543834341287,0.24630541968567243,-1.8657740435967796e-08,0.13437142987403944,0.13616056626623108,0.001789136392191637,0.03400000994049893,0.022204504561390764,9.80388415615097,15.011820493551644,9.0,0.38,-0.006647921552912178,0.37667680742894566,-0.006647921552912178,0.71,0.7121865306749229,0.9999997858231839,https://edit.nylottery.ny.gov/sites/default/files/2025-04/cashwordExtra_1662.jpg,,,,09/30/2025,91,62.666666666666664,57.333333333333336,39.0,67.66666666666667,49.25,55.18333333333334,58.0,8.0,/new-york-statistics-for-each-scratcher-game
101,10,1660,3000000,3.86,5902483.33,,,,2025-07-01,,,09/30/2025,https://nylottery.ny.gov/scratch-off-game?game=1660,BONUS BUCKS,4587224,3744205,3,2,7226315.649999999,17706684.64,14452631.299999999,13119460.64,10708426.299999999,7226315.649999999,0.0,3.86,-2.0757465752009705e-08,6.72,6.708751919513242,0.0009873951713929763,0.2590673628905353,0.2590673668768246,3.986289298651968e-09,0.14891198702852096,0.14905902200547544,0.00014703497695447987,0.03722731445620027,0.024963283963940278,8.953977504462621,13.352861173680562,8.0,0.51,-0.005315587462165429,0.5083106321610231,-0.005315587462165429,0.8,0.8037394461564258,1.0000000683405388,https://edit.nylottery.ny.gov/sites/default/files/2025-04/bonusBucks_1660.jpg,,,,09/30/2025,91,56.333333333333336,53.0,86.0,105.0,70.41666666666667,74.15,99.0,15.0,/new-york-statistics-for-each-scratcher-game
102,2,1670,20000,5.09,2722458.33,,,,2025-09-05,,,09/30/2025,https://nylottery.ny.gov/scratch-off-game?game=1670,CASHWORD DOUBLER,16044264,15878781,30,30,2694099.843,81665303.75999999,80822995.28999999,65621039.75999999,64944214.28999999,2694099.843,0.0,5.09,-3.588087783668255e-09,8.3,8.301684209434862,0.0003337992820693063,0.1964636549288974,0.19646365605231392,1.1234165264717433e-09,0.12041728965871655,0.12045748486355337,4.019520483682093e-05,0.023718277831440447,0.01574901123500356,14.053846602127617,21.165303869375148,10.0,0.45,-0.00019097646101266062,0.4457556416957823,-0.00019097646101266062,0.99,0.9912027771769568,1.0000005486843793,https://edit.nylottery.ny.gov/sites/default/files/2025-04/cashwordDoubler_1670.jpg,,,,09/30/2025,25,73.33333333333333,68.33333333333333,76.0,109.0,67.91666666666667,78.91666666666666,109.0,17.0,/new-york-statistics-for-each-scratcher-game
103,10,1666,1000000,4.32,4580212.50,,,,2025-07-09,,,09/30/2025,https://nylottery.ny.gov/scratch-off-game?game=1666,"$1,000,000 BONUS CASHWORD",4241798,3433996,4,4,3708715.68,18324567.36,14834862.72,14082769.36,11400866.72,3708715.68,0.0,4.32,-4.853432182898658e-08,7.62,7.604965319293662,0.0020239389543012143,0.23148149271627871,0.23148148602911053,-6.687168180308234e-09,0.1312274424932298,0.13149303882596516,0.00026559633273537386,0.03213425005737238,0.019506139446778727,10.373116716084395,17.088486845066,9.0,0.48,0.003230722115136793,0.47624851515302263,0.003230722115136793,0.83,0.8295515191186565,0.9999998771936622,https://edit.nylottery.ny.gov/sites/default/files/2025-04/1milBonusCashword_1666_1.jpg,,,,09/30/2025,83,65.66666666666667,62.0,83.0,72.33333333333333,64.41666666666667,69.48333333333333,94.0,14.0,/new-york-statistics-for-each-scratcher-game
104,20,1663,5000000,3.67,4529987.50,,,,2025-08-05,,,09/30/2025,https://nylottery.ny.gov/scratch-off-game?game=1663,MYSTERY MULTIPLIER,4943162,4148895,4,4,3806611.1625,18141404.54,15226444.65,13198242.54,11077549.65,3806611.1625,0.0,3.67,-4.2688888573016945e-08,5.79,5.793815532675198,1.9491479052078303e-05,0.27247957566454784,0.2724795721433688,-3.5211790150313504e-09,0.17259446788757768,0.17259783200903303,3.3641214553514764e-06,0.027627519449559074,0.01648025033207329,12.065229547265984,20.22607431066629,6.0,0.6,0.0028006865988863964,0.6013847684988038,0.0028006865988863964,0.85,0.8542237999915928,0.999999932497471,https://edit.nylottery.ny.gov/sites/default/files/2025-06/mysteryMultiplier_1663v2.jpg,,,,09/30/2025,56,70.66666666666667,67.0,97.0,79.0,69.75,76.68333333333334,106.0,13.0,/new-york-statistics-for-each-scratcher-game
105,5,1664,500000,4.29,1833425.00,,,,2025-08-05,,,09/30/2025,https://nylottery.ny.gov/scratch-off-game?game=1664,WINNING STREAK 25X,1707754,1041307,4,2,2233603.515,7326264.66,4467207.03,5618510.66,3425900.0300000003,2233603.515,0.0,4.29,-6.7156054351254235e-09,7.0,6.992745025985616,0.0011668143394971166,0.2331002346656423,0.23310025409949736,1.9433855052986004e-08,0.14283869093149254,0.1430053571643064,0.00016666623281386128,0.035598301664866466,0.028338554649746567,9.363658386452855,11.76232143475257,9.0,0.41,-0.00212542109305716,0.41239414246978034,-0.00212542109305716,0.61,0.6103052768369004,1.0000001302655195,https://edit.nylottery.ny.gov/sites/default/files/2025-05/winningStreak25X_1664.jpg,,,,09/30/2025,56,60.333333333333336,48.666666666666664,63.0,100.0,66.25,67.65,91.0,26.0,/new-york-statistics-for-each-scratcher-game
106,1,1665,999,4.91,1006769.23,,,,2025-08-05,,,09/30/2025,https://nylottery.ny.gov/scratch-off-game?game=1665,9S IN A LINE DOUBLER,2667626,1802027,13,11,804359.3245454546,13098043.66,8847952.57,10430417.66,7045925.57,804359.3245454546,0.0,4.91,-6.442168346637974e-08,9.7,9.637305771916374,0.006654353976676095,0.20366600090054737,0.20366599804260835,-2.8579390243255176e-09,0.10307752573702932,0.10376344008032345,0.0006859143432941389,0.03451855488438273,0.021133993395572048,9.656590439658455,15.77210528053003,12.0,0.41,-0.015771489204088093,0.4092680430454414,-0.015771489204088093,0.68,0.6836093061041251,0.9999999707868117,https://edit.nylottery.ny.gov/sites/default/files/2025-05/9sInLineDoubler_1665.jpg,,,,09/30/2025,56,61.0,58.666666666666664,61.0,85.33333333333333,58.25,64.85,87.0,15.0,/new-york-statistics-for-each-scratcher-game
107,10,1667,3000000,4.02,3294416.67,,,,2025-09-02,,,09/30/2025,https://nylottery.ny.gov/scratch-off-game?game=1667,"$3,000,000 CA$H",2459693,2459123,3,3,3295224.82,9887965.86,9885674.459999999,7428272.859999999,7426551.459999999,3295224.82,0.0,4.02,-4.6531979154296083e-08,7.2,7.2045822996018085,2.9209525638098626e-06,0.24875623048059242,0.24875624054089998,1.006030755923426e-08,0.13880014655551054,0.13880055198415447,4.0542864393477984e-07,0.03739236329524958,0.024923045346615373,8.914443902658354,13.374372178478573,9.0,0.64,9.74069818380901e-06,0.637831472087791,9.74069818380901e-06,1.0,0.9998359026423478,1.0001745092568015,https://edit.nylottery.ny.gov/sites/default/files/2025-06/3millionCash_1667.jpg,,,,09/30/2025,28,56.0,53.333333333333336,102.0,111.0,74.75,79.41666666666667,110.0,18.0,/new-york-statistics-for-each-scratcher-game
108,5,1668,1000000,4.42,2054600.00,,,,2025-09-02,,,09/30/2025,https://nylottery.ny.gov/scratch-off-game?game=1668,MORE MONEY,1393499,1111805,3,2,2457089.05,6159265.58,4914178.1,4765766.58,3802373.0999999996,2457089.05,0.0,4.42,-2.034928284198809e-08,7.37,7.343902581522873,0.003689506601001268,0.22624434849531294,0.22624436519617194,1.6700859001295143e-08,0.13566683990689796,0.13616738360827144,0.0005005437013734793,0.03624768688465947,0.02892741799600717,9.195913034171355,11.522894028862616,9.0,0.6,-0.015541486151637654,0.5980503758716107,-0.015541486151637654,0.79,0.7874647722428987,1.000000291348122,https://edit.nylottery.ny.gov/sites/default/files/2025-06/moreMoney_1668.jpg,,,,09/30/2025,28,60.0,46.333333333333336,94.0,105.0,76.08333333333333,76.28333333333333,105.0,30.0,/new-york-statistics-for-each-scratcher-game
109,2,1669,25000,4.8,966775.00,,,,2025-09-02,,,09/30/2025,https://nylottery.ny.gov/scratch-off-game?game=1669,"$25,000 EXTRA CA$H",2012821,1738865,10,8,1043319.0,9661540.799999999,8346552.0,7648719.799999999,6607687.0,1043319.0,0.0,4.8,0.0,7.81,7.796147896626323,0.0021731186660304707,0.20833333333333334,0.20833335058386138,1.7250528033807555e-08,0.1279903366084582,0.12826847479801357,0.00027813818955535474,0.026899243945570674,0.01852401015466844,12.391833708924919,17.99436060519699,9.0,0.41,-0.004064124435641531,0.41363349800013227,-0.004064124435641531,0.85,0.8440426427899119,1.0000005255679916,https://edit.nylottery.ny.gov/sites/default/files/2025-06/25kExtraCash_1669.jpg,,,,09/30/2025,28,71.33333333333333,64.0,64.0,107.33333333333333,68.5,75.03333333333333,102.0,16.0,/new-york-statistics-for-each-scratcher-game
110,20,1686,10000 A Week For Life,3.72,8163900.00,,,,2025-09-24,,,09/30/2025,https://nylottery.ny.gov/scratch-off-game?game=1686,"$10,000 A WEEK FOR LIFE",6579483,6564203,3,3,8139611.72,24475676.76,24418835.16,17896193.76,17854632.16,8139611.72,0.0,3.72,-6.552319141264363e-09,5.93,5.925537599069952,7.875105648053812e-06,0.2688172060624514,0.2688172126481818,6.585730405461732e-09,0.16875972993797617,0.16876105893867854,1.329000702376959e-06,0.03771848573559448,0.02888198104443012,8.837387770634702,11.541188925889914,7.0,0.57,3.2905932686190986e-05,0.5724198554107925,3.2905932686190986e-05,1.0,0.9983833971057484,1.0000105247092792,https://edit.nylottery.ny.gov/sites/default/files/2025-09/10kaWeekForLife_1686_1.jpg,,,,09/30/2025,6,55.333333333333336,46.666666666666664,91.0,110.0,73.75,75.35,104.0,12.0,/new-york-statistics-for-each-scratcher-game
