,price,gameName,gameNumber,topprize,topprizeremain,topprizeavail,extrachances,secondChance,startDate,Days Since Start,lastdatetoclaim,topprizeodds,overallodds,Current Odds of Top Prize,Change in Current Odds of Top Prize,Current Odds of Any Prize,Change in Current Odds of Any Prize,Odds of Profit Prize,Change in Odds of Profit Prize,Probability of Winning Any Prize,Change in Probability of Any Prize,Probability of Winning Profit Prize,Change in Probability of Profit Prize,StdDev of All Prizes,StdDev of Profit Prizes,Odds of Any Prize + 3 StdDevs,Odds of Profit Prize + 3 StdDevs,Max Tickets to Buy,Expected Value of Any Prize (as % of cost),Change in Expected Value of Any Prize,Expected Value of Profit Prize (as % of cost),Change in Expected Value of Profit Prize,Percent of Prizes Remaining,Percent of Profit Prizes Remaining,Ratio of Decline in Prizes to Decline in Losing Ticket,Rank by Best Probability of Winning Any Prize,Rank by Best Probability of Winning Profit Prize,Rank by Least Expected Losses,Rank by Most Available Prizes,Rank by Best Change in Probabilities,Rank Average,Overall Rank,Rank by Cost,Photo,FAQ,About,Directory,Data Date,Stats Page,gameURL
0,50,500X THE MONEY,2267,7000000,1,,,,3/5/2024,651,,"2,611,200",3.39,2424338.0,-0.07156173406862745,3.39,-6.599739371851145e-08,5.14,0.0017047199994478673,0.2949852702057221,-1.5662587449227772e-08,0.1945805411621647,0.0003317053400225256,0.03731308675651704,0.03039814248996347,8.933304597292388,10.965327408389472,6.0,0.53,0.00019086344391758877,0.5273425157713157,0.00019086344391758877,0.32,0.32480110368738185,0.9999999758351089,51.0,46.333333333333336,85.0,67.33333333333333,71.16666666666667,64.16666666666667,93.0,3.0,https://www.valottery.com/-/media/val/images/digital-scratcher-teaser-images/2267_teaser.ashx,,,,2025-12-16,/virginia-statistics-for-each-scratcher-game,https://www.valottery.com/scratchers/2267
1,50,"$1,000,000 GOLD RUSH",2309,1000000,3,,,,11/5/2024,406,,"734,400",3.55,458667.0,-0.375453431372549,3.55,-2.1802304975477924e-07,3.55,-2.1802304975477924e-07,0.28169020226002744,-6.141495700884292e-08,0.28169020226002744,-6.141495700884292e-08,0.045937606115700635,0.045937606115700635,7.256083227513889,7.256083227513889,4.0,0.55,0.00048585923977836676,0.5527535953825615,0.00048585923977836676,0.43,0.4313953238883075,0.9999998518704322,36.666666666666664,36.0,89.0,67.0,56.833333333333336,57.1,68.0,2.0,https://www.valottery.com/-/media/val/images/digital-scratcher-teaser-images/2309_teaser.ashx,,,,2025-12-16,/virginia-statistics-for-each-scratcher-game,https://www.valottery.com/scratchers/2309
2,50,Cash Surge,2374,10000,493,,,,8/5/2025,133,,"3,184.39",7.53,2939.6166328600407,-0.07686664232080845,7.53,-2.277069183349758e-07,7.53,-3.6757649543996436e-08,0.1328021550739668,-4.881495069275488e-09,0.1328021550739668,-4.881495069275488e-09,0.041733190525019545,0.041733190525019545,7.986916317190208,7.986916317190208,11.0,0.68,0.00015578594170981988,0.6778456988568419,0.00015578594170981988,0.76,0.7581413971278191,0.9999998909414007,41.333333333333336,37.666666666666664,96.0,82.33333333333333,69.83333333333333,65.43333333333332,95.0,4.0,https://www.valottery.com/-/media/val/images/digital-scratcher-teaser-images/2374_teaser.ashx,,,,2025-12-16,/virginia-statistics-for-each-scratcher-game,https://www.valottery.com/scratchers/2374
3,50,Cash Surge,2339,10000,54,,,,4/1/2025,259,4/1/2026,"3,400",7.53,2416.1481481481483,-0.2893681917211329,7.53,-2.3759830725583703e-06,7.53,-1.6585914393924897e-06,0.13280244037034766,-2.2026499071903238e-07,0.13280244037034766,-2.2026499071903238e-07,0.0419522706112994,0.0419522706112994,7.9418954896577505,7.9418954896577505,11.0,0.69,0.0006573221807037967,0.6871589306517873,0.0006573221807037967,0.13,0.12762399672807756,0.999999777076488,41.0,37.333333333333336,97.0,22.0,43.333333333333336,48.13333333333334,39.0,1.0,https://www.valottery.com/-/media/val/images/digital-scratcher-teaser-images/2339_teaser.ashx,,,,2025-12-16,/virginia-statistics-for-each-scratcher-game,https://www.valottery.com/scratchers/2339
4,30,"Bursting with $5,000s",2300,5000,1093,,,,9/3/2024,469,,456.04,3.75,448.548032936871,-0.01642831125148899,3.75,-1.529788812604238e-06,8.59,0.0030257956971083758,0.2666670746109741,-2.984259581673143e-07,0.11643750395196048,0.0003523160984398588,0.058260184212277154,0.033751196538089584,5.721209961286685,9.874484699118389,12.0,0.52,0.00020979662788358182,0.5221313186323804,0.00020979662788358182,0.4,0.39897962381319224,0.9999992455169214,35.666666666666664,42.666666666666664,82.0,49.0,48.5,51.56666666666666,53.0,4.0,https://www.valottery.com/-/media/val/images/digital-scratcher-teaser-images/2300_teaser.ashx,,,,2025-12-16,/virginia-statistics-for-each-scratcher-game,https://www.valottery.com/scratchers/2300
5,30,Cash Overload,2320,2000,76,,,,10/4/2024,438,,"8,568",7.4,7447.513157894737,-0.13077577522236966,7.4,-3.5334989841002935e-07,7.4,1.1982896409782808e-07,0.13513518288513826,1.619310899259041e-08,0.13513518288513826,1.619310899259041e-08,0.035027824855642244,0.035027824855642244,9.515060334019612,9.515060334019612,10.0,0.64,9.497117862581081e-06,0.639773196398421,9.497117862581081e-06,0.34,0.34339288164471826,1.0000000603055477,57.333333333333336,42.0,94.0,74.66666666666667,68.33333333333333,67.26666666666667,98.0,9.0,https://www.valottery.com/-/media/val/images/digital-scratcher-teaser-images/2320_teaser.ashx,,,,2025-12-16,/virginia-statistics-for-each-scratcher-game,https://www.valottery.com/scratchers/2320
6,30,Scorching Hot 7s,2241,777777,1,,,,9/5/2023,833,1/14/2026,"734,400",3.07,458903.0,-0.3751320806100218,3.07,-1.3074641384035819e-06,4.71,0.003053089105360835,0.32573332490744233,-2.763510033587657e-07,0.21240000610150728,0.000648476144607113,0.039069339067555255,0.030855011732957873,8.531352635475564,10.802018007779855,6.0,0.47,0.0012497228935289043,0.4736162108332262,0.0012497228935289043,0.22,0.22517774262897663,0.9999997706626578,47.0,46.0,68.0,37.0,39.333333333333336,47.46666666666667,35.0,1.0,https://www.valottery.com/-/media/val/images/digital-scratcher-teaser-images/2241_teaser.ashx,,,,2025-12-16,/virginia-statistics-for-each-scratcher-game,https://www.valottery.com/scratchers/2241
7,30,BONUS STAR MILLIONS,2335,1000000,1,,,,3/4/2025,287,,"489,600",3.78,435713.0,-0.11006331699346406,3.78,-9.180354113586945e-08,3.78,4.86707607154111e-07,0.2645502888369179,1.2875863802941367e-07,0.2645502888369179,1.2875863802941367e-07,0.04068723799105237,0.04068723799105237,8.191994838808403,8.191994838808403,4.0,0.56,0.0004411662453417821,0.5635445044482645,0.0004411662453417821,0.32,0.3179939626961692,1.0000002086655662,43.333333333333336,38.333333333333336,90.0,72.66666666666667,73.83333333333333,63.63333333333334,89.0,8.0,https://www.valottery.com/-/media/val/images/digital-scratcher-teaser-images/2335_teaser.ashx,,,,2025-12-16,/virginia-statistics-for-each-scratcher-game,https://www.valottery.com/scratchers/2335
8,30,WINNERS CLUB,2354,1000000,3,,,,7/1/2025,168,,"408,000",2.95,155260.33333333334,-0.6194599673202614,2.95,-8.587719475651949e-07,5.67,0.002556601452343253,0.3389833419568424,-7.205318025560459e-08,0.176243771214369,0.0004505850814530976,0.05733591622134805,0.03525438612938534,5.813477523177691,9.453999392300434,7.0,0.63,0.008569805109486977,0.6278572977429308,0.008569805109486977,0.52,0.5374928499970745,0.9999998575104228,36.0,41.666666666666664,93.0,72.33333333333333,51.166666666666664,58.833333333333336,76.0,6.0,https://www.valottery.com/-/media/val/images/digital-scratcher-teaser-images/2354_teaser.ashx,,,,2025-12-16,/virginia-statistics-for-each-scratcher-game,https://www.valottery.com/scratchers/2354
9,30,"$173,000,000 Extravaganza",2143,3100000,2,,,,4/5/2022,1351,,"2,529,600",3.08,2460853.5,-0.027176826375711574,3.08,-1.1378164860514689e-07,5.01,0.0007665727382129934,0.32467536161742255,-1.4687212501751645e-08,0.19950415577359643,0.00015293444697625502,0.0387502338093185,0.02452694090008921,8.602052327945804,13.590309573718427,6.0,0.46,6.982321106835038e-05,0.4556864789662069,6.982321106835038e-05,0.65,0.6546400187076815,0.9999999164430148,48.0,54.0,57.0,81.66666666666667,61.166666666666664,60.366666666666674,78.0,7.0,https://www.valottery.com/-/media/val/images/digital-scratcher-teaser-images/2143_teaser.ashx,,,,2025-12-16,/virginia-statistics-for-each-scratcher-game,https://www.valottery.com/scratchers/2143
10,30,Dominion Dollars,2193,1000000,2,,,,12/6/2022,1106,,"1,060,800",3.06,897725.5,-0.15372784690799396,3.06,-5.235450635113051e-07,4.96,0.0006578153082351139,0.3267975567141626,-9.300050163307816e-08,0.201627334859041,0.00013263354742887312,0.045104775947171244,0.033175635831639065,7.390107322300564,10.04725527237214,6.0,0.47,0.00038374786762157917,0.47030968820647295,0.00038374786762157917,0.59,0.5935798802968922,0.9999996310674132,37.666666666666664,43.333333333333336,66.0,61.333333333333336,49.0,51.466666666666676,52.0,3.0,https://www.valottery.com/-/media/val/images/digital-scratcher-teaser-images/2193_teaser.ashx,,,,2025-12-16,/virginia-statistics-for-each-scratcher-game,https://www.valottery.com/scratchers/2193
11,30,100X The Money,2149,5000000,1,,,,9/6/2022,1197,,"2,652,000",2.82,2657170.0,0.00194947209653092,2.82,-1.4300927140685532e-07,4.62,0.0022732824253853447,0.354609979790529,-3.09269401754797e-08,0.2163805853596119,0.000491894181892577,0.0416342113036262,0.026050219592647188,8.006168260091583,12.795512680547878,5.0,0.45,-0.00013829036879018774,0.44742526823650725,-0.00013829036879018774,0.34,0.34060456611917816,0.999999955679599,41.666666666666664,51.333333333333336,52.0,66.66666666666667,59.666666666666664,54.26666666666667,64.0,5.0,https://www.valottery.com/-/media/val/images/digital-scratcher-teaser-images/2149_teaser.ashx,,,,2025-12-16,/virginia-statistics-for-each-scratcher-game,https://www.valottery.com/scratchers/2149
12,30,Bonanza Buck$,2198,50000,12,,,,3/7/2023,1015,,"61,200",3.87,57802.583333333336,-0.055513344226579484,3.87,-1.0235979551762683e-06,3.87,-8.274408770483864e-07,0.2583981973124039,-2.1380923104219463e-07,0.2583981973124039,-2.1380923104219463e-07,0.04156092070786655,0.04156092070786655,8.019996002389222,8.019996002389222,5.0,0.52,0.00017105913217345606,0.5237684013546108,0.00017105913217345606,0.3,0.2955188610024758,0.9999996726679435,42.0,38.0,83.0,42.333333333333336,45.833333333333336,50.233333333333334,48.0,2.0,https://www.valottery.com/-/media/val/images/digital-scratcher-teaser-images/2198_teaser.ashx,,,,2025-12-16,/virginia-statistics-for-each-scratcher-game,https://www.valottery.com/scratchers/2198
13,20,50X The Money,2148,3000000,0,Top Prize Claimed,,,3/1/2022,1386,1/14/2026,"1,836,000",3.03,0.0,0.0,3.03,-7.953352411570627e-07,4.5,0.03415785699610822,0.3300332657874171,-2.3162148815591976e-07,0.2223102086546375,0.007593640316000072,0.033631508020896005,0.023284202344131682,9.910311508409817,14.312670812261123,5.0,0.32,-0.014229588272576334,0.3219234333612277,-0.014229588272576334,0.03,0.03040664384079491,0.9999999709307986,60.666666666666664,55.666666666666664,1.0,27.666666666666668,39.833333333333336,36.96666666666667,8.0,2.0,https://www.valottery.com/-/media/val/images/digital-scratcher-teaser-images/2148_teaser.ashx,,,,2025-12-16,/virginia-statistics-for-each-scratcher-game,https://www.valottery.com/scratchers/2148
14,20,Supreme Riches,2151,2000000,2,,,,5/3/2022,1323,,"1,428,000",3.65,1300465.5,-0.08930987394957983,3.65,-2.3068657401362177e-07,5.76,0.0008960666082490745,0.2739726659415417,-3.759893341115372e-08,0.17375432104888597,0.0001556954451308601,0.0374929941628045,0.028706328936975105,8.890438920576939,11.611542859466317,7.0,0.51,0.0006095645268828769,0.5082453167731094,0.0006095645268828769,0.62,0.6216550444413501,0.9999997874599861,50.333333333333336,48.0,76.0,70.66666666666667,61.0,61.2,81.0,11.0,https://www.valottery.com/-/media/val/images/digital-scratcher-teaser-images/2151_teaser.ashx,,,,2025-12-16,/virginia-statistics-for-each-scratcher-game,https://www.valottery.com/scratchers/2151
15,20,Diamond Spectacular,2285,1000000,0,Top Prize Claimed,,,7/2/2024,532,4/1/2026,"612,000",3.18,0.0,0.0,3.18,-3.909566745393855e-06,5.4,0.024545270615803683,0.3144666382333428,-1.1403339965632142e-06,0.1850357785991849,0.004541753259322934,0.04517473165551096,0.031022447183227726,7.377730787531424,10.741212991499063,6.0,0.38,-0.010118316398077112,0.37917022083214863,-0.010118316398077112,0.09,0.09013532586553433,0.9999996326750588,37.333333333333336,45.666666666666664,17.0,10.666666666666666,35.333333333333336,29.2,1.0,1.0,https://www.valottery.com/-/media/val/images/digital-scratcher-teaser-images/2285_teaser.ashx,,,,2025-12-16,/virginia-statistics-for-each-scratcher-game,https://www.valottery.com/scratchers/2285
16,20,Money Blitz,2175,2000000,1,,,,10/4/2022,1169,,"1,142,400",3.29,1521378.0,0.3317384453781513,3.29,-1.6432468395118568e-07,6.03,0.0026145970242957037,0.30395141772787565,-1.4458655162030709e-08,0.16595678391563437,0.0004339101133875034,0.043778959660147054,0.025315911116343306,7.613882274686443,13.166263281047897,7.0,0.46,-0.0026175893030177836,0.455156443697753,-0.0026175893030177836,0.45,0.4488332586140622,0.9999999602126393,39.0,52.0,56.0,77.0,64.33333333333333,57.666666666666664,71.0,9.0,https://www.valottery.com/-/media/val/images/digital-scratcher-teaser-images/2175_teaser.ashx,,,,2025-12-16,/virginia-statistics-for-each-scratcher-game,https://www.valottery.com/scratchers/2175
17,20,Mega Stacks,2325,1000000,0,Top Prize Claimed,,,1/7/2025,343,4/1/2026,"489,600",4.26,0.0,0.0,4.26,-9.842422810832115e-06,4.26,-9.651343540814238e-06,0.23474409448818898,-2.265595900052819e-06,0.23474409448818898,-2.265595900052819e-06,0.043690398456768614,0.043690398456768614,7.6263918331177525,7.6263918331177525,5.0,0.47,-0.009153288090588341,0.47330216535433073,-0.009153288090588341,0.06,0.05798985308320708,0.9999994332143307,39.333333333333336,36.666666666666664,67.0,5.0,38.666666666666664,37.33333333333333,10.0,3.0,https://www.valottery.com/-/media/val/images/digital-scratcher-teaser-images/2325_teaser.ashx,,,,2025-12-16,/virginia-statistics-for-each-scratcher-game,https://www.valottery.com/scratchers/2325
18,20,Ultimate 7s,2360,1000000,1,,,,9/2/2025,105,,"408,000",3.67,475624.0,0.1657450980392157,3.67,-1.3876488237009266e-06,5.83,0.00456243078035224,0.27247994213916876,-2.9733402528986375e-07,0.17154727263552721,0.0007826725569578252,0.03376196347332008,0.02236859781707256,9.87229138817459,14.899121870103887,7.0,0.53,-0.0016478287211452677,0.53163212958135,-0.0016478287211452677,0.41,0.41020693795616364,0.9999992975058413,60.0,57.666666666666664,86.0,50.666666666666664,54.0,61.666666666666664,84.0,12.0,https://www.valottery.com/-/media/val/images/digital-scratcher-teaser-images/2360_teaser.ashx,,,,2025-12-16,/virginia-statistics-for-each-scratcher-game,https://www.valottery.com/scratchers/2360
19,20,"$100,000 A YEAR",2343,1000000,1,,,,5/6/2025,224,,"612,000",2.91,678536.0,0.10871895424836601,2.91,-5.010785420800776e-07,4.11,0.0014540897675284835,0.34364278387587394,-9.287851521211365e-08,0.2433002817831331,0.00035378045017764315,0.05097243215922131,0.049029866873826475,6.53929920496276,6.798297200729095,5.0,0.41,-0.001305620522773124,0.4101654149521911,-0.001305620522773124,0.39,0.3910826708398008,0.9999998329572019,36.333333333333336,35.666666666666664,31.0,63.0,44.333333333333336,42.06666666666667,16.5,4.0,https://www.valottery.com/-/media/val/images/digital-scratcher-teaser-images/2343_teaser.ashx,,,,2025-12-16,/virginia-statistics-for-each-scratcher-game,https://www.valottery.com/scratchers/2343
20,20,The BIG Ticket: The Perfect Gift,2373,1000000,3,,,,11/4/2025,42,,"720,000",2.93,558510.6666666666,-0.2242907407407408,2.93,-1.313015634785028e-07,4.15,0.0007402334597549856,0.3412969731404712,1.0127259231218488e-07,0.2410565718828408,0.0001784381402014923,0.04036920579856815,0.035019288963016475,8.256999704098064,9.518339401085896,5.0,0.48,0.002074957056818634,0.4769835789468658,0.002074957056818634,0.84,0.8444836189182976,1.0000011640164805,44.333333333333336,42.333333333333336,70.0,99.33333333333333,64.16666666666667,64.03333333333333,92.0,13.0,https://www.valottery.com/-/media/val/images/digital-scratcher-teaser-images/2373_teaser.ashx,,,,2025-12-16,/virginia-statistics-for-each-scratcher-game,https://www.valottery.com/scratchers/2373
21,20,JACKSON,2330,1000000,1,,,,2/4/2025,315,4/1/2026,"408,000",2.8,136452.0,-0.6655588235294118,2.8,-2.9314251708585056e-06,3.28,0.006379323535381507,0.35714390408348723,-1.0469406300783746e-06,0.30522088353413657,0.0019471027658192752,0.03559268630621438,0.036191175427616004,9.363420471958317,9.20831196783711,4.0,0.72,0.025763491230889623,0.715584967607657,0.025763491230889623,0.15,0.1484926974891787,0.999999617386713,55.333333333333336,40.666666666666664,99.0,17.0,44.166666666666664,51.233333333333334,51.0,7.0,https://www.valottery.com/-/media/val/images/digital-scratcher-teaser-images/2330_teaser.ashx,,,,2025-12-16,/virginia-statistics-for-each-scratcher-game,https://www.valottery.com/scratchers/2330
22,20,50X The Money,2305,3000000,2,,,,5/1/2025,229,,"1,142,400",3.03,994055.0,-0.12985381652661065,3.03,-1.3077745487193382e-07,4.35,0.0011595458269081788,0.3300330464612119,8.274501639427001e-09,0.22968095326717333,0.0002663255908812723,0.03216750898101618,0.023648999564271057,10.362259300025455,14.094593879083536,5.0,0.52,0.0018862015067955343,0.5194884840376035,0.0018862015067955343,0.6,0.6043418313578258,1.0000000352859342,64.0,55.0,81.0,90.0,69.5,71.9,102.0,14.0,https://www.valottery.com/-/media/val/images/digital-scratcher-teaser-images/2305_teaser.ashx,,,,2025-12-16,/virginia-statistics-for-each-scratcher-game,https://www.valottery.com/scratchers/2305
23,20,"Bursting with $2,000s",2299,2000,560,,,,9/3/2024,469,4/1/2026,360,4.09,351.64464285714286,-0.023209325396825402,4.09,-1.167979704368259e-06,7.0,0.012796564259633037,0.24449906307605587,-1.3321324612847185e-07,0.1427933028981165,0.0018272636763810024,0.0394146810637316,0.029126692071307036,8.455600404997618,11.439600595086825,9.0,0.52,-3.501910612395156e-05,0.5183271464191224,-3.501910612395156e-05,0.17,0.16479641129070063,0.9999998934193475,46.0,47.666666666666664,79.0,35.333333333333336,54.333333333333336,52.46666666666666,57.0,8.0,https://www.valottery.com/-/media/val/images/digital-scratcher-teaser-images/2299_teaser.ashx,,,,2025-12-16,/virginia-statistics-for-each-scratcher-game,https://www.valottery.com/scratchers/2299
24,20,Multiplier Mania,2196,1000000,1,,,,2/7/2023,1043,1/14/2026,"979,200",3.26,594747.0,-0.39261948529411766,3.26,-1.4796185569199356e-06,5.16,0.0026649547729167386,0.3067489201290633,-4.204196883961231e-07,0.19372270898382002,0.000516262257928779,0.044350875667317415,0.03604982715221268,7.515513429846413,9.245719347862579,6.0,0.49,0.0028018295028780674,0.4919932340978601,0.0028018295028780674,0.22,0.22366671628572593,0.9999996219582293,38.0,41.0,75.0,30.333333333333332,39.0,44.66666666666667,27.0,5.0,https://www.valottery.com/-/media/val/images/digital-scratcher-teaser-images/2196_teaser.ashx,,,,2025-12-16,/virginia-statistics-for-each-scratcher-game,https://www.valottery.com/scratchers/2196
25,20,"$20,000 Bankroll",2187,20000,105,,,,8/2/2022,1232,,"15,300",3.31,14933.2,-0.02397385620915028,3.31,-4.5918756249539603e-07,5.66,0.0016012799622489016,0.3021149423528016,-1.0016409573987417e-07,0.1767133124913105,0.0002829674863549514,0.04422518612898581,0.028616998652016692,7.5370633560004014,11.647598871957111,7.0,0.45,1.7998471036483777e-05,0.447567133890226,1.7998471036483777e-05,0.51,0.5123645525783488,0.999999650487597,38.333333333333336,48.333333333333336,53.0,58.666666666666664,49.666666666666664,49.6,47.0,6.0,https://www.valottery.com/-/media/val/images/digital-scratcher-teaser-images/2187_teaser.ashx,,,,2025-12-16,/virginia-statistics-for-each-scratcher-game,https://www.valottery.com/scratchers/2187
26,20,Cash Blast,2292,600,701,,,,10/11/2024,431,,668.85,9.34,620.037089871612,-0.07298035453149138,9.34,-5.521731879726111e-07,9.34,-5.064701051995782e-07,0.10706644027553457,-5.422595127091423e-08,0.10706644027553457,-5.422595127091423e-08,0.033677410077467294,0.033677410077467294,9.895726848747548,9.895726848747548,14.0,0.65,0.0001907849897144238,0.6496758281452032,0.0001907849897144238,0.13,0.1263924407254352,0.9999999282060534,60.333333333333336,43.0,95.0,33.666666666666664,60.666666666666664,58.53333333333334,75.0,10.0,https://www.valottery.com/-/media/val/images/digital-scratcher-teaser-images/2292_teaser.ashx,,,,2025-12-16,/virginia-statistics-for-each-scratcher-game,https://www.valottery.com/scratchers/2292
27,10,Mega 777s,2126,777777,1,,,,1/4/2022,1442,,"1,836,000",3.45,1401334.0,-0.23674618736383443,3.45,-5.708842740887945e-07,5.31,0.007398198564792371,0.2898552379375652,-1.6547379705356136e-07,0.18845756971571373,0.0013942465217950395,0.03336872056067945,0.023956809571997126,9.989149424241212,13.91319538127547,6.0,0.44,0.0015693762106056574,0.43643949265485593,0.0015693762106056574,0.26,0.25493956853245475,0.9999998046792504,61.0,54.666666666666664,46.0,44.333333333333336,40.0,49.2,44.5,4.0,https://www.valottery.com/-/media/val/images/digital-scratcher-teaser-images/2126_teaser.ashx,,,,2025-12-16,/virginia-statistics-for-each-scratcher-game,https://www.valottery.com/scratchers/2126
28,10,$60 Million Ca$h Blowout,2200,500,131,,,,10/6/2023,802,4/1/2026,"1,530",9.35,1739.4503816793892,0.1368956743002544,9.35,-3.730215867529206e-06,9.35,-3.6183785028283865e-06,0.10695227061281093,-3.8699379681372825e-07,0.10695227061281093,-3.8699379681372825e-07,0.03898756927549445,0.03898756927549445,8.546735328989284,8.546735328989284,15.0,0.6,-0.0027058480454325733,0.5974248248986255,-0.0027058480454325733,0.03,0.02518008673451805,0.9999999002591331,47.666666666666664,38.666666666666664,91.0,20.333333333333332,46.0,48.733333333333334,40.0,2.0,https://www.valottery.com/-/media/val/images/digital-scratcher-teaser-images/2200_teaser.ashx,,,,2025-12-16,/virginia-statistics-for-each-scratcher-game,https://www.valottery.com/scratchers/2200
29,10,Funky Fortune,2220,500000,0,Top Prize Claimed,,,4/4/2023,987,1/14/2026,"1,224,000",4.12,0.0,0.0,4.12,-5.373740999107267e-07,7.18,0.024810253576757316,0.24271857703261862,-7.125609999270033e-08,0.13918892292260018,0.003453312472785408,0.0349158594852549,0.02331211382755013,9.545919384284923,14.295429467019448,9.0,0.42,-0.012297783719921827,0.4240298153223351,-0.012297783719921827,0.12,0.12434729195070156,0.9999999585459978,57.666666666666664,55.333333333333336,39.0,35.666666666666664,57.166666666666664,48.96666666666666,41.0,3.0,https://www.valottery.com/-/media/val/images/digital-scratcher-teaser-images/2220_teaser.ashx,,,,2025-12-16,/virginia-statistics-for-each-scratcher-game,https://www.valottery.com/scratchers/2220
30,10,CASH BLOWOUT,2321,500,4147,,,,6/12/2025,187,,"1,530",9.35,1498.0065107306486,-0.020910777300229645,9.35,-8.048634994372544e-08,9.35,-6.1708567496362e-08,0.10695188026592048,-6.5998473214312625e-09,0.10695188026592048,-6.5998473214312625e-09,0.037365011838361245,0.037365011838361245,8.920881898404566,8.920881898404566,14.0,0.61,3.900064210643301e-05,0.6142098984374862,3.900064210643301e-05,0.78,0.7799631603990355,0.9999997841423799,50.666666666666664,39.0,92.0,74.33333333333333,73.5,65.9,96.0,12.0,https://www.valottery.com/-/media/val/images/digital-scratcher-teaser-images/2321_teaser.ashx,,,,2025-12-16,/virginia-statistics-for-each-scratcher-game,https://www.valottery.com/scratchers/2321
31,10,Power Payout Multiplier,2367,1000000,2,,,,12/2/2025,14,,"816,000",4.14,1073824.5,0.31596139705882353,4.14,-3.91125212303772e-07,7.08,0.0008716198306283505,0.2415459881945327,8.276876961588187e-10,0.14130986953640934,0.0001231684845514336,0.04042978954024125,0.03165872016871639,8.244614662623277,10.528592672694122,9.0,0.52,-0.005641243397747584,0.5186503939889617,-0.005641243397747584,0.9,0.897591786768784,1.0000000313423738,44.0,45.0,80.0,97.33333333333333,68.66666666666667,67.0,97.0,13.0,https://www.valottery.com/-/media/val/images/digital-scratcher-teaser-images/2367_teaser.ashx,,,,2025-12-16,/virginia-statistics-for-each-scratcher-game,https://www.valottery.com/scratchers/2367
32,10,Loaded with $500s,2364,500,1240,,,,10/7/2025,70,,306,3.98,294.85322580645163,-0.0364273666455829,3.98,-1.9692645934926116e-06,6.72,0.017039923432170506,0.25125677619810843,-4.7563568655872857e-07,0.14879190849465837,0.0025354027280755087,0.04023118795590495,0.03013625696151138,8.284698732624287,11.058625290465695,8.0,0.47,-0.0016583985208310898,0.47363094814806705,-0.0016583985208310898,0.2,0.19353492371746775,0.9999995293985409,44.666666666666664,46.666666666666664,69.0,23.333333333333332,46.833333333333336,46.1,31.0,1.0,https://www.valottery.com/-/media/val/images/digital-scratcher-teaser-images/2364_teaser.ashx,,,,2025-12-16,/virginia-statistics-for-each-scratcher-game,https://www.valottery.com/scratchers/2364
33,10,King of Crossword,2294,300000,1,,,,1/10/2025,340,,"979,200",3.69,672805.0,-0.3129033905228758,3.69,-1.1890516635140819e-07,6.37,0.008878837485071008,0.27100274225072646,-2.48316268103288e-08,0.15696672884416732,0.0013936820759705704,0.04358759784477079,0.032979780439805595,7.64711453745293,10.106235708927029,8.0,0.46,0.0015383080568646664,0.45642645343004296,0.0015383080568646664,0.23,0.2302487050185555,0.9999999727235229,39.666666666666664,43.666666666666664,58.0,57.0,57.5,51.166666666666664,50.0,6.0,https://www.valottery.com/-/media/val/images/digital-scratcher-teaser-images/2294_teaser.ashx,,,,2025-12-16,/virginia-statistics-for-each-scratcher-game,https://www.valottery.com/scratchers/2294
34,10,HAMILTON,2329,500000,1,,,,2/4/2025,315,1/14/2026,"612,000",3.77,136500.0,-0.7769607843137255,3.77,-2.8571346938800635e-06,6.32,0.044606040643536335,0.2652527472527473,-6.394105176998899e-07,0.15828571428571428,0.00706049900471975,0.04524976106794059,0.03707955507915767,7.365022945723981,8.985941152744191,8.0,0.72,0.05450961621593377,0.7221538461538461,0.05450961621593377,0.09,0.09022439865631848,0.9999998064150462,37.0,39.666666666666664,100.0,19.0,50.333333333333336,49.2,44.5,4.0,https://www.valottery.com/-/media/val/images/digital-scratcher-teaser-images/2329_teaser.ashx,,,,2025-12-16,/virginia-statistics-for-each-scratcher-game,https://www.valottery.com/scratchers/2329
35,10,JEWEL 7S,2347,500000,1,,,,6/3/2025,196,4/1/2026,"612,000",5.24,186790.0,-0.6947875816993464,5.24,-1.4990073359009843e-06,5.24,-1.4760834072648424e-06,0.19083998072701966,-2.816957290208144e-07,0.19083998072701966,-2.816957290208144e-07,0.03190799461497253,0.03190799461497253,10.443642083246232,10.443642083246232,6.0,0.71,0.030273916194934886,0.709208201723861,0.030273916194934886,0.11,0.10623919621858495,0.9999998230431717,64.66666666666667,44.0,98.0,22.666666666666668,39.5,53.76666666666667,63.0,7.0,https://www.valottery.com/-/media/val/images/digital-scratcher-teaser-images/2347_teaser.ashx,,,,2025-12-16,/virginia-statistics-for-each-scratcher-game,https://www.valottery.com/scratchers/2347
36,10,WILD CASH,2358,500000,1,,,,8/5/2025,133,,"612,000",4.01,307996.0,-0.49673856209150324,4.01,-2.2727562719042352e-07,6.86,0.022917485212615902,0.24937661528071794,-1.5513571399727866e-08,0.14585579033493942,0.003342647918175373,0.038618227602110984,0.02794125219496217,8.63053274406481,11.9266249848067,8.0,0.55,0.015025909480873248,0.5471694437590099,0.015025909480873248,0.21,0.2143995863011527,0.9999999873065198,48.333333333333336,49.666666666666664,88.0,52.0,68.16666666666667,61.233333333333334,82.0,9.0,https://www.valottery.com/-/media/val/images/digital-scratcher-teaser-images/2358_teaser.ashx,,,,2025-12-16,/virginia-statistics-for-each-scratcher-game,https://www.valottery.com/scratchers/2358
37,10,20X The Money,2310,1000000,1,,,,1/10/2025,340,,"1,795,200",3.65,900484.0,-0.49839349376114084,3.65,-2.2210273097086478e-07,6.89,0.02589230088468559,0.2739726635898028,-4.037763140507522e-08,0.14508530967790656,0.003756592492128119,0.038444121805075816,0.017908127991883654,8.67028827919633,18.6108704174625,8.0,0.51,0.008723188026641706,0.511837522932112,0.008723188026641706,0.19,0.18705592797027543,0.9999999701939799,49.0,64.33333333333333,77.0,46.333333333333336,63.166666666666664,59.96666666666666,77.0,8.0,https://www.valottery.com/-/media/val/images/digital-scratcher-teaser-images/2310_teaser.ashx,,,,2025-12-16,/virginia-statistics-for-each-scratcher-game,https://www.valottery.com/scratchers/2310
38,10,Payday Bonu$,2161,500000,0,Top Prize Claimed,,,7/5/2022,1260,1/14/2026,"1,672,800",6.97,0.0,0.0,6.97,-1.135692416245602e-07,6.97,-1.0339486005844453e-07,0.14347203924953436,-1.483427139459259e-08,0.14347203924953436,-1.483427139459259e-08,0.019226235333711143,0.019226235333711143,17.332663409844287,17.332663409844287,8.0,0.54,-0.007221687167230577,0.5355767046745105,-0.007221687167230577,0.08,0.07576762772818131,0.9999999898256173,68.33333333333333,63.333333333333336,87.0,33.333333333333336,74.83333333333333,65.36666666666666,94.0,11.0,https://www.valottery.com/-/media/val/images/digital-scratcher-teaser-images/2161_teaser.ashx,,,,2025-12-16,/virginia-statistics-for-each-scratcher-game,https://www.valottery.com/scratchers/2161
39,10,Hit It Big!,2140,1000000,1,,,,3/1/2022,1386,,"1,672,800",3.87,1698980.0,0.015650406504065042,3.87,-1.8246238536731108e-07,6.9,0.007297245410605879,0.25839797996444924,-2.2732176863105025e-08,0.14485455979470035,0.0010570392716671984,0.037952330312405566,0.02212595897925274,8.782772019940698,15.064338226982196,8.0,0.48,-0.001400636671202733,0.4781824977339345,-0.001400636671202733,0.35,0.34701721890683046,0.9999999528399196,49.333333333333336,58.0,71.0,68.33333333333333,67.16666666666667,62.76666666666667,87.0,10.0,https://www.valottery.com/-/media/val/images/digital-scratcher-teaser-images/2140_teaser.ashx,,,,2025-12-16,/virginia-statistics-for-each-scratcher-game,https://www.valottery.com/scratchers/2140
40,10,Gold Bar 7s,2195,250000,1,,,,2/7/2023,1043,,"1,224,000",3.71,1055027.0,-0.13804983660130718,3.71,-5.118349801493973e-07,5.93,0.005253272949693849,0.26954191693672297,-1.1103636854414844e-07,0.16869426090517115,0.0008861969975817452,0.042820275033871265,0.0366966224614072,7.7842612787694545,9.083024522938716,8.0,0.46,0.0020053464836957908,0.46261754438512004,0.0020053464836957908,0.34,0.3445915118456991,0.9999998294917242,40.0,40.0,63.0,57.666666666666664,51.0,50.33333333333333,49.0,5.0,https://www.valottery.com/-/media/val/images/digital-scratcher-teaser-images/2195_teaser.ashx,,,,2025-12-16,/virginia-statistics-for-each-scratcher-game,https://www.valottery.com/scratchers/2195
41,5,Crossword Ca$h Corners,2188,100000,1,,,,12/13/2023,734,1/14/2026,"1,224,000",4.01,386074.0,-0.6845800653594771,4.01,-2.020333987997885e-06,7.15,0.06787719953185883,0.24937706242844637,-4.915490985080151e-07,0.13988768992472947,0.009495184641071658,0.0421101954873044,0.03165458344190527,7.915088635563315,10.528281093288271,9.0,0.4,-0.013058712155674473,0.40227003113392773,-0.013058712155674473,0.06,0.055323074716789516,0.9999998901424487,40.666666666666664,44.666666666666664,29.0,21.333333333333332,30.0,33.13333333333333,5.0,3.0,https://www.valottery.com/-/media/val/images/digital-scratcher-teaser-images/2188_teaser.ashx,,,,2025-12-16,/virginia-statistics-for-each-scratcher-game,https://www.valottery.com/scratchers/2188
42,5,The Price is Right,2174,200000,1,,,,10/4/2022,1169,,"2,040,000",4.27,1803835.0,-0.1157671568627451,4.27,-4.878492603383133e-07,7.24,0.017251146817012432,0.234192151721194,-1.0249348944557646e-07,0.13807471304193566,0.0023819471464032738,0.030985141139372938,0.019555510103167216,10.757570652129875,17.04432768051749,8.0,0.44,-0.004196170863591224,0.4366319535877727,-0.004196170863591224,0.3,0.3008454982076117,0.9999998107752262,66.0,62.333333333333336,47.0,51.333333333333336,49.666666666666664,55.26666666666667,65.0,20.0,https://www.valottery.com/-/media/val/images/digital-scratcher-teaser-images/2174_teaser.ashx,,,,2025-12-16,/virginia-statistics-for-each-scratcher-game,https://www.valottery.com/scratchers/2174
43,5,"$100,000 Jumbo Cash",2184,100000,1,,,,1/3/2023,1078,,"1,632,000",4.03,1374205.0,-0.1579626225490196,4.03,-5.967082865317883e-07,6.85,0.014674477394014734,0.24813910588303784,-1.4651100399554196e-07,0.14596803242602086,0.0021420045920844677,0.03594120018881515,0.024942170080966292,9.274155169482091,13.363357137705902,8.0,0.42,-0.003801013466632427,0.4238064917534138,-0.003801013466632427,0.29,0.2873976457730806,0.9999997621284956,54.0,52.666666666666664,38.0,44.666666666666664,41.166666666666664,46.099999999999994,30.0,12.0,https://www.valottery.com/-/media/val/images/digital-scratcher-teaser-images/2184_teaser.ashx,,,,2025-12-16,/virginia-statistics-for-each-scratcher-game,https://www.valottery.com/scratchers/2184
44,5,Livin Lucky with Luke Combs,2194,200000,1,,,,2/7/2023,1043,,"1,387,200",4.01,1107802.0,-0.20141147635524798,4.01,-5.416127385872822e-07,6.82,0.019152051269684025,0.24937669366908527,-1.2550413733269927e-07,0.14657312407812947,0.0028071759871020896,0.03249172668049307,0.020672673119227616,10.258640872139182,16.122744913062263,8.0,0.43,-0.0019071100762177965,0.4330105921455278,-0.0019071100762177965,0.29,0.2874098177181141,0.9999998011972364,63.333333333333336,60.666666666666664,45.0,48.0,45.833333333333336,52.56666666666666,58.0,18.0,https://www.valottery.com/-/media/val/images/digital-scratcher-teaser-images/2194_teaser.ashx,,,,2025-12-16,/virginia-statistics-for-each-scratcher-game,https://www.valottery.com/scratchers/2194
45,5,Big Wins!,2182,150000,1,,,,3/7/2023,1015,1/14/2026,"2,040,000",5.33,1333763.0,-0.34619460784313727,5.33,-1.5744923713779996e-07,5.33,-6.54604574472576e-09,0.18761729032819174,-1.2281513861456261e-09,0.18761729032819174,-1.2281513861456261e-09,0.03534185590276253,0.03534185590276253,9.431331819450353,9.431331819450353,7.0,0.48,-0.00496659749516342,0.4802539881523179,-0.00496659749516342,0.23,0.2301927884243053,0.9999999980870367,56.666666666666664,41.333333333333336,72.0,59.333333333333336,59.0,57.66666666666667,72.0,22.0,https://www.valottery.com/-/media/val/images/digital-scratcher-teaser-images/2182_teaser.ashx,,,,2025-12-16,/virginia-statistics-for-each-scratcher-game,https://www.valottery.com/scratchers/2182
46,5,10X The Money,2146,100000,0,Top Prize Claimed,,,9/6/2022,1197,1/14/2026,"1,713,600",4.48,0.0,0.0,4.48,-1.486750968369778e-07,9.41,0.1598191210085537,0.22321431890069618,-3.010442040096706e-08,0.10622372631884122,0.016976582570530377,0.03667160615335375,0.01637530435100172,9.089340653888254,20.352231672842763,11.0,0.35,-0.04575888799300536,0.3523804744966418,-0.04575888799300536,0.04,0.03810222123634785,0.99999999244173,53.0,67.0,4.0,31.0,58.833333333333336,42.766666666666666,21.0,7.0,https://www.valottery.com/-/media/val/images/digital-scratcher-teaser-images/2146_teaser.ashx,,,,2025-12-16,/virginia-statistics-for-each-scratcher-game,https://www.valottery.com/scratchers/2146
47,5,MONOPOLY FORTUNES,2136,200000,1,,,,2/1/2022,1414,,"2,040,000",4.12,1561306.0,-0.23465392156862744,4.12,-6.148694808968499e-07,7.12,0.015171480905166086,0.24271859584219876,-1.1642154629232238e-07,0.14053875409432873,0.002132181024177948,0.036309314110780457,0.025301277069960285,9.180158496067415,13.173774578666256,9.0,0.43,-0.003679910297832242,0.4300111573259822,-0.003679910297832242,0.26,0.25701700167955377,0.9999998280499254,53.333333333333336,52.333333333333336,43.0,47.666666666666664,41.833333333333336,47.63333333333334,37.0,13.0,https://www.valottery.com/-/media/val/images/digital-scratcher-teaser-images/2136_teaser.ashx,,,,2025-12-16,/virginia-statistics-for-each-scratcher-game,https://www.valottery.com/scratchers/2136
48,5,"$100,000 Extreme Cash",2324,100000,0,Top Prize Claimed,,,1/7/2025,343,4/1/2026,"1,101,600",4.18,0.0,0.0,4.18,-1.0730408151606873e-06,7.91,0.10097966014473989,0.23923470646937,-2.523095363193839e-07,0.12645799577221464,0.012769685435663175,0.03684453326228447,0.020753215099762665,9.046105125047548,16.056297565163064,9.0,0.39,-0.028618418893932657,0.3928862682819525,-0.028618418893932657,0.13,0.13086388739892413,0.9999998639732649,52.333333333333336,60.333333333333336,23.0,30.666666666666668,46.833333333333336,42.63333333333334,20.0,6.0,https://www.valottery.com/-/media/val/images/digital-scratcher-teaser-images/2324_teaser.ashx,,,,2025-12-16,/virginia-statistics-for-each-scratcher-game,https://www.valottery.com/scratchers/2324
49,5,LINCOLN,2328,100000,0,Top Prize Claimed,,,2/4/2025,315,1/14/2026,"765,000",3.9,0.0,0.0,3.9,-2.5221094418635075e-06,5.72,0.03722027619448086,0.25641090310661613,-6.131072088910727e-07,0.17481730423652403,0.006506748347258007,0.03951915510614177,0.03642466396741641,8.43385358056897,9.14979837087596,7.0,0.37,-0.024703635673852458,0.37302092725587493,-0.024703635673852458,0.1,0.1015068194616553,0.9999997228192793,45.333333333333336,40.333333333333336,10.0,14.666666666666666,35.833333333333336,29.233333333333338,2.0,1.0,https://www.valottery.com/-/media/val/images/digital-scratcher-teaser-images/2328_teaser.ashx,,,,2025-12-16,/virginia-statistics-for-each-scratcher-game,https://www.valottery.com/scratchers/2328
50,5,Lets Make A Deal,2303,100000,1,,,,10/1/2024,441,4/1/2026,"1,305,600",4.28,827456.0,-0.3662254901960784,4.28,-8.217952872719336e-07,7.73,0.032505694831916385,0.2336450518214866,-1.750663032595856e-07,0.1293917743058241,0.004205969529345349,0.03318373421414496,0.01952594106165299,10.044560168127541,17.06858542161314,9.0,0.45,-0.006870298539458146,0.45328452509861544,-0.006870298539458146,0.22,0.2201851677429779,0.9999997956471095,61.666666666666664,62.666666666666664,55.0,36.333333333333336,43.666666666666664,51.86666666666666,54.0,16.0,https://www.valottery.com/-/media/val/images/digital-scratcher-teaser-images/2303_teaser.ashx,,,,2025-12-16,/virginia-statistics-for-each-scratcher-game,https://www.valottery.com/scratchers/2303
51,5,BINGO MULTIPLIER,2318,100000,1,,,,10/4/2024,438,,"1,387,200",3.53,720261.0,-0.48078070934256056,3.53,-2.776770427064974e-07,6.46,0.023016790972701748,0.28328619764224355,-6.571641408825712e-08,0.15484109232625395,0.0035639450560581987,0.036250503811174964,0.02176275967523942,9.194860124804428,15.314581674274192,8.0,0.4,-0.0017179450495552044,0.39733096752427244,-0.0017179450495552044,0.18,0.17603083726896138,0.9999999513926946,53.666666666666664,59.333333333333336,25.0,42.0,43.166666666666664,44.63333333333333,26.0,10.0,https://www.valottery.com/-/media/val/images/digital-scratcher-teaser-images/2318_teaser.ashx,,,,2025-12-16,/virginia-statistics-for-each-scratcher-game,https://www.valottery.com/scratchers/2318
52,5,10 YEARS OF CASH,2357,600000,2,,,,8/5/2025,133,,"1,876,800",4.29,1403649.0,-0.252105179028133,4.29,-2.7784716231992783e-07,7.58,0.00842611656176215,0.23310029786648942,-5.9445866756879795e-08,0.1320030862416459,0.001112273391184443,0.035457231873732946,0.023957712189245854,9.400862025791609,13.912881827771354,9.0,0.48,0.005344976430613308,0.4823616872879189,0.005344976430613308,0.56,0.5592398803267353,0.9999997078116384,56.0,54.333333333333336,73.0,63.0,57.833333333333336,60.833333333333336,79.0,24.0,https://www.valottery.com/-/media/val/images/digital-scratcher-teaser-images/2357_teaser.ashx,,,,2025-12-16,/virginia-statistics-for-each-scratcher-game,https://www.valottery.com/scratchers/2357
53,5,Cash Boom,2346,200,125,,,,6/3/2025,196,,"1,530",6.75,1712.768,0.11945620915032681,6.75,-2.3353954875968037e-06,6.75,-2.0246696849370116e-06,0.14814849413347284,-2.9995176492603193e-07,0.14814849413347284,-2.9995176492603193e-07,0.07672290713008698,0.07672290713008698,4.344043950203218,4.344043950203218,14.0,0.52,-0.0015110252570351274,0.5239518720573948,-0.0015110252570351274,0.08,0.0848801113669676,0.9999998029304581,35.333333333333336,35.333333333333336,84.0,17.333333333333332,45.0,43.400000000000006,22.0,8.0,https://www.valottery.com/-/media/val/images/digital-scratcher-teaser-images/2346_teaser.ashx,,,,2025-12-16,/virginia-statistics-for-each-scratcher-game,https://www.valottery.com/scratchers/2346
54,5,PINK PANTHER DIAMOND TRIPLER,2363,100000,1,,,,10/7/2025,70,,"1,101,600",4.19,1741485.0,0.5808687363834423,4.19,-2.928534273211087e-07,7.3,0.011665341879072347,0.23866355438031336,-1.1327966981111715e-08,0.13698998268718937,0.0015980349820542972,0.0327349245252818,0.02022050801954708,10.182554925226828,16.483774851981956,9.0,0.44,-0.00732601388985638,0.4441341728467371,-0.00732601388985638,0.5,0.4948071966145487,0.9999999469933538,62.666666666666664,61.0,50.0,77.0,64.0,62.93333333333332,88.0,26.0,https://www.valottery.com/-/media/val/images/digital-scratcher-teaser-images/2363_teaser.ashx,,,,2025-12-16,/virginia-statistics-for-each-scratcher-game,https://www.valottery.com/scratchers/2363
55,5,Cash Vault,2366,150000,3,,,,12/2/2025,14,,"1,060,800",3.82,955240.3333333334,-0.09950948969331319,3.82,-3.419731595049663e-07,6.43,0.0013231810839006318,0.261780194233842,-5.991431334395614e-08,0.15541324504374293,0.00020563986602950557,0.03934503829250069,0.02844917205236022,8.471959449844443,11.71649437215379,8.0,0.44,0.0011462562091040204,0.44391516131542463,0.0011462562091040204,0.92,0.9169680954065929,0.9999979328266523,46.333333333333336,49.0,48.0,68.0,49.0,52.06666666666668,55.0,17.0,https://www.valottery.com/-/media/val/images/digital-scratcher-teaser-images/2366_teaser.ashx,,,,2025-12-16,/virginia-statistics-for-each-scratcher-game,https://www.valottery.com/scratchers/2366
56,5,Cashing Through The Snow,2372,100000,3,,,,11/4/2025,42,,"538,560",4.66,509748.0,-0.0534982174688057,4.66,-1.56940267553219e-07,8.84,0.01318347055982939,0.21459230835628584,4.278538631719009e-08,0.11310883024553309,0.0014911669335987282,0.03230492504680316,0.016871022677435454,10.318019691991967,19.755486599866423,10.0,0.46,-0.004305594569177941,0.4594021621140903,-0.004305594569177941,0.54,0.5408855238685061,1.000000261725625,63.666666666666664,65.66666666666667,61.0,89.66666666666667,68.0,69.6,101.0,28.0,https://www.valottery.com/-/media/val/images/digital-scratcher-teaser-images/2372_teaser.ashx,,,,2025-12-16,/virginia-statistics-for-each-scratcher-game,https://www.valottery.com/scratchers/2372
57,5,MONEY TREE,2308,100000,0,Top Prize Claimed,,,11/5/2024,406,1/14/2026,"1,020,000",4.26,0.0,0.0,4.26,-2.391359063195318e-06,8.05,0.08428497700610692,0.23474234539079383,-5.073352782325458e-07,0.12427026009081207,0.010474116014297014,0.039274810169272104,0.024866156226359678,8.486287024021985,13.40077985992065,10.0,0.37,-0.03618058090193861,0.3738360779226214,-0.03618058090193861,0.1,0.09704160213517266,0.9999997240905696,46.666666666666664,53.0,12.0,14.333333333333334,38.666666666666664,32.93333333333333,4.0,2.0,https://www.valottery.com/-/media/val/images/digital-scratcher-teaser-images/2308_teaser.ashx,,,,2025-12-16,/virginia-statistics-for-each-scratcher-game,https://www.valottery.com/scratchers/2308
58,5,CLUE,2342,100000,1,,,,5/6/2025,224,,"1,101,600",4.54,1234902.0,0.12100762527233115,4.54,-5.668462785794546e-07,8.42,0.012927048136989198,0.22026444203669604,-5.939602953919376e-08,0.11871306387065532,0.00153460949114545,0.033790043284658317,0.021360120499337998,9.864481140867923,15.603744085620074,10.0,0.47,-0.005855161156951264,0.46728404359212317,-0.005855161156951264,0.37,0.3710810829615532,0.9999998385580067,59.666666666666664,59.666666666666664,65.0,61.333333333333336,60.166666666666664,61.166666666666664,80.0,25.0,https://www.valottery.com/-/media/val/images/digital-scratcher-teaser-images/2342_teaser.ashx,,,,2025-12-16,/virginia-statistics-for-each-scratcher-game,https://www.valottery.com/scratchers/2342
59,5,RED 7S DOUBLER,2319,100000,2,,,,9/2/2025,105,,"1,183,200",3.79,728672.5,-0.38415103110209603,3.79,-6.587317125077002e-07,6.69,0.013059469490908769,0.2638524165520175,-1.1654057341381474e-07,0.149401136999132,0.001951099590547234,0.04098875587339499,0.02851170725479558,8.132139575878705,11.690476222973956,8.0,0.42,0.0024453331536516995,0.42130312314517154,0.0024453331536516995,0.43,0.4366662527067817,0.999999692062085,42.666666666666664,48.666666666666664,34.0,56.333333333333336,35.666666666666664,43.46666666666666,23.0,9.0,https://www.valottery.com/-/media/val/images/digital-scratcher-teaser-images/2319_teaser.ashx,,,,2025-12-16,/virginia-statistics-for-each-scratcher-game,https://www.valottery.com/scratchers/2319
60,5,DOUBLE SIDED DOLLARS,2352,100000,1,,,,7/1/2025,168,,"979,200",4.05,626227.0,-0.36047079248366015,4.05,-3.193729049671899e-07,7.0,0.027917201030011152,0.24691365910444615,-1.3574499690971464e-08,0.14281562436624418,0.003987012495658998,0.03682878692410563,0.025498075283348937,9.050361163111138,13.07097154551756,9.0,0.42,-0.006479125435921355,0.42144941051727247,-0.006479125435921355,0.22,0.21840437265769463,0.9999999829675648,52.666666666666664,51.666666666666664,35.0,53.333333333333336,52.5,49.03333333333333,42.0,15.0,https://www.valottery.com/-/media/val/images/digital-scratcher-teaser-images/2352_teaser.ashx,,,,2025-12-16,/virginia-statistics-for-each-scratcher-game,https://www.valottery.com/scratchers/2352
61,5,10X The Money,2382,100000,5,,,,12/8/2025,8,,"1,370,880",4.48,1328754.4,-0.030728874883286714,4.48,-1.204135097188086e-07,8.12,2.2494392972729917e-05,0.22321431259230448,-2.2848514552586963e-08,0.12319417343039465,2.7711781491052134e-06,0.0321394735678662,0.017988312008282183,10.371389607010157,18.530131485489967,10.0,0.46,2.6169838046218863e-06,0.4615575308725225,2.6169838046218863e-06,1.0,0.9996755474651481,0.9998123957444169,64.33333333333333,63.666666666666664,62.0,68.33333333333333,60.666666666666664,63.8,90.5,27.0,https://www.valottery.com/-/media/val/images/digital-scratcher-teaser-images/2382_teaser.ashx,,,,2025-12-16,/virginia-statistics-for-each-scratcher-game,https://www.valottery.com/scratchers/2382
62,5,10X The Money,2317,100000,1,,,,6/10/2025,189,,"1,142,400",4.48,518636.0,-0.5460119047619048,4.48,-3.085014359051539e-07,8.55,0.05382561120829486,0.2232143545762346,-3.220318681163015e-08,0.1169047270147078,0.006292468384705541,0.03379207823634164,0.017461904783935323,9.863404400314057,19.0831655090576,10.0,0.45,-0.005730685543931635,0.45013072752373534,-0.005730685543931635,0.18,0.1791153047464582,0.9999999741200866,59.333333333333336,65.33333333333333,54.0,45.666666666666664,56.5,56.166666666666664,66.0,21.0,https://www.valottery.com/-/media/val/images/digital-scratcher-teaser-images/2317_teaser.ashx,,,,2025-12-16,/virginia-statistics-for-each-scratcher-game,https://www.valottery.com/scratchers/2317
63,5,BONUS SPIN CROSSWORD,2273,100000,4,,,,7/2/2025,167,,"1,224,000",3.83,1288612.0,0.05278758169934641,3.83,-9.118337347147326e-08,6.21,0.001518588299180176,0.2610966295517968,-2.380767144538609e-08,0.160918104130646,0.0002443683500590599,0.03767843286021533,0.029845379372936028,8.846735833954444,11.168524306908687,8.0,0.43,-0.001324116986462356,0.4267613137236034,-0.001324116986462356,0.74,0.7393016516499643,0.9999997398394865,49.666666666666664,47.0,40.0,70.0,57.0,52.73333333333333,60.0,19.0,https://www.valottery.com/-/media/val/images/digital-scratcher-teaser-images/2273_teaser.ashx,,,,2025-12-16,/virginia-statistics-for-each-scratcher-game,https://www.valottery.com/scratchers/2273
64,5,Double It,2338,100000,0,Top Prize Claimed,,,4/1/2025,259,4/1/2026,"897,600",4.82,0.0,0.0,4.82,-2.5990726677361376e-06,4.82,-2.339605533443188e-06,0.2074694188961458,-4.853966004414456e-07,0.2074694188961458,-4.853966004414456e-07,0.042320861556027704,0.042320861556027704,7.875082892326154,7.875082892326154,6.0,0.44,-0.018811454085365106,0.4440107987557956,-0.018811454085365106,0.07,0.0693603249753141,0.9999997657190225,40.333333333333336,37.0,49.0,12.666666666666666,34.833333333333336,34.766666666666666,7.0,4.0,https://www.valottery.com/-/media/val/images/digital-scratcher-teaser-images/2338_teaser.ashx,,,,2025-12-16,/virginia-statistics-for-each-scratcher-game,https://www.valottery.com/scratchers/2338
65,5,BLACK DIAMOND DAZZLER,2334,250000,1,,,,3/4/2025,287,4/1/2026,"1,020,000",4.68,435689.0,-0.5728539215686275,4.68,-6.426598330423216e-07,7.57,0.04927117570467926,0.2136753509957791,-1.1198100455245275e-07,0.1321470131217451,0.0065110387023700755,0.030169868328001438,0.022832322193114755,11.04724007073067,14.595485698848712,9.0,0.52,0.012094414651325158,0.5158289513850476,0.012094414651325158,0.14,0.1383522615232815,0.9999999121800726,66.33333333333333,56.333333333333336,78.0,34.0,55.166666666666664,57.96666666666666,74.0,23.0,https://www.valottery.com/-/media/val/images/digital-scratcher-teaser-images/2334_teaser.ashx,,,,2025-12-16,/virginia-statistics-for-each-scratcher-game,https://www.valottery.com/scratchers/2334
66,5,Virginia Lottery Green,2272,100000,1,,,,8/6/2024,497,,"1,305,600",4.6,1016291.0,-0.2215908394607843,4.6,-7.871754942564859e-07,8.85,0.039632215106332205,0.21739147547306825,-1.4887103247374078e-07,0.11298535557237051,0.004477859915909613,0.03694100454333943,0.022902773679206345,9.0230280397865,14.552433391560426,11.0,0.43,-0.015774821971966873,0.4274504054448972,-0.015774821971966873,0.25,0.24668390640329502,0.9999997592763569,52.0,56.0,41.0,39.0,42.333333333333336,46.06666666666667,29.0,11.0,https://www.valottery.com/-/media/val/images/digital-scratcher-teaser-images/2272_teaser.ashx,,,,2025-12-16,/virginia-statistics-for-each-scratcher-game,https://www.valottery.com/scratchers/2272
67,5,Super Loteria,2199,100000,1,,,,6/6/2023,924,,"1,632,000",4.02,1012975.0,-0.3793045343137255,4.02,-6.712895612516086e-07,6.83,0.016250686112359358,0.24875638589303783,-1.4627414213208567e-07,0.14642019793183444,0.002379428677099782,0.0404613694721661,0.03175547828823507,8.238041374022114,10.496133655126306,9.0,0.43,-0.0023056875372020414,0.4278545867370863,-0.0023056875372020414,0.23,0.22601488996101077,0.9999998322394107,43.666666666666664,44.333333333333336,42.0,43.666666666666664,37.666666666666664,42.266666666666666,19.0,5.0,https://www.valottery.com/-/media/val/images/digital-scratcher-teaser-images/2199_teaser.ashx,,,,2025-12-16,/virginia-statistics-for-each-scratcher-game,https://www.valottery.com/scratchers/2199
68,5,SKEE-BALL,2255,150000,1,,,,5/7/2024,588,1/14/2026,"1,346,400",3.94,571536.0,-0.5755080213903744,3.94,-6.998679349536885e-07,6.73,0.03612137278581357,0.25380728423056464,-1.378206947455496e-07,0.1484963326894544,0.0053638913904019425,0.03900899637902419,0.027990798506493844,8.544534076506077,11.90700465894761,8.0,0.46,0.0032670356385478792,0.45795890372609954,0.0032670356385478792,0.17,0.16958501973044104,0.9999999082115155,47.333333333333336,49.333333333333336,60.0,37.333333333333336,45.833333333333336,47.966666666666676,38.0,14.0,https://www.valottery.com/-/media/val/images/digital-scratcher-teaser-images/2255_teaser.ashx,,,,2025-12-16,/virginia-statistics-for-each-scratcher-game,https://www.valottery.com/scratchers/2255
69,2,Mystery Multiplier,2337,20000,0,Top Prize Claimed,,,4/1/2025,259,1/14/2026,"612,000",4.82,0.0,0.0,4.82,-3.2275554842861145e-08,8.73,0.026366072761912482,0.2074688863642232,2.50963315684416e-08,0.11451689948100906,0.003019360904184906,0.031757191531632464,0.022019063643699533,10.495453301013868,15.135168486090818,11.0,0.39,-0.049369360670893495,0.38611812207906226,-0.049369360670893495,0.22,0.21632603447393056,1.0000000433380445,65.33333333333333,58.333333333333336,18.0,56.333333333333336,65.0,52.6,59.0,11.0,https://www.valottery.com/-/media/val/images/digital-scratcher-teaser-images/2337_teaser.ashx,,,,2025-12-16,/virginia-statistics-for-each-scratcher-game,https://www.valottery.com/scratchers/2337
70,2,Money Match,2157,25000,3,,,,5/3/2022,1323,,"874,285.71",6.82,823226.0,-0.05840162937124978,6.82,-3.4822341243823856e-07,6.82,-2.501207365583258e-07,0.14662761704157384,-3.6674607573061735e-08,0.14662761704157384,-3.6674607573061735e-08,0.037287652595070206,0.037287652595070206,8.939289055266297,8.939289055266297,9.0,0.49,-0.005372516124555464,0.4877739122266142,-0.005372516124555464,0.4,0.4015490728299217,0.9999998305933409,51.333333333333336,39.333333333333336,74.0,63.666666666666664,57.5,57.16666666666667,69.0,13.0,https://www.valottery.com/-/media/val/images/digital-scratcher-teaser-images/2157_teaser.ashx,,,,2025-12-16,/virginia-statistics-for-each-scratcher-game,https://www.valottery.com/scratchers/2157
71,2,LUCKY SHAMROCK,2333,25000,0,Top Prize Claimed,,,3/4/2025,287,4/1/2026,"856,800",4.64,0.0,0.0,4.64,-4.552539952298012e-07,11.03,0.05367682724107638,0.2155173394944402,-5.041566808472453e-08,0.09062485265209962,0.004864454559554754,0.028263554996449603,0.00903615944564349,11.792701867797273,36.86443037598244,12.0,0.36,-0.06915452460133076,0.3604710905451831,-0.06915452460133076,0.2,0.1943570661159868,0.999999924875711,66.66666666666667,68.33333333333333,7.0,44.0,51.666666666666664,47.53333333333333,36.0,9.0,https://www.valottery.com/-/media/val/images/digital-scratcher-teaser-images/2333_teaser.ashx,,,,2025-12-16,/virginia-statistics-for-each-scratcher-game,https://www.valottery.com/scratchers/2333
72,2,5X The Money,2293,20000,3,,eXTRA Chances,,10/16/2025,61,,"1,136,400",4.53,1508271.0,0.32723600844772965,4.53,-3.315054014960698e-08,8.31,0.0031183313393780285,0.22075055919437997,6.89803397735389e-09,0.12026596458240374,0.0003750291264178335,0.033901933541262766,0.02095500183759021,9.832184107611711,15.906636155188624,10.0,0.42,-0.0045420562105766855,0.41804412690646003,-0.0045420562105766855,0.84,0.8380681981101926,1.0000001873229953,59.0,60.0,33.0,98.0,61.666666666666664,62.333333333333336,86.0,15.0,https://www.valottery.com/-/media/val/images/digital-scratcher-teaser-images/2293_teaser.ashx,,,,2025-12-16,/virginia-statistics-for-each-scratcher-game,https://www.valottery.com/scratchers/2293
73,2,FAST $100s,2345,100,846,,,,6/3/2025,196,4/1/2026,306,4.5,420.30260047281325,0.37353791004187337,4.5,-1.4061671678907335e-06,8.8,0.07586668718452744,0.22222253470425452,-3.124820323052724e-07,0.11364940265934709,0.00862220368026509,0.03964257694129639,0.022552490821419375,8.40757316223058,14.774929465496356,11.0,0.34,-0.09072644684677965,0.3424879631921164,-0.09072644684677965,0.12,0.11842647301848384,0.9999997708185033,45.0,57.333333333333336,2.0,19.666666666666668,35.5,31.9,3.0,1.0,https://www.valottery.com/-/media/val/images/digital-scratcher-teaser-images/2345_teaser.ashx,,,,2025-12-16,/virginia-statistics-for-each-scratcher-game,https://www.valottery.com/scratchers/2345
74,2,Pirates Treasure,2290,20000,2,,,,8/6/2024,497,,"979,200",5.63,684416.5,-0.3010452410130719,5.63,-1.1688787549867563e-07,11.6,0.01671049781261607,0.17761991418967837,-1.4042560780858082e-08,0.08623696243442407,0.0014410625721271025,0.02804435347764626,0.011489662450281915,11.885352921805826,29.004457861027895,13.0,0.44,-0.014463143840709528,0.44440775463478743,-0.014463143840709528,0.48,0.47755963243197325,0.9999999296840517,67.0,68.0,51.0,75.33333333333333,57.666666666666664,63.8,90.5,16.0,https://www.valottery.com/-/media/val/images/digital-scratcher-teaser-images/2290_teaser.ashx,,,,2025-12-16,/virginia-statistics-for-each-scratcher-game,https://www.valottery.com/scratchers/2290
75,2,Tis The Season,2371,15000,2,,,,11/4/2025,42,,"587,520",4.26,950510.0,0.6178342864923747,4.26,-3.892645590319199e-07,7.5,0.010906759303626605,0.2347418754142513,-1.783493155937954e-08,0.13336208982546213,0.001454548213954937,0.033272548841072586,0.020062139905294485,10.018043756614947,16.613954985868112,9.0,0.41,-0.018619115845221954,0.4134296325130719,-0.018619115845221954,0.61,0.6038660241099362,0.9999998605284525,61.333333333333336,61.333333333333336,32.0,76.66666666666667,55.333333333333336,57.333333333333336,70.0,14.0,https://www.valottery.com/-/media/val/images/digital-scratcher-teaser-images/2371_teaser.ashx,,,,2025-12-16,/virginia-statistics-for-each-scratcher-game,https://www.valottery.com/scratchers/2371
76,2,Lucky 7s,2359,25000,1,,,,9/2/2025,105,,"734,400",4.55,387236.0,-0.4727178649237473,4.55,-2.1950390309296e-06,9.03,0.08133870414498334,0.2197807022074394,-4.345725284071733e-07,0.11075674782303298,0.009008810343238208,0.035387384388619575,0.016757057825007294,9.418510302293317,19.882893939333144,11.0,0.37,-0.05225721195805417,0.3743569812724023,-0.05225721195805417,0.18,0.18034608791646983,0.999999544089461,56.333333333333336,66.0,14.0,21.666666666666668,27.333333333333332,37.06666666666667,9.0,2.0,https://www.valottery.com/-/media/val/images/digital-scratcher-teaser-images/2359_teaser.ashx,,,,2025-12-16,/virginia-statistics-for-each-scratcher-game,https://www.valottery.com/scratchers/2359
77,2,BARKIN BUCKS,2356,20000,0,Top Prize Claimed,,,8/5/2025,133,,"775,200",4.68,0.0,0.0,4.68,-9.302749613373006e-07,9.36,0.06283320652115411,0.21367541245209973,-1.288405452881669e-07,0.10685827963375756,0.0067142483527231345,0.03853372821462878,0.022582971606085092,8.64980391694316,14.756737424299253,12.0,0.39,-0.05898217170090583,0.3928161238268685,-0.05898217170090583,0.19,0.18089700793040683,0.999999808826493,48.666666666666664,57.0,22.0,33.333333333333336,47.666666666666664,41.733333333333334,15.0,4.0,https://www.valottery.com/-/media/val/images/digital-scratcher-teaser-images/2356_teaser.ashx,,,,2025-12-16,/virginia-statistics-for-each-scratcher-game,https://www.valottery.com/scratchers/2356
78,2,Pair A Dice,2341,25000,0,Top Prize Claimed,,,5/6/2025,224,4/1/2026,"612,000",5.95,0.0,0.0,5.95,-6.833945711847042e-07,5.95,-4.172886830682962e-07,0.16806734174706525,-7.013259972765695e-08,0.16806734174706525,-7.013259972765695e-08,0.04400447186242883,0.04400447186242883,7.574404449629626,7.574404449629626,8.0,0.47,-0.028626823600093887,0.46605491420829537,-0.028626823600093887,0.2,0.19856172973416494,0.9999998684963658,38.666666666666664,36.333333333333336,64.0,41.0,52.666666666666664,46.53333333333333,32.0,7.0,https://www.valottery.com/-/media/val/images/digital-scratcher-teaser-images/2341_teaser.ashx,,,,2025-12-16,/virginia-statistics-for-each-scratcher-game,https://www.valottery.com/scratchers/2341
79,2,5X The Money,2234,20000,0,Top Prize Claimed,eXTRA Chances,,2/26/2024,659,,"1,713,600",4.53,0.0,0.0,4.53,-6.267454456328787e-07,8.92,0.07673622892061817,0.2207506902308694,-1.3608781856966345e-07,0.11205891410880524,0.00859897848564918,0.03574753205493701,0.019890055584393378,9.324227431567934,16.756085555849126,11.0,0.36,-0.0717984870105341,0.35992338572424265,-0.0717984870105341,0.11,0.10333961895500095,0.9999999031719967,54.666666666666664,61.666666666666664,6.0,29.0,45.0,39.266666666666666,13.0,3.0,https://www.valottery.com/-/media/val/images/digital-scratcher-teaser-images/2234_teaser.ashx,,,,2025-12-16,/virginia-statistics-for-each-scratcher-game,https://www.valottery.com/scratchers/2234
80,2,TEAM USA,2282,30000,1,,,,7/2/2024,532,4/1/2026,"979,200",4.61,753048.0,-0.23095588235294118,4.61,-1.4607300454779212e-07,8.85,0.03449978285161699,0.21691977138243512,-2.4265616044294447e-08,0.11304857060904484,0.0039001511376977327,0.03191495092591383,0.01631655610307145,10.443757930898768,20.424246354141296,10.0,0.42,-0.025046047384216792,0.4222459922873442,-0.025046047384216792,0.26,0.2549988794148446,0.999999961183593,65.0,67.33333333333333,36.0,58.333333333333336,55.166666666666664,56.36666666666666,67.0,12.0,https://www.valottery.com/-/media/val/images/digital-scratcher-teaser-images/2282_teaser.ashx,,,,2025-12-16,/virginia-statistics-for-each-scratcher-game,https://www.valottery.com/scratchers/2282
81,2,VIRGINIA ADVENTURE,2279,20000,2,,,,6/4/2024,560,,"979,200",4.5,452819.0,-0.537562295751634,4.5,-5.520966700108451e-07,8.42,0.029711269266868394,0.22222234491043882,-8.437180742948414e-08,0.118773726367489,0.0035289181659338142,0.03950333346286938,0.027016998093012386,8.43775268436919,12.336496562435885,11.0,0.42,-0.005282546641528736,0.4225407944454628,-0.005282546641528736,0.35,0.35368095806446753,0.9999998275761884,45.666666666666664,50.333333333333336,37.0,58.666666666666664,42.333333333333336,46.8,33.0,8.0,https://www.valottery.com/-/media/val/images/digital-scratcher-teaser-images/2279_teaser.ashx,,,,2025-12-16,/virginia-statistics-for-each-scratcher-game,https://www.valottery.com/scratchers/2279
82,2,JEFFERSON,2327,20000,1,,,,2/4/2025,315,,"587,520",4.26,500571.0,-0.14799325980392156,4.26,-5.993152223841165e-07,5.58,0.03060419292363827,0.2347419247219675,-8.62268142165501e-08,0.17920734521176815,0.005484496166194036,0.0317520775060936,0.031261906581227336,10.497062928703686,10.661336877285567,7.0,0.4,-0.027194892858236567,0.39810136823747283,-0.027194892858236567,0.16,0.1562935305248665,0.9999999243507914,65.66666666666667,45.333333333333336,27.0,36.666666666666664,45.166666666666664,43.96666666666666,25.0,5.0,https://www.valottery.com/-/media/val/images/digital-scratcher-teaser-images/2327_teaser.ashx,,,,2025-12-16,/virginia-statistics-for-each-scratcher-game,https://www.valottery.com/scratchers/2327
83,2,Year of the Snake,2323,20000,2,,,,1/7/2025,343,,"979,200",4.25,278853.0,-0.7152236519607843,4.25,-4.4826465551248957e-07,9.11,0.04928349620817349,0.23529422312114268,-6.53446777520994e-08,0.10974599520177297,0.005408666338388823,0.03749264461796713,0.017941609147679168,8.890030419918874,18.573149128613107,11.0,0.4,-0.029790816488916686,0.39781085374731484,-0.029790816488916686,0.2,0.19991682419972803,0.999999934758154,50.0,64.0,26.0,46.666666666666664,41.833333333333336,45.7,28.0,6.0,https://www.valottery.com/-/media/val/images/digital-scratcher-teaser-images/2323_teaser.ashx,,,,2025-12-16,/virginia-statistics-for-each-scratcher-game,https://www.valottery.com/scratchers/2323
84,2,Lucky Spot,2302,20000,2,,,,10/1/2024,441,,"979,200",4.34,330946.5,-0.6620235906862745,4.34,-6.043269203032237e-07,7.36,0.03437542039292537,0.23041488578969713,-5.9521511636129176e-08,0.13584673051384438,0.004669788470417852,0.03258432677957967,0.021997527006929637,10.229180985955876,15.150665219406768,9.0,0.4,-0.018669031689832888,0.3997005558300209,-0.018669031689832888,0.27,0.26963891706296816,0.9999999190670428,63.0,58.666666666666664,28.0,56.333333333333336,40.166666666666664,49.233333333333334,46.0,10.0,https://www.valottery.com/-/media/val/images/digital-scratcher-teaser-images/2302_teaser.ashx,,,,2025-12-16,/virginia-statistics-for-each-scratcher-game,https://www.valottery.com/scratchers/2302
85,1,BLACKJACK,2269,1000,34,,,,10/24/2024,418,,"122,400",4.69,110555.82352941176,-0.09676614763552482,4.69,-2.6337499440308765e-07,9.86,0.031026036820746773,0.2132196723614208,-4.7570414885012013e-08,0.10137492424641477,0.0031452621323696806,0.0340656744706069,0.015637322901308027,9.784901339957885,21.315329336955422,12.0,0.37,-0.05842195813170713,0.3733094114285622,-0.05842195813170713,0.45,0.44760901944277076,0.9999997997301903,58.666666666666664,67.66666666666667,11.0,63.0,45.333333333333336,49.13333333333334,43.0,9.0,https://www.valottery.com/-/media/val/images/digital-scratcher-teaser-images/2269_teaser.ashx,,,,2025-12-16,/virginia-statistics-for-each-scratcher-game,https://www.valottery.com/scratchers/2269
86,1,MOOLA,2322,500,3,,,,1/7/2025,343,1/14/2026,"489,600",4.51,384447.3333333333,-0.21477260348583882,4.51,-2.601135846748195e-07,7.76,0.021953412261725588,0.22172954769704042,-3.949614885145891e-09,0.1288048124493862,0.002827705148995635,0.032859761545242304,0.02279215685811205,10.14371668415771,14.62347433477861,9.0,0.39,-0.04280483029824766,0.38684882714754165,-0.04280483029824766,0.38,0.3791913412230159,0.9999999884381708,62.333333333333336,56.666666666666664,19.0,74.66666666666667,49.5,52.43333333333334,56.0,10.0,https://www.valottery.com/-/media/val/images/digital-scratcher-teaser-images/2322_teaser.ashx,,,,2025-12-16,/virginia-statistics-for-each-scratcher-game,https://www.valottery.com/scratchers/2322
87,1,Piggy Bank Bucks,2306,2000,1,,,,11/5/2024,406,1/14/2026,"765,000",4.53,1273346.0,0.6645045751633987,4.53,-5.968523453248054e-07,9.42,-0.003702168319842899,0.22075068363194292,-1.274245903792881e-07,0.10614397029558345,-0.00039296284417066063,0.040984791197537514,0.024812291916251412,8.132862928595655,13.432866486486203,12.0,0.38,-0.037530223229035306,0.37630620428383177,-0.037530223229035306,0.38,0.3779762600325872,0.9999995881943969,43.0,53.333333333333336,16.0,49.0,32.333333333333336,38.733333333333334,11.0,2.0,https://www.valottery.com/-/media/val/images/digital-scratcher-teaser-images/2306_teaser.ashx,,,,2025-12-16,/virginia-statistics-for-each-scratcher-game,https://www.valottery.com/scratchers/2306
88,1,GOING BANANAS,2353,1000,4,,,,7/1/2025,168,,"587,520",4.98,197300.0,-0.6641816448801743,4.98,-6.588946495060738e-07,10.71,0.07963220049678342,0.20080334515965534,-8.704638979062373e-08,0.09338317283324886,0.007436307542083062,0.03575595200209024,0.019463307252257783,9.321908857647516,17.12226425062278,14.0,0.34,-0.16236289569551723,0.34320957932083124,-0.16236289569551723,0.27,0.26868665953299686,0.9999998400509441,54.333333333333336,63.0,3.0,51.333333333333336,30.833333333333332,40.50000000000001,14.0,4.0,https://www.valottery.com/-/media/val/images/digital-scratcher-teaser-images/2353_teaser.ashx,,,,2025-12-16,/virginia-statistics-for-each-scratcher-game,https://www.valottery.com/scratchers/2353
89,1,2X The Money,2316,4000,2,,,,5/20/2025,210,,"1,632,000",4.7,1268154.0,-0.22294485294117647,4.7,0.0,9.02,0.01720605464506602,0.2127659574468085,1.7581664013555098e-08,0.11087139259112064,0.0019076592394973862,0.032957093367547055,0.017868035094665207,10.11397098218293,18.654050064660346,11.0,0.39,-0.03021376489118534,0.387839726090049,-0.03021376489118534,0.52,0.5229771621081686,1.000000090952797,62.0,64.66666666666667,21.0,87.0,54.583333333333336,57.85,73.0,13.0,https://www.valottery.com/-/media/val/images/digital-scratcher-teaser-images/2316_teaser.ashx,,,,2025-12-16,/virginia-statistics-for-each-scratcher-game,https://www.valottery.com/scratchers/2316
90,1,Moneybags,2344,2000,1,,,,6/3/2025,196,4/1/2026,"979,200",4.81,815814.0,-0.16685661764705884,4.81,-5.883690614873341e-07,8.46,0.04070544724100324,0.2079003302223301,-7.91244371411981e-08,0.11813722245511844,0.004808828475845489,0.035511678617496135,0.026963398127138702,9.386063957745105,12.360852310562933,11.0,0.37,-0.09609748627655491,0.37414165483799006,-0.09609748627655491,0.27,0.2613368256562171,0.9999998465746197,55.666666666666664,51.0,13.0,50.666666666666664,40.166666666666664,42.099999999999994,18.0,6.0,https://www.valottery.com/-/media/val/images/digital-scratcher-teaser-images/2344_teaser.ashx,,,,2025-12-16,/virginia-statistics-for-each-scratcher-game,https://www.valottery.com/scratchers/2344
91,1,Lucky Stars,2340,3000,3,,,,5/6/2025,224,,"734,400",4.74,301418.0,-0.5895724400871459,4.74,-5.971769852178323e-07,9.3,0.03194437472651192,0.21097059012180205,-1.1147541378875303e-07,0.10753726276024214,0.0034352106186765624,0.034156540070964726,0.021892146649255807,9.75849080944804,15.223776496072098,12.0,0.37,-0.07223003343060205,0.374465581573319,-0.07223003343060205,0.31,0.3078769238525442,0.9999997615049845,58.333333333333336,59.0,15.0,46.666666666666664,31.333333333333332,42.06666666666667,16.5,5.0,https://www.valottery.com/-/media/val/images/digital-scratcher-teaser-images/2340_teaser.ashx,,,,2025-12-16,/virginia-statistics-for-each-scratcher-game,https://www.valottery.com/scratchers/2340
92,1,Gnome for the Holidays,2370,500,200,,,,11/4/2025,42,,"12,240",5.24,12648.6,0.0333823529411765,5.24,-1.581202649730193e-08,11.27,0.02342478379351582,0.19083969767405087,1.776457200786119e-08,0.08873788403459672,0.002078665747804506,0.035189722991958425,0.01668828755114826,9.472276698389619,19.972311444508268,14.0,0.41,-0.04432087439982983,0.4079574024002657,-0.04432087439982983,0.6,0.5940965369648598,1.000000155871805,57.0,66.33333333333333,30.0,90.33333333333333,63.333333333333336,61.39999999999999,83.0,14.0,https://www.valottery.com/-/media/val/images/digital-scratcher-teaser-images/2370_teaser.ashx,,,,2025-12-16,/virginia-statistics-for-each-scratcher-game,https://www.valottery.com/scratchers/2370
93,1,2026,2369,2026,4,,,,12/2/2025,14,,"734,400",5.38,619033.5,-0.15708946078431374,5.38,-9.692527821240053e-08,9.49,0.005277734504747467,0.1858736239638081,-7.86989967638263e-09,0.10538282661600705,0.0005561825802391229,0.02671893219611797,0.016459401132413294,12.47521030220714,20.25027900335817,11.0,0.43,-0.01452752973713901,0.43250405672714,-0.01452752973713901,0.84,0.8426866094814816,0.9999997696145656,68.0,66.66666666666667,44.0,74.66666666666667,57.333333333333336,62.13333333333334,85.0,15.0,https://www.valottery.com/-/media/val/images/digital-scratcher-teaser-images/2369_teaser.ashx,,,,2025-12-16,/virginia-statistics-for-each-scratcher-game,https://www.valottery.com/scratchers/2369
94,1,$50 WINS,2355,50,852,,,,8/5/2025,133,,566.67,4.75,607.7265258215963,0.07245226643654389,4.75,-4.828275151387635e-07,9.74,0.07791837890679275,0.2105264174374207,-6.456975937263465e-08,0.10262020962449521,0.007996000377015908,0.04100109578005657,0.02457341182393941,8.129257730143266,13.561334543549169,13.0,0.37,-0.0856948059223259,0.3719531154943287,-0.0856948059223259,0.17,0.1680041786583658,0.9999999315830178,42.333333333333336,53.666666666666664,9.0,40.0,49.0,38.8,12.0,3.0,https://www.valottery.com/-/media/val/images/digital-scratcher-teaser-images/2355_teaser.ashx,,,,2025-12-16,/virginia-statistics-for-each-scratcher-game,https://www.valottery.com/scratchers/2355
95,1,2X The Money,2284,4000,0,Top Prize Claimed,,,4/24/2024,601,1/14/2026,"1,762,560",4.7,0.0,0.0,4.7,-5.5581058053905235e-08,9.4,0.060066885832589616,0.2127659692725662,-4.477389264900822e-09,0.10638770902647549,0.00639037837208406,0.034188092862018835,0.01757995630310819,9.749734941425631,18.95910951135487,11.0,0.35,-0.11761991771536853,0.35279689457495494,-0.11761991771536853,0.16,0.15383366424664505,0.9999999945025563,58.0,65.0,5.0,44.333333333333336,62.333333333333336,46.93333333333334,34.0,8.0,https://www.valottery.com/-/media/val/images/digital-scratcher-teaser-images/2284_teaser.ashx,,,,2025-12-16,/virginia-statistics-for-each-scratcher-game,https://www.valottery.com/scratchers/2284
96,1,DOUBLE UP!,2361,1500,1,,,,10/7/2025,70,,"816,000",6.85,864757.0,0.059751225490196076,6.85,-8.094753015169537e-07,6.85,-6.865568726483303e-07,0.14598551963152653,-1.0022736179893244e-07,0.14598551963152653,-1.0022736179893244e-07,0.027598231067951097,0.027598231067951097,12.076913344634217,12.076913344634217,8.0,0.46,-0.03925512772361489,0.4566693302280294,-0.03925512772361489,0.33,0.33369218488792557,0.9999996232557288,67.33333333333333,50.0,59.0,44.666666666666664,44.5,53.1,61.0,11.0,https://www.valottery.com/-/media/val/images/digital-scratcher-teaser-images/2361_teaser.ashx,,,,2025-12-16,/virginia-statistics-for-each-scratcher-game,https://www.valottery.com/scratchers/2361
97,1,Quick 7s,2336,2000,1,,,,4/1/2025,259,1/14/2026,"979,200",4.89,814018.0,-0.1686907679738562,4.89,-9.09069980301575e-07,8.67,0.035525466602782066,0.20449916340916294,-1.6201125746517775e-07,0.11535617148515144,0.004098081817520527,0.036964654609896654,0.029198552197276798,9.01713490472732,11.414703412882691,12.0,0.37,-0.09232575767188098,0.3701920596350449,-0.09232575767188098,0.24,0.2289920520121912,0.9999996923291359,51.666666666666664,47.333333333333336,8.0,36.0,30.5,34.7,6.0,1.0,https://www.valottery.com/-/media/val/images/digital-scratcher-teaser-images/2336_teaser.ashx,,,,2025-12-16,/virginia-statistics-for-each-scratcher-game,https://www.valottery.com/scratchers/2336
98,1,WASHINGTON,2326,5000,0,Top Prize Claimed,,,2/4/2025,315,1/14/2026,"765,000",4.9,0.0,0.0,4.9,-1.0146878604464685e-06,6.41,0.019673120763708175,0.20408183973242655,-1.7961009587952326e-07,0.15603885751104427,0.0030697712876458227,0.02723303451704229,0.026986588991202324,12.23910533835471,12.350574190045457,8.0,0.39,-0.06906104677831088,0.39487125500527004,-0.06906104677831088,0.23,0.22195935368172523,0.999999682196921,67.66666666666667,50.666666666666664,24.0,33.0,42.333333333333336,43.53333333333334,24.0,7.0,https://www.valottery.com/-/media/val/images/digital-scratcher-teaser-images/2326_teaser.ashx,,,,2025-12-16,/virginia-statistics-for-each-scratcher-game,https://www.valottery.com/scratchers/2326
99,1,HIGH ROLLER,2332,2500,2,,,,3/4/2025,287,1/14/2026,"734,400",4.92,474165.0,-0.35435049019607845,4.92,0.0,10.07,0.040711477234005845,0.2032520325203252,6.897951890239007e-08,0.0992977128214862,0.0040425565749207665,0.03564824042386039,0.01970324704810334,9.350171553956613,16.91464649845613,13.0,0.39,-0.0661974626284263,0.38691700146573454,-0.0661974626284263,0.33,0.33227078616737293,1.0000001711601578,55.0,62.0,20.0,73.66666666666667,56.916666666666664,53.51666666666667,62.0,12.0,https://www.valottery.com/-/media/val/images/digital-scratcher-teaser-images/2332_teaser.ashx,,,,2025-12-16,/virginia-statistics-for-each-scratcher-game,https://www.valottery.com/scratchers/2332
100,0,PROMOTIONAL GAME,2034,50,1164,,,,12/15/2020,1827,,102,2,126.29896907216495,0.2382251869820093,2.0,0.0,2.0,0.0,0.5,0.0,0.5,0.0,0.08315890612506915,0.08315890612506915,4.0081714959946115,4.0081714959946115,2.0,1.91,-0.08888515903463648,1.9136601093788266,-0.08888515903463648,0.67,0.6666490118284866,1.0,35.0,35.0,102.0,91.5,81.75,69.05,100.0,2.0,https://www.valottery.com/-/media/val/images/digital-scratcher-teaser-images/2034_teaser.ashx,,,,2025-12-16,/virginia-statistics-for-each-scratcher-game,https://www.valottery.com/scratchers/2034
101,0,A Win For Education,2286,50,1145,,,,6/21/2024,543,,102,2,135.23842794759824,0.32586694066272787,2.0,0.0,2.0,0.0,0.5,0.0,0.5,0.0,0.08380164930619219,0.08380164930619219,3.9774421150700796,3.9774421150700796,2.0,1.87,-0.10807891336572398,1.8745479437900394,-0.10807891336572398,0.69,0.6921291714108687,1.0,34.666666666666664,34.666666666666664,101.0,92.16666666666667,81.75,68.85,99.0,1.0,https://www.valottery.com/-/media/val/images/digital-scratcher-teaser-images/2286_teaser.ashx,,,,2025-12-16,/virginia-statistics-for-each-scratcher-game,https://www.valottery.com/scratchers/2286
