,price,gameNumber,topprize,topprizeodds,overallodds,topprizeremain,topprizeavail,extrachances,secondChance,startDate,endDate,lastdatetoclaim,dateexported,gameURL,gameName,prizeamount,Winning Tickets At Start,Winning Tickets Unclaimed,Total at start,Total remaining,Non-prize at start,Non-prize remaining,Current Odds of Top Prize,Change in Current Odds of Top Prize,Current Odds of Any Prize,Change in Current Odds of Any Prize,Odds of Profit Prize,Starting Odds of Profit Prize,Change in Odds of Profit Prize,Probability of Winning Any Prize,Starting Probability of Winning Any Prize,Change in Probability of Any Prize,Probability of Winning Profit Prize,Starting Probability of Winning Profit Prize,Change in Probability of Profit Prize,StdDev of All Prizes,StdDev of Profit Prizes,Odds of Any Prize + 3 StdDevs,Odds of Profit Prize + 3 StdDevs,Max Tickets to Buy,Expected Value of Any Prize (as % of cost),Change in Expected Value of Any Prize,Expected Value of Profit Prize (as % of cost),Change in Expected Value of Profit Prize,Percent of Prizes Remaining,Percent of Profit Prizes Remaining,Ratio of Decline in Prizes to Decline in Losing Ticket,Photo,FAQ,About,Directory,Data Date,Days Since Start,Rank by Best Probability of Winning Any Prize,Rank by Best Probability of Winning Profit Prize,Rank by Least Expected Losses,Rank by Most Available Prizes,Rank by Best Change in Probabilities,Rank Average,Overall Rank,Rank by Cost,Stats Page
0,50,2150,5000000,"2,774,400",3.43,2,,eXTRA Chances,,10/4/2022,,,2023-04-25,https://www.valottery.com/scratchers/2150,"$326,000,000 FORTUNE",500000010000010000500025006004003002001501007550,2390903,1629022,8200797.29,5587545.46,5809894.29,3958523.46,2793772.5,0.006982590830449827,3.43,-8.232595221020333e-08,5.22,5.217220115391148,0.00015713779938274775,0.29154521350611046,0.29154519981411564,-1.369199481571215e-08,0.19164284135519266,0.19167295568955067,3.0114334358011252e-05,0.03552198637043012,0.028024384521102834,9.383805559930364,11.894271237790845,6.0,0.52,-3.4383615657194746e-05,0.5202344679103256,-3.4383615657194746e-05,0.68,0.6789367417528349,0.9999998995845419,https://www.valottery.com/-/media/val/images/digital-scratcher-teaser-images/2150_teaser.ashx,,,,2023-04-25,203,47.0,41.666666666666664,80.0,66.66666666666667,59.5,58.96666666666666,84.0,1.0,/virginia-statistics-for-each-scratcher-game
1,30,2149,5000000,"2,652,000",2.82,3,,eXTRA Chances,,9/6/2022,,,2023-04-25,https://www.valottery.com/scratchers/2149,100X The Money,500000030000030000300060050030020010060504030,2796442,2340167,7885966.4399999995,6599270.9399999995,5089524.4399999995,4259103.9399999995,2199756.6666666665,-0.1705291603821016,2.82,-1.4243997675603354e-07,4.61,4.611004596406722,0.00027889836802211574,0.3546099795886515,0.3546099488635888,-3.072506266077468e-08,0.2168120110254619,0.2168724795415045,6.046851604257775e-05,0.04156310032460268,0.02610689490069244,8.019906801338468,12.767905186187926,5.0,0.46,0.0009670813400380127,0.46232421666840934,0.0009670813400380127,0.86,0.8658311311892111,0.9999995556125272,https://www.valottery.com/-/media/val/images/digital-scratcher-teaser-images/2149_teaser.ashx,,,,2023-04-25,231,37.666666666666664,43.0,63.0,61.0,45.666666666666664,50.06666666666666,62.0,3.0,/virginia-statistics-for-each-scratcher-game
2,30,2193,1000000,"1,060,800",3.06,3,,eXTRA Chances,,12/6/2022,,,2023-04-25,https://www.valottery.com/scratchers/2193,Dominion Dollars,10000001000050002000500200100755030,1039346,814308,3180398.7600000002,2491782.48,2141052.7600000002,1677474.48,830594.0,-0.21701168929110107,3.06,-1.9263318681650722e-07,4.96,4.95638459848179,0.00032802455307416286,0.326797448572949,0.326797463713661,1.514071196195843e-08,0.2016938078852805,0.20175996840646987,6.616052118937898e-05,0.045088267048726385,0.033176157071298326,7.392839178039257,10.047175411097976,6.0,0.47,0.000613977354042899,0.473521091866517,0.000613977354042899,0.81,0.8138637809140211,1.0000001676488417,https://www.valottery.com/-/media/val/images/digital-scratcher-teaser-images/2193_teaser.ashx,,,,2023-04-25,140,33.666666666666664,37.0,69.0,86.66666666666667,51.5,55.56666666666666,76.0,5.0,/virginia-statistics-for-each-scratcher-game
3,30,2198,50000,"61,200",3.87,36,,eXTRA Chances,,3/7/2023,,,2023-04-25,https://www.valottery.com/scratchers/2198,Bonanza Buck$,50000500020006005003002001007550,632304,545066,2447016.48,2109405.42,1814712.48,1564339.42,58594.583333333336,-0.04257216775599124,3.87,-1.9910823974350522e-07,3.87,3.8699992408714796,-2.9509998859641705e-09,0.25839798426570526,0.25839798350317283,-7.625324260907007e-10,0.25839798426570526,0.25839798350317283,-7.625324260907007e-10,0.041552387393186736,0.041552387393186736,8.021883903379978,8.021883903379978,5.0,0.52,8.382838811025837e-05,0.5224047381449587,8.382838811025837e-05,0.87,0.8711609234933549,0.9999999815620528,https://www.valottery.com/-/media/val/images/digital-scratcher-teaser-images/2198_teaser.ashx,,,,2023-04-25,49,38.0,32.333333333333336,81.0,82.66666666666667,55.5,57.9,80.0,7.0,/virginia-statistics-for-each-scratcher-game
4,30,2021,7000000,"2,611,200",2.77,1,,eXTRA Chances,,1/5/2021,1/6/2023,7/5/2023,2023-04-25,https://www.valottery.com/scratchers/2021,100X THE MONEY,70000005000005000020000400060050030020010060504030,2814450,1073125,7796026.5,2972556.25,4981576.5,1899431.25,2972556.0,0.13838694852941177,2.77,-8.410269785049907e-08,4.74,4.735368149956874,0.0017936666257752781,0.3610108606868971,0.36101085347842604,-7.208471042297049e-09,0.21079872002411393,0.2111768226529773,0.0003781026288633693,0.04352437448324164,0.02574584021709686,7.658489258406824,12.946807845885566,5.0,0.44,-0.0009364987129394392,0.4400336500529062,-0.0009364987129394392,0.38,0.38484316810263375,0.9999999876946674,https://www.valottery.com/-/media/val/images/digital-scratcher-teaser-images/2021_teaser.ashx,,,,2023-04-25,840,35.666666666666664,43.666666666666664,51.0,53.333333333333336,56.666666666666664,48.06666666666666,53.0,2.0,/virginia-statistics-for-each-scratcher-game
5,30,2089,1000000,"1,060,800",2.92,0,Top Prize Claimed,,2nd Chance,3/2/2021,,,2023-04-25,https://www.valottery.com/scratchers/2089,Commonwealth,10000001000050002000500200100755030,1023234,85120,2987843.28,248550.4,1964609.2799999998,163430.4,inf,inf,2.92,-1.609331548085618e-06,5.27,5.196592122609842,0.013292285559102057,0.34246630456648564,0.3424657855181815,-5.190483041150884e-07,0.18990947495473748,0.192433805926215,0.0025243309714775286,0.05160983182285377,0.03244151185044188,6.458227645440658,10.272665185059068,6.0,0.41,-0.003267505769748427,0.407938040635687,-0.003267505769748427,0.08,0.07754219088954502,0.999999862479999,https://www.valottery.com/-/media/val/images/digital-scratcher-teaser-images/2089_teaser.ashx,,,,2023-04-25,784,32.333333333333336,38.0,24.0,13.666666666666666,35.5,28.7,2.0,1.0,/virginia-statistics-for-each-scratcher-game
6,30,2092,5000000,"2,448,000",2.95,2,,,,10/5/2021,,,2023-04-25,https://www.valottery.com/scratchers/2092,"$5,000,000 Ultimate",50000002000020001000500200100605030,2487696,1661172,7338703.2,4900457.4,4851007.2,3239285.4000000004,2450228.5,0.0009103349673202615,2.95,-8.162503366247812e-08,4.97,4.9644834637924395,0.0006843850478830417,0.3389830785169628,0.33898306008568546,-1.8431277337693786e-08,0.20129306307554581,0.2014308250381573,0.00013776196261147677,0.04820080948605972,0.033429356526554724,6.915484391563643,9.971174994448573,6.0,0.47,-3.549019492914716e-05,0.46599715087796917,-3.549019492914716e-05,0.67,0.675587008541213,0.999999890721053,https://www.valottery.com/-/media/val/images/digital-scratcher-teaser-images/2092_teaser.ashx,,,,2023-04-25,567,32.666666666666664,36.333333333333336,65.0,64.66666666666667,55.166666666666664,50.766666666666666,65.0,4.0,/virginia-statistics-for-each-scratcher-game
7,30,2143,5000000,"2,529,600",3.08,2,,,,4/5/2022,,,2023-04-25,https://www.valottery.com/scratchers/2143,"$173,000,000 Extravaganza",50000004000020000500050030020010080605030,2463069,1848927,7586252.5200000005,5694695.16,5123183.5200000005,3845768.16,2847347.5,0.125611756799494,3.08,-2.809632396868359e-08,5.01,5.008587468119677,0.00038734322556610427,0.324675333797508,0.32467534693021005,1.313270203695538e-08,0.19957978434314744,0.19965709022057268,7.730587742524331e-05,0.03873652726646714,0.024536125222928102,8.605102353953153,13.585248116322232,6.0,0.47,-0.0005060645372052072,0.47217073668270787,-0.0005060645372052072,0.75,0.7551795983145023,1.0000001217743484,https://www.valottery.com/-/media/val/images/digital-scratcher-teaser-images/2143_teaser.ashx,,,,2023-04-25,385,39.666666666666664,45.666666666666664,67.0,85.0,65.0,60.46666666666666,87.0,8.0,/virginia-statistics-for-each-scratcher-game
8,30,2138,1000000,"1,224,000",3.91,1,,,,2/1/2022,,,2023-04-25,https://www.valottery.com/scratchers/2138,Instant Millionaire,10000001000020005003002001501006050,937637,447487,3666160.67,1749674.1700000002,2728523.67,1302187.1700000002,1749674.0,0.4294722222222222,3.91,-9.716094743197709e-08,3.91,3.9099992854377548,8.559156063314755e-08,0.2557545005526744,0.2557545224431012,2.1890426804560548e-08,0.2557545005526744,0.2557545224431012,2.1890426804560548e-08,0.03637447403937042,0.03637447403937042,9.163747821929515,9.163747821929515,5.0,0.51,-0.0006088180546727263,0.5138957314333985,-0.0006088180546727263,0.46,0.459591023493975,1.0000000781416172,https://www.valottery.com/-/media/val/images/digital-scratcher-teaser-images/2138_teaser.ashx,,,,2023-04-25,448,44.666666666666664,34.0,79.0,63.0,68.0,57.73333333333333,79.0,6.0,/virginia-statistics-for-each-scratcher-game
9,20,2151,2000000,"1,428,000",3.65,2,,,,5/3/2022,,,2023-04-25,https://www.valottery.com/scratchers/2151,Supreme Riches,2000000500002000500200100503020,1172696,793081,4280340.399999999,2894745.65,3107644.3999999994,2101664.65,1447372.5,0.013566176470588236,3.65,-2.2454477133074817e-07,5.75,5.750100081408501,0.0007338163066792047,0.27397266425885525,0.27397262834260827,-3.591624697651952e-08,0.17378249206752236,0.17391001649401683,0.0001275244264944686,0.03748678316947196,0.028708062069940248,8.891923175576773,11.610872198995155,7.0,0.5,-0.00016853225936689506,0.5004312987845216,-0.00016853225936689506,0.67,0.6735604681869272,0.9999997261216022,https://www.valottery.com/-/media/val/images/digital-scratcher-teaser-images/2151_teaser.ashx,,,,2023-04-25,357,43.0,40.333333333333336,77.0,52.333333333333336,52.666666666666664,53.06666666666668,71.0,7.0,/virginia-statistics-for-each-scratcher-game
10,20,2148,3000000,"1,836,000",3.03,2,,eXTRA Chances,,3/1/2022,,,2023-04-25,https://www.valottery.com/scratchers/2148,50X The Money,30000002000002000020005002001005040302520,2399656,1382000,7270957.68,4187459.9999999995,4871301.68,2805459.9999999995,2093729.5,0.14037554466230937,3.03,-2.3880825120839235e-07,4.35,4.349644446917094,0.0010605687124030261,0.33003308211495325,0.33003303416592894,-4.794902430660386e-08,0.22966027846481601,0.22990384897063756,0.00024357050582154982,0.03216958231885073,0.023645141833258835,10.361677401680366,14.097121914808243,5.0,0.44,-0.001160033098424678,0.43954567674573053,-0.001160033098424678,0.58,0.5821659446089953,0.9999998026990125,https://www.valottery.com/-/media/val/images/digital-scratcher-teaser-images/2148_teaser.ashx,,,,2023-04-25,420,57.666666666666664,47.333333333333336,50.0,51.333333333333336,45.5,50.36666666666667,63.0,6.0,/virginia-statistics-for-each-scratcher-game
11,20,2097,2000000,"1,020,000",3.21,1,,,,6/1/2021,1/6/2023,7/5/2023,2023-04-25,https://www.valottery.com/scratchers/2097,Colossal Cash,20000005000050001000500200150100503020,890652,264211,2858992.92,848117.3099999999,1968340.92,583906.3099999999,848117.0,-0.1685127450980392,3.21,-3.65515473340119e-07,5.37,5.365069714199929,0.0013445556231092837,0.31152659361856916,0.31152657999742567,-1.3621143490905041e-08,0.18614059145141532,0.1863908678303402,0.0002502763789248852,0.04437357716360706,0.032190892175348526,7.5117643801348795,10.354216622900521,6.0,0.49,0.0008994788142648369,0.4889578914229994,0.0008994788142648369,0.3,0.3024373672056443,0.9999999815588011,https://www.valottery.com/-/media/val/images/digital-scratcher-teaser-images/2097_teaser.ashx,,,,2023-04-25,693,34.0,38.666666666666664,75.0,43.0,48.5,47.83333333333333,52.0,4.0,/virginia-statistics-for-each-scratcher-game
12,20,2119,600,"1,224",9.13,263,,,,8/3/2021,4/7/2023,10/4/2023,2023-04-25,https://www.valottery.com/scratchers/2119,"$70,000,000 EXPLOSION",600300200100,522949,33738,4774524.37,308027.94,4251575.37,274289.94,1171.2053231939165,-0.04313290588732316,9.13,-3.0516712218180463e-06,9.13,9.129999292474027,-2.9741768220917165e-06,0.10952935943926993,0.10952903367958775,-3.2575968218762075e-07,0.10952935943926993,0.10952903367958775,-3.2575968218762075e-07,0.034730473169364194,0.034730473169364194,9.594989756431866,9.594989756431866,13.0,0.64,-5.22310439080131e-05,0.6394309589743756,-5.22310439080131e-05,0.06,0.06443574351924668,0.9999997948885919,https://www.valottery.com/-/media/val/images/digital-scratcher-teaser-images/2119_teaser.ashx,,,,2023-04-25,630,49.333333333333336,35.333333333333336,89.0,8.333333333333334,38.166666666666664,44.03333333333334,40.0,1.0,/virginia-statistics-for-each-scratcher-game
13,20,1874,4000000,"1,285,200",4.47,1,,eXTRA Chances,,3/6/2018,1/6/2023,7/5/2023,2023-04-25,https://www.valottery.com/scratchers/1874,SUPER CASH FRENZY,40000003000500200150100605030,1144721,324559,5116902.87,1450778.73,3972181.87,1126219.73,1450778.0,0.12883442265795206,4.47,-5.03178041515108e-07,4.47,4.469999239989482,-3.331533738572127e-07,0.22371375910028965,0.22371368456929602,-7.453099362675353e-08,0.22371375910028965,0.22371368456929602,-7.453099362675353e-08,0.04158860806035922,0.04158860806035922,8.014817455647085,8.014817455647085,5.0,0.56,-0.001688399812459981,0.5636186239383283,-0.001688399812459981,0.28,0.27525168877302025,0.9999998681627391,https://www.valottery.com/-/media/val/images/digital-scratcher-teaser-images/1874_teaser.ashx,,,,2023-04-25,1876,37.333333333333336,32.0,84.0,26.333333333333332,47.833333333333336,45.50000000000001,46.0,3.0,/virginia-statistics-for-each-scratcher-game
14,20,2017,1000000,"979,200",3.72,2,,eXTRA Chances,,8/4/2020,,,2023-04-25,https://www.valottery.com/scratchers/2017,$1 MILLION ROYALE,10000005000100050030020010060504030,1045347,420276,3888690.8400000003,1563426.72,2843343.8400000003,1143150.72,781713.0,-0.20168198529411765,3.72,-4.605268612095946e-07,3.72,3.719999196439077,-2.4451591318499636e-07,0.2688173280986756,0.2688172623685611,-6.57301144624256e-08,0.2688173280986756,0.2688172623685611,-6.57301144624256e-08,0.03334939973549462,0.03334939973549462,9.99494469737441,9.99494469737441,4.0,0.51,0.001108789655036007,0.513553247803222,0.001108789655036007,0.41,0.4085660038494865,0.9999998355960317,https://www.valottery.com/-/media/val/images/digital-scratcher-teaser-images/2017_teaser.ashx,,,,2023-04-25,994,53.333333333333336,36.666666666666664,78.0,42.0,38.833333333333336,49.766666666666666,60.5,5.0,/virginia-statistics-for-each-scratcher-game
15,20,2175,2000000,"1,142,400",3.29,3,,eXTRA Chances,,10/4/2022,,,2023-04-25,https://www.valottery.com/scratchers/2175,Money Blitz,2000000200002000500300200150100504020,1015291,687501,3340307.39,2261878.29,2325016.39,1574377.29,753959.3333333334,-0.34002159197012133,3.29,-1.2821202687844127e-07,6.02,6.0099514929938325,0.0013421548139447123,0.30395140675138094,0.3039514032692205,-3.4821604488755042e-09,0.16616767128907925,0.16639069402902187,0.00022302273994262434,0.04373256436374335,0.025339064002972825,7.622000737270916,13.154458543420837,7.0,0.52,0.00443902596506562,0.5229424398663411,0.00443902596506562,0.72,0.7269077910582147,0.9999999759717443,https://www.valottery.com/-/media/val/images/digital-scratcher-teaser-images/2175_teaser.ashx,,,,2023-04-25,203,35.333333333333336,44.333333333333336,82.0,75.33333333333333,55.0,58.4,82.0,9.0,/virginia-statistics-for-each-scratcher-game
16,20,2122,2000000,"1,387,200",3.35,2,,,,12/7/2021,,,2023-04-25,https://www.valottery.com/scratchers/2122,"$2,000,000 Bonus Multiplier",200000040002000500400250200150100806050402520,1237588,690401,4145919.8000000003,2312843.35,2908331.8000000003,1622442.35,1156421.5,-0.16636281718569781,3.35,-1.5132888269186852e-07,5.77,5.7661974064122035,0.0010698948479635866,0.2985075078593748,0.298507520286817,1.2427442186435655e-08,0.1732391692821346,0.17342451697681502,0.00018534769468042667,0.03450875992802842,0.019168392720492467,9.659247983278513,17.38898361412298,6.0,0.48,0.0014311668252979441,0.4812375937320431,0.0014311668252979441,0.56,0.565010192983288,1.0000000525281563,https://www.valottery.com/-/media/val/images/digital-scratcher-teaser-images/2122_teaser.ashx,,,,2023-04-25,504,50.333333333333336,54.0,72.0,69.33333333333333,55.0,60.13333333333334,85.0,10.0,/virginia-statistics-for-each-scratcher-game
17,20,2165,600,"1,224",9.13,3539,,eXTRA Chances,,6/7/2022,,,2023-04-25,https://www.valottery.com/scratchers/2165,"$100,000,000 Explosion",600300200100,751079,462510,6857351.2700000005,4222716.300000001,6106272.2700000005,3760206.3000000007,1193.1946877649054,-0.025167738754162224,9.13,-7.104431819520405e-08,9.13,9.129999640517177,-3.1670516161489886e-08,0.10952903297309126,0.10952902950425025,-3.4688410061045616e-09,0.10952903297309126,0.10952902950425025,-3.4688410061045616e-09,0.0346397066454694,0.0346397066454694,9.622668045043312,9.622668045043312,13.0,0.64,1.6727277967968895e-05,0.640367479129546,1.6727277967968895e-05,0.62,0.6170111950937698,0.9999999492394205,https://www.valottery.com/-/media/val/images/digital-scratcher-teaser-images/2165_teaser.ashx,,,,2023-04-25,322,49.666666666666664,35.666666666666664,90.0,64.66666666666667,63.0,60.6,88.0,11.0,/virginia-statistics-for-each-scratcher-game
18,20,2187,20000,"15,300",3.31,128,,eXTRA Chances,,8/2/2022,,,2023-04-25,https://www.valottery.com/scratchers/2187,"$20,000 Bankroll",2000050020010075504020,923069,591900,3055358.39,1959189.0,2132289.39,1367289.0,15306.1640625,0.0004028799019607843,3.31,0.0,5.66,5.649836257158548,0.0012796173927526148,0.3021148036253776,0.3021148421887059,3.856332825291631e-08,0.1767700819063398,0.17699627997766545,0.00022619807132565062,0.04421164405640907,0.028625759540692537,7.539395889360995,11.64413211692429,7.0,0.45,-0.00011672557200958509,0.44636160676688164,-0.00011672557200958509,0.64,0.6391312165891835,1.0000002281399096,https://www.valottery.com/-/media/val/images/digital-scratcher-teaser-images/2187_teaser.ashx,,,,2023-04-25,266,34.666666666666664,40.666666666666664,54.0,76.0,60.583333333333336,53.18333333333332,72.0,8.0,/virginia-statistics-for-each-scratcher-game
19,20,2196,1000000,"979,200",3.26,2,,eXTRA Chances,,2/7/2023,,,2023-04-25,https://www.valottery.com/scratchers/2196,Multiplier Mania,10000001000050002000500400200100504020,843855,596892,2750967.3,1945867.92,1907112.2999999998,1348975.92,972933.5,-0.006399611928104575,3.26,-4.7279673523214983e-07,5.15,5.148297448277798,0.0011952050617411523,0.3067486112874107,0.3067484997093749,-1.1157803581074432e-07,0.19400709298220278,0.1942389712417488,0.0002318782595460145,0.044285760336768676,0.03604291441677463,7.526778980003726,9.24800818621181,6.0,0.46,-0.00047516491119597586,0.4614590822497119,-0.00047516491119597586,0.69,0.6837279861045358,0.9999991208568616,https://www.valottery.com/-/media/val/images/digital-scratcher-teaser-images/2196_teaser.ashx,,,,2023-04-25,77,34.333333333333336,34.333333333333336,61.0,51.666666666666664,39.666666666666664,44.2,41.0,2.0,/virginia-statistics-for-each-scratcher-game
20,10,2220,500000,"1,224,000",4.12,3,,eXTRA Chances,,4/4/2023,,,2023-04-25,https://www.valottery.com/scratchers/2220,Funky Fortune,50000010000200060050020010050252010,876099,775110,3609527.88,3193453.2,2733428.88,2418343.2,1064484.3333333333,-0.13032325708061007,4.12,-6.262812943543795e-08,7.02,7.010546331022722,0.0008267135750152888,0.24271846180294496,0.24271850577651863,4.39735736712521e-08,0.1425244085320811,0.1426422353953856,0.00011782686330449876,0.03426089935751815,0.023625745090488415,9.729141838096822,14.108465128934188,8.0,0.49,0.000978878084342562,0.4882209006990239,0.000978878084342562,0.9,0.9005986784967831,1.0000013905250666,https://www.valottery.com/-/media/val/images/digital-scratcher-teaser-images/2220_teaser.ashx,,,,2023-04-25,21,51.0,47.666666666666664,73.0,91.0,60.833333333333336,64.69999999999999,91.0,18.0,/virginia-statistics-for-each-scratcher-game
21,10,2128,1000000,"1,754,400",3.65,1,,eXTRA Chances,,10/22/2021,1/6/2023,7/5/2023,2023-04-25,https://www.valottery.com/scratchers/2128,20X The Money,100000010000500010005001005030252010,1414942,488006,5164538.3,1781221.9,3749596.3,1293215.9,1781221.0,0.015287847697218422,3.65,-5.052711288027778e-07,6.77,6.709248548905898,0.008541314072111453,0.27397274117024223,0.27397261865436945,-1.2251587278022669e-07,0.14778570430058932,0.14904798841638883,0.0012622841157995113,0.03860473936168595,0.020054820117853374,8.634365653713408,16.620058708404745,8.0,0.46,-0.0016581608700712805,0.45677796298157275,-0.0016581608700712805,0.34,0.33513114858103166,0.9999997645708074,https://www.valottery.com/-/media/val/images/digital-scratcher-teaser-images/2128_teaser.ashx,,,,2023-04-25,550,40.0,52.0,59.0,30.333333333333332,42.833333333333336,44.833333333333336,43.0,5.0,/virginia-statistics-for-each-scratcher-game
22,10,2164,300000,"734,400",3.43,2,,,,5/3/2022,,,2023-04-25,https://www.valottery.com/scratchers/2164,"$300,000 Crossword Inferno",3000001000060040020010060402010,641648,69532,2200852.64,238494.76,1559204.6400000001,168962.76,119247.0,-0.8376266339869282,3.43,-3.1866528221492875e-06,7.37,7.070169971762393,0.04179956353986705,0.29154611856063467,0.29154527428468613,-8.442759485416396e-07,0.13576442174645903,0.14143931531970347,0.005674893573244438,0.05172190707781826,0.027974051210996876,6.444125116674623,11.911421261607261,9.0,0.61,0.043439360929073585,0.6142921834511561,0.043439360929073585,0.15,0.1552046087887309,0.9999996480527074,https://www.valottery.com/-/media/val/images/digital-scratcher-teaser-images/2164_teaser.ashx,,,,2023-04-25,357,32.0,42.0,88.0,8.333333333333334,43.833333333333336,42.833333333333336,35.0,4.0,/virginia-statistics-for-each-scratcher-game
23,10,2190,10000,"29,070",3.55,9,,eXTRA Chances,,8/2/2022,,,2023-04-25,https://www.valottery.com/scratchers/2190,"$10,000 Stacks",10000500050010050302010,653593,107875,2320255.15,382956.25,1666662.15,275081.25,42550.666666666664,0.4637312234835454,3.55,-6.528160853831987e-07,6.05,5.914823161125528,0.022878350172480737,0.2816903247370455,0.2816901590557934,-1.6568125210669749e-07,0.16528530692821108,0.16906676205848065,0.003781455130269562,0.043853458063477804,0.03143163128783726,7.600537390225627,10.603251599009418,7.0,0.41,-0.005567497749675599,0.4144549243255099,-0.005567497749675599,0.15,0.15180095621257977,0.9999998837336825,https://www.valottery.com/-/media/val/images/digital-scratcher-teaser-images/2190_teaser.ashx,,,,2023-04-25,266,35.0,39.333333333333336,29.0,20.0,41.166666666666664,32.9,9.0,2.0,/virginia-statistics-for-each-scratcher-game
24,10,2106,1000000,"1,632,000",3.92,1,,,2nd Chance,9/7/2021,1/6/2023,7/5/2023,2023-04-25,https://www.valottery.com/scratchers/2106,"$1,000,000 Platinum Jackpot",1000000100005001006050302010,1201126,486345,4708413.92,1906472.4,3507287.92,1420127.4,1906472.0,0.1681813725490196,3.92,-2.0981158703838468e-07,6.49,6.448184860968074,0.006780620556054811,0.2551020943397018,0.25510209066197037,-3.6777314527114413e-09,0.15403792974667344,0.15508240249952585,0.00104447275285241,0.035195368924136404,0.02378646858356193,9.470758580213095,14.012900931987415,8.0,0.47,-0.0031303446162330947,0.47428391290299565,-0.0031303446162330947,0.39,0.38448228473689156,0.9999999901907133,https://www.valottery.com/-/media/val/images/digital-scratcher-teaser-images/2106_teaser.ashx,,,,2023-04-25,595,48.0,47.0,70.0,53.666666666666664,61.666666666666664,56.06666666666666,77.0,14.0,/virginia-statistics-for-each-scratcher-game
25,10,2142,500,"1,530",9.35,1430,,eXTRA Chances,,4/5/2022,,,2023-04-25,https://www.valottery.com/scratchers/2142,"$55,000,000 Cash Blowout",50010050,837719,234006,7832672.649999999,2187956.1,6994953.649999999,1953950.1,1530.0391608391608,2.559531971293206e-05,9.35,-4.570475601074207e-08,9.35,9.349999224083493,3.728096966669954e-08,0.10695187654596344,0.10695188053323311,3.987269667216076e-09,0.10695187654596344,0.10695188053323311,3.987269667216076e-09,0.037569171474091216,0.037569171474091216,8.87218647994343,8.87218647994343,14.0,0.61,-0.0003483816242255871,0.6119634032859894,-0.0003483816242255871,0.28,0.2769217019925621,1.0000000144505263,https://www.valottery.com/-/media/val/images/digital-scratcher-teaser-images/2142_teaser.ashx,,,,2023-04-25,385,42.333333333333336,33.0,87.0,41.0,66.16666666666667,53.9,73.0,13.0,/virginia-statistics-for-each-scratcher-game
26,10,2126,777777,"1,836,000",3.45,2,,eXTRA Chances,,1/4/2022,,,2023-04-25,https://www.valottery.com/scratchers/2126,Mega 777s,77777750002000500200100775025201510,1593380,974941,5497161.0,3363546.45,3903781.0,2388605.45,1681773.0,-0.0840016339869281,3.45,-1.3378736006320585e-07,5.27,5.267265912004645,0.0014605596514791186,0.28985511124271823,0.2898550724637681,-3.877895010662158e-08,0.18957493074273402,0.18985181623750877,0.00027688549477475344,0.03315248396384142,0.024016715534808337,10.054447083695479,13.87892018529126,6.0,0.43,0.0005438667383200186,0.4320329200195269,0.0005438667383200186,0.61,0.6148710425755,0.9999997890903466,https://www.valottery.com/-/media/val/images/digital-scratcher-teaser-images/2126_teaser.ashx,,,,2023-04-25,476,54.0,46.333333333333336,41.0,52.0,41.5,46.96666666666667,50.0,8.0,/virginia-statistics-for-each-scratcher-game
27,10,2179,500,816,5.38,574,,eXTRA Chances,,11/1/2022,,,2023-04-25,https://www.valottery.com/scratchers/2179,Festive Riches,50025020010050402520,294495,86405,1584383.0999999999,464858.89999999997,1289888.0999999999,378453.89999999997,809.8571428571429,-0.007528011204481753,5.38,-1.9360713541241653e-06,5.38,5.3799996604356615,-1.8729554243032878e-06,0.18587396581321608,0.1858736176795636,-3.48133652489091e-07,0.18587396581321608,0.1858736176795636,-3.48133652489091e-07,0.02742801601968423,0.02742801601968423,12.151314762780036,12.151314762780036,6.0,0.54,-6.781570608526357e-06,0.5379470720090866,-6.781570608526357e-06,0.29,0.2938037986553599,0.9999992222952205,https://www.valottery.com/-/media/val/images/digital-scratcher-teaser-images/2179_teaser.ashx,,,,2023-04-25,175,59.666666666666664,42.666666666666664,83.0,19.0,37.333333333333336,48.33333333333333,55.0,9.0,/virginia-statistics-for-each-scratcher-game
28,10,2100,500000,"1,550,400",6.45,1,,eXTRA Chances,,11/2/2021,4/7/2023,10/4/2023,2023-04-25,https://www.valottery.com/scratchers/2100,Winfall,50000050020010050402520,720660,103121,4648257.0,665130.4500000001,3927597.0,562009.4500000001,665130.0,-0.5709945820433436,6.45,-6.765590118114888e-07,6.45,6.45,-6.765590118114888e-07,0.1550388645828635,0.15503875968992248,-1.0489294102744573e-07,0.1550388645828635,0.15503875968992248,-1.0489294102744573e-07,0.01716443869170066,0.01716443869170066,19.416339619332884,19.416339619332884,7.0,0.6,0.006822953188008134,0.6029986619157157,0.006822953188008134,0.17,0.16650298141527217,0.9999998870234367,https://www.valottery.com/-/media/val/images/digital-scratcher-teaser-images/2100_teaser.ashx,,,,2023-04-25,539,61.0,59.333333333333336,86.0,22.333333333333332,36.166666666666664,52.966666666666676,70.0,12.0,/virginia-statistics-for-each-scratcher-game
29,10,2215,300000,"979,200",3.69,2,,eXTRA Chances,,12/16/2022,,,2023-04-25,https://www.valottery.com/scratchers/2215,Diamond Bonus Crossword,3000001000060050020010060402010,794980,515902,2933476.2,1903678.38,2138496.2,1387776.38,951839.0,-0.0279421977124183,3.69,-1.996135502600151e-07,6.32,6.313560653507837,0.0016979094843269408,0.2710027641229241,0.27100272850365914,-3.5619264981967547e-08,0.15812075361484454,0.15838922834207608,0.00026847472723154353,0.043409556255413644,0.033134929638114666,7.678686463368826,10.059541313245232,8.0,0.45,9.268416538978912e-06,0.4495660505610718,9.268416538978912e-06,0.66,0.6560795198096604,0.9999997570299536,https://www.valottery.com/-/media/val/images/digital-scratcher-teaser-images/2215_teaser.ashx,,,,2023-04-25,130,36.0,37.333333333333336,56.0,51.666666666666664,46.0,45.4,45.0,6.0,/virginia-statistics-for-each-scratcher-game
30,10,2083,600,403,3.44,2173,,,2nd Chance,5/4/2021,4/7/2023,10/4/2023,2023-04-25,https://www.valottery.com/scratchers/2083,$600 Frenzy,600200150100605040302010,986286,257518,3392823.84,885861.92,2406537.84,628343.92,407.6672802577082,0.011581340589846719,3.44,-1.0385365700490915e-06,5.87,5.818136452963752,0.009377546055842262,0.2906979763190839,0.29069774638995316,-2.299291307350515e-07,0.17027953595428627,0.17187634014506503,0.0015968041907787611,0.045381614627686646,0.03402879119054809,7.344908918728855,9.794990559894561,7.0,0.42,-0.0014917183787686978,0.4222152233815463,-0.0014917183787686978,0.26,0.2584425941605645,0.9999997205074965,https://www.valottery.com/-/media/val/images/digital-scratcher-teaser-images/2083_teaser.ashx,,,,2023-04-25,721,33.0,36.0,35.0,15.333333333333334,32.166666666666664,30.3,5.0,1.0,/virginia-statistics-for-each-scratcher-game
31,10,2195,250000,"1,224,000",3.71,3,,eXTRA Chances,,2/7/2023,,,2023-04-25,https://www.valottery.com/scratchers/2195,Gold Bar 7s,25000060000400020004002001008050402010,971416,686106,3603953.36,2545453.26,2632537.36,1859347.2599999998,848484.3333333334,-0.3067938453159041,3.71,-1.0214290868640947e-07,5.91,5.896905883892925,0.0015268765268202386,0.2695418065075254,0.2695418059003544,-6.071709801602765e-10,0.1693219242311683,0.1695804579027529,0.0002585336715845987,0.04273645987315561,0.03673482433789555,7.7996526850726315,9.073850812811646,8.0,0.46,0.0017957854957124937,0.461667137440762,0.0017957854957124937,0.74,0.7375280752161764,0.9999999945829973,https://www.valottery.com/-/media/val/images/digital-scratcher-teaser-images/2195_teaser.ashx,,,,2023-04-25,77,37.0,33.666666666666664,62.0,78.66666666666667,51.0,52.46666666666666,69.0,11.0,/virginia-statistics-for-each-scratcher-game
32,10,2185,300000,"816,000",3.79,1,,eXTRA Chances,,1/3/2023,,,2023-04-25,https://www.valottery.com/scratchers/2185,"$300,000 Jumbo Cash",30000050005002001005040302010,631528,277209,2393491.12,1050622.11,1761963.12,773413.1100000001,1050622.0,0.2875269607843137,3.79,-1.0469987163971843e-07,6.65,6.609553028503891,0.006764809003096496,0.26385227036936215,0.26385225597255224,-1.4396809910888209e-08,0.1502795486863972,0.15129616113033223,0.0010166124439350277,0.036276954355169984,0.020609065755195208,9.188265407521664,16.17245506272911,8.0,0.44,-0.0028754753090835727,0.4433326162977741,-0.0028754753090835727,0.43,0.4306613337359846,0.999999957310772,https://www.valottery.com/-/media/val/images/digital-scratcher-teaser-images/2185_teaser.ashx,,,,2023-04-25,112,45.0,51.666666666666664,53.0,52.333333333333336,57.666666666666664,51.93333333333334,68.0,10.0,/virginia-statistics-for-each-scratcher-game
33,10,2096,1000000,"1,672,800",3.51,1,,eXTRA Chances,,6/1/2021,1/6/2023,7/5/2023,2023-04-25,https://www.valottery.com/scratchers/2096,Power 10s,100000010000500050010050302010,1429239,427609,5016628.89,1500907.5899999999,3587389.8899999997,1073298.5899999999,1500907.0,-0.10275765184122429,3.51,-3.930954868989397e-07,5.83,5.797036670680327,0.006250852630715675,0.2849003968933452,0.28490033544444593,-6.144889924675212e-08,0.17143034178666633,0.172501927589608,0.0010715858029416714,0.04276945729297689,0.0318557150200955,7.793581661142674,10.463421642392559,7.0,0.46,0.0006889804771138874,0.4582155989678241,0.0006889804771138874,0.29,0.28351984029126437,0.9999999079210142,https://www.valottery.com/-/media/val/images/digital-scratcher-teaser-images/2096_teaser.ashx,,,,2023-04-25,693,36.666666666666664,39.0,60.0,33.666666666666664,42.5,42.36666666666666,34.0,3.0,/virginia-statistics-for-each-scratcher-game
34,10,2129,500000,"1,224,000",3.89,1,,eXTRA Chances,,10/5/2021,,,2023-04-25,https://www.valottery.com/scratchers/2129,Lucky Numbers Super Ticket,50000050002000500200100807050302010,942349,344912,3665737.6100000003,1341707.68,2723388.6100000003,996795.6799999999,1341707.0,0.09616584967320262,3.89,-5.068168052616199e-07,5.95,5.9004877185075495,0.007622531975757928,0.2570695390275224,0.25706945151820765,-8.750931473899826e-08,0.16819544058427063,0.16947751570830094,0.0012820751240303074,0.03271290322871801,0.026092412477498824,10.189358116600571,12.774382771727655,7.0,0.45,-0.0018456743584669057,0.45460521559476097,-0.0018456743584669057,0.35,0.348101780101049,0.999999803474112,https://www.valottery.com/-/media/val/images/digital-scratcher-teaser-images/2129_teaser.ashx,,,,2023-04-25,567,54.333333333333336,43.333333333333336,57.0,34.666666666666664,44.333333333333336,46.733333333333334,48.0,7.0,/virginia-statistics-for-each-scratcher-game
35,10,2140,1000000,"1,672,800",3.87,1,,,,3/1/2022,,,2023-04-25,https://www.valottery.com/scratchers/2140,Hit It Big!,1000000200050025010050252010,1257958,609906,4868297.46,2360336.22,3610339.46,1750430.2200000002,2360336.0,0.41100908656145385,3.87,-9.320706021526055e-08,6.88,6.853464744397409,0.004302398757494358,0.2583979569010514,0.2583979572322724,3.3122099507565395e-10,0.14528651852956528,0.14591159906636755,0.0006250805368022694,0.037844753246276265,0.02218080743633255,8.807786839674234,15.027348632766387,8.0,0.46,-0.004546371093802742,0.4629264647067196,-0.004546371093802742,0.47,0.46233008402513376,1.0000000012063734,https://www.valottery.com/-/media/val/images/digital-scratcher-teaser-images/2140_teaser.ashx,,,,2023-04-25,420,41.0,49.666666666666664,64.0,62.0,64.66666666666667,56.266666666666666,78.0,15.0,/virginia-statistics-for-each-scratcher-game
36,10,2161,500000,"1,672,800",6.97,2,,,,7/5/2022,,,2023-04-25,https://www.valottery.com/scratchers/2161,Payday Bonu$,500000500050020010070504020,705065,335162,4914303.05,2336079.14,4209238.05,2000917.1400000001,1168039.5,-0.30174587517934004,6.97,-5.992947646188781e-08,6.97,6.969999929084553,-4.9755094350020664e-08,0.14347203155372742,0.14347202441526297,-7.138464458433802e-09,0.14347203155372742,0.14347202441526297,-7.138464458433802e-09,0.018934108712786373,0.018934108712786373,17.603988149104143,17.603988149104143,8.0,0.59,0.001850777648762995,0.5879488664552868,0.001850777648762995,0.49,0.49434792947430556,0.9999999549178671,https://www.valottery.com/-/media/val/images/digital-scratcher-teaser-images/2161_teaser.ashx,,,,2023-04-25,294,60.666666666666664,54.333333333333336,85.0,58.0,56.333333333333336,62.86666666666666,90.0,17.0,/virginia-statistics-for-each-scratcher-game
37,10,2147,1000000,"1,958,400",3.65,5,,eXTRA Chances,,9/6/2022,,,2023-04-25,https://www.valottery.com/scratchers/2147,20X The Money,10000001000050005002001005030252010,3200654,2256656,11682387.1,8236794.399999999,8481733.1,5980138.399999999,1647358.8,-0.15882414215686272,3.65,-4.856258153598004e-08,6.74,6.71890409918941,0.002498503821634379,0.27397261604454354,0.2739726050849026,-1.0959640917018731e-08,0.14846286067127573,0.1488337956960337,0.00037093502475796236,0.037582368218705295,0.018230773659228542,8.869372501701504,18.283829071527087,8.0,0.47,0.0016840273226320936,0.4735100817138319,0.0016840273226320936,0.71,0.710326439789248,0.9999999043723652,https://www.valottery.com/-/media/val/images/digital-scratcher-teaser-images/2147_teaser.ashx,,,,2023-04-25,231,42.0,55.0,68.0,69.0,56.0,58.0,81.0,16.0,/virginia-statistics-for-each-scratcher-game
38,5,2146,100000,"1,713,600",4.48,9,,eXTRA Chances,,9/6/2022,,,2023-04-25,https://www.valottery.com/scratchers/2146,10X The Money,10000050001000500100502515105,4526586,3351131,20279105.28,15013066.88,15752519.280000001,11661935.88,1668118.4444444445,-0.026541524017014182,4.48,-5.86156052267179e-08,8.14,8.116862766131176,0.003229645692005277,0.2232142987981269,0.22321428879627578,-1.000185112509655e-08,0.1228036964601368,0.1232003088893716,0.000396612429234805,0.032240120614186435,0.017956067916882697,10.339052663854021,18.563639799882193,10.0,0.45,-0.0008980170825263342,0.4548699779245625,-0.0008980170825263342,0.74,0.7373029432757385,0.9999998722550568,https://www.valottery.com/-/media/val/images/digital-scratcher-teaser-images/2146_teaser.ashx,,,,2023-04-25,231,56.666666666666664,55.333333333333336,58.0,68.33333333333333,55.833333333333336,58.83333333333333,83.0,21.0,/virginia-statistics-for-each-scratcher-game
39,5,2016,500,833,4.36,152,,eXTRA Chances,,7/5/2022,,,2023-04-25,https://www.valottery.com/scratchers/2016,Packed with $500s,5001501007550252015105,952742,41136,4153955.12,179352.96000000002,3201213.12,138216.96000000002,1179.9473684210527,0.41650344348265633,4.36,-5.352574052895185e-06,7.2,6.475943340338362,0.11109346417640754,0.22935902582630804,0.22935780479085593,-1.2210354521091649e-06,0.13897809893393998,0.15441765738916285,0.01543955845522288,0.0324252218705261,0.02347418293459442,10.27749490944835,14.191912323151287,9.0,0.37,-0.03662551172563886,0.3702662919844774,-0.03662551172563886,0.04,0.03377150589843173,0.9999997597700128,https://www.valottery.com/-/media/val/images/digital-scratcher-teaser-images/2016_teaser.ashx,,,,2023-04-25,294,55.666666666666664,48.0,8.0,5.333333333333333,31.833333333333332,29.766666666666662,3.0,1.0,/virginia-statistics-for-each-scratcher-game
40,5,2136,200000,"2,040,000",4.12,1,,eXTRA Chances,,2/1/2022,,,2023-04-25,https://www.valottery.com/scratchers/2136,MONOPOLY FORTUNES,200000100001000500100502015105,1436065,539369,5916587.8,2222200.2800000003,4480522.8,1682831.2800000003,2222200.0,0.08931372549019607,4.12,-1.2600124417409643e-07,7.08,7.009136087664742,0.009608605721645605,0.24271847718477185,0.24271847942065247,2.2358806195388325e-09,0.14131311313113132,0.14267093511850668,0.0013578219873753572,0.036146956382297306,0.02536921950846113,9.221457842557394,13.138732418552179,9.0,0.43,-0.004809626380603239,0.4275366753667537,-0.004809626380603239,0.36,0.3616388701767003,1.0000000055409792,https://www.valottery.com/-/media/val/images/digital-scratcher-teaser-images/2136_teaser.ashx,,,,2023-04-25,448,45.333333333333336,44.0,37.0,53.666666666666664,54.333333333333336,46.86666666666667,49.0,13.0,/virginia-statistics-for-each-scratcher-game
41,5,2121,150000,"1,387,200",4.15,1,,,,3/1/2022,,,2023-04-25,https://www.valottery.com/scratchers/2121,Fatter Wallet,15000050005002001501005030252015105,988828,152076,4103636.2,631115.4,3114808.2,479039.4,631115.0,-0.5450439734717416,4.15,-6.337985097926425e-07,6.21,6.0225719720095805,0.03138300831347209,0.240964008144316,0.2409638671656063,-1.4097870970619653e-07,0.16098967700022976,0.16604201737191115,0.005052340371681396,0.032693613737836594,0.02818317265570541,10.194987612878721,11.826011900751407,8.0,0.44,0.0001540236654012665,0.43829571472710993,0.0001540236654012665,0.16,0.15919400650808407,0.9999998936676949,https://www.valottery.com/-/media/val/images/digital-scratcher-teaser-images/2121_teaser.ashx,,,,2023-04-25,420,54.666666666666664,41.333333333333336,48.0,22.666666666666668,36.333333333333336,40.6,28.0,7.0,/virginia-statistics-for-each-scratcher-game
42,5,2159,100000,"1,632,000",4.00,1,,,,6/7/2022,,,2023-04-25,https://www.valottery.com/scratchers/2159,Jokers Wild,10000060030015075502015105,1221503,360523,4886012.0,1442092.0,3664509.0,1081569.0,1442092.0,-0.11636519607843138,4.0,0.0,6.77,6.6617746509598605,0.01637031607344446,0.25,0.25,0.0,0.14769238023648976,0.15011015118260046,0.0024177709461107033,0.03612547771443243,0.02526096588414006,9.226862132343435,13.194771902605103,8.0,0.42,-0.004407433580857114,0.4195190043353684,-0.004407433580857114,0.29,0.2928677151202703,1.0,https://www.valottery.com/-/media/val/images/digital-scratcher-teaser-images/2159_teaser.ashx,,,,2023-04-25,322,45.666666666666664,44.666666666666664,32.0,42.666666666666664,54.083333333333336,43.81666666666667,38.5,11.0,/virginia-statistics-for-each-scratcher-game
43,5,2127,50000,"1,387,200",4.76,1,,eXTRA Chances,,5/3/2022,,,2023-04-25,https://www.valottery.com/scratchers/2127,Double Your Money,5000050020010050402010,831762,188722,3959187.1199999996,898316.72,3127425.1199999996,709594.72,898316.0,-0.35242502883506344,4.76,-8.01499052561501e-07,4.76,4.759999855727961,-7.71189824095329e-07,0.21008420199573424,0.21008403998093547,-1.6201479877131497e-07,0.21008420199573424,0.21008403998093547,-1.6201479877131497e-07,0.05214719159966131,0.05214719159966131,6.391946205123907,6.391946205123907,6.0,0.47,-0.0015422793705533173,0.4666754237929638,-0.0015422793705533173,0.24,0.23873720178342606,0.9999997736681184,https://www.valottery.com/-/media/val/images/digital-scratcher-teaser-images/2127_teaser.ashx,,,,2023-04-25,357,31.666666666666668,31.666666666666668,66.0,16.666666666666668,28.5,34.9,10.0,3.0,/virginia-statistics-for-each-scratcher-game
44,5,2156,600000,"2,856,000",4.25,1,,eXTRA Chances,,4/5/2022,,,2023-04-25,https://www.valottery.com/scratchers/2156,10 Years of Cash,600000100005000500100502520105,1920863,639892,8163667.75,2719541.0,6242804.75,2079649.0,2719541.0,-0.04777976190476191,4.25,0.0,7.51,7.391372095255169,0.01591382958649181,0.23529411764705882,0.23529413926364218,2.161658335664285e-08,0.13317357598212345,0.1352928775757267,0.00211930159360324,0.035611541830313405,0.02385054094546029,9.360124283135063,13.97538410108675,9.0,0.44,-0.0042833881132148515,0.43902040822329946,-0.0042833881132148515,0.32,0.319701471497106,1.000000045892676,https://www.valottery.com/-/media/val/images/digital-scratcher-teaser-images/2156_teaser.ashx,,,,2023-04-25,385,46.666666666666664,46.666666666666664,49.0,49.333333333333336,62.083333333333336,50.75,64.0,17.0,/virginia-statistics-for-each-scratcher-game
45,5,2125,177777,"1,632,000",4.24,2,,eXTRA Chances,,1/4/2022,,,2023-04-25,https://www.valottery.com/scratchers/2125,Super 777s,177777200050010077502015105,1108111,240089,4698390.640000001,1017977.3600000001,3590279.6400000006,777888.3600000001,508988.5,-0.6881197916666667,4.24,-3.536424425835148e-07,7.16,7.03677299828813,0.01811022087005843,0.2358491400100395,0.23584908873039487,-5.127964464168855e-08,0.13958272141708505,0.14211059533159232,0.0025278739145072615,0.03222052246763506,0.020838371529991177,10.34492755477043,15.994331024623355,8.0,0.48,0.014622170685111688,0.47627677246146033,0.014622170685111688,0.25,0.25449313979126326,0.9999999398615521,https://www.valottery.com/-/media/val/images/digital-scratcher-teaser-images/2125_teaser.ashx,,,,2023-04-25,476,57.0,51.0,71.0,29.666666666666668,46.0,50.93333333333333,66.0,18.0,/virginia-statistics-for-each-scratcher-game
46,5,2060,250000,"1,530,000",4.26,2,,,,4/6/2021,,,2023-04-25,https://www.valottery.com/scratchers/2060,Cash Bonus,250000100001000500200100502015105,1408866,543944,6001769.16,2317201.44,4592903.16,1773257.44,1158600.5,-0.24274477124183005,4.26,-1.8988422519274823e-07,7.5,7.419511519723284,0.010652385898586074,0.23474182861132892,0.23474179029549455,-3.8315834366420276e-08,0.1333591691009973,0.1347797624333759,0.0014205933323785946,0.0324836949448576,0.019732724006421683,10.261364837062002,16.891490132430686,9.0,0.45,0.00140351107728392,0.4493110437980995,0.00140351107728392,0.4,0.40527611464855245,0.9999998973485695,https://www.valottery.com/-/media/val/images/digital-scratcher-teaser-images/2060_teaser.ashx,,,,2023-04-25,749,55.333333333333336,52.666666666666664,55.0,47.0,45.333333333333336,51.06666666666667,67.0,19.0,/virginia-statistics-for-each-scratcher-game
47,5,2069,200000,"1,530,000",4.08,2,,,,2/2/2021,,,2023-04-25,https://www.valottery.com/scratchers/2069,WHEEL OF FORTUNE,2000005000010000100050020010050302515105,1498663,667394,6114545.04,2722967.52,4615882.04,2055573.52,1361483.5,-0.11014150326797385,4.08,-1.9096812432049233e-07,7.65,7.5465197649605615,0.013388883524716838,0.24509808602160804,0.2450980408190634,-4.520254465179008e-08,0.1307606739266396,0.13251141335945685,0.0017507394328172554,0.03367880449610551,0.01842488772204656,9.897275009493079,18.090552428531797,9.0,0.43,-0.0028781711028155947,0.4287367419436225,-0.0028781711028155947,0.44,0.44272034609729943,0.999999851931181,https://www.valottery.com/-/media/val/images/digital-scratcher-teaser-images/2069_teaser.ashx,,,,2023-04-25,812,53.0,54.666666666666664,38.0,44.333333333333336,42.166666666666664,46.43333333333333,47.0,12.0,/virginia-statistics-for-each-scratcher-game
48,5,2118,100000,"1,632,000",3.99,1,,eXTRA Chances,,10/5/2021,1/6/2023,7/5/2023,2023-04-25,https://www.valottery.com/scratchers/2118,Double Diamond,100000100002000500100502520105,1202132,280717,4796506.680000001,1120060.83,3594374.6800000006,839343.8300000001,1120060.0,-0.31368872549019605,3.99,-7.410311813906728e-07,6.74,6.635493099593833,0.016275666340500566,0.2506267521382783,0.25062660194733416,-1.5019094412593859e-07,0.14829116297341213,0.1507047004632122,0.002413537489800055,0.038352845677334206,0.02873131523042814,8.690959105985842,11.600932603977203,8.0,0.42,-0.0031405549114910877,0.42214077817259793,-0.0031405549114910877,0.23,0.23086502512993037,0.9999998174298896,https://www.valottery.com/-/media/val/images/digital-scratcher-teaser-images/2118_teaser.ashx,,,,2023-04-25,567,40.333333333333336,40.0,34.0,18.666666666666668,29.333333333333332,32.46666666666667,7.0,2.0,/virginia-statistics-for-each-scratcher-game
49,5,2182,150000,"2,040,000",5.33,2,,eXTRA Chances,,3/7/2023,,,2023-04-25,https://www.valottery.com/scratchers/2182,Big Wins!,1500005001005025201510,1106533,846910,5897820.89,4514030.3,4791287.89,3667120.3,2257015.0,0.10637990196078431,5.33,-6.645945649134812e-08,5.33,5.329999195685985,8.444374863237652e-08,0.1876172732569345,0.18761728910004036,1.584310585500681e-08,0.1876172732569345,0.18761728910004036,1.584310585500681e-08,0.03488904493998353,0.03488904493998353,9.553989614052826,9.553989614052826,7.0,0.49,-0.0016592061764765455,0.48839817192176394,-0.0016592061764765455,0.75,0.749960277673423,1.0000002754620154,https://www.valottery.com/-/media/val/images/digital-scratcher-teaser-images/2182_teaser.ashx,,,,2023-04-25,49,48.666666666666664,34.666666666666664,74.0,86.0,64.66666666666667,61.6,89.0,22.0,/virginia-statistics-for-each-scratcher-game
50,5,2194,200000,"1,387,200",4.01,2,,,,2/7/2023,,,2023-04-25,https://www.valottery.com/scratchers/2194,Livin Lucky with Luke Combs,20000050000200050020010050252015105,975615,567246,3912216.15,2274656.46,2936601.15,1707410.46,1137328.0,-0.1801268742791234,4.01,-2.0222833992039102e-07,6.75,6.6943231441048034,0.007805846609085345,0.24937660903450895,0.24937656816494794,-4.08695610132348e-08,0.14822329178565902,0.14938030006523156,0.0011570082795725467,0.03218771675511458,0.020855819029972383,10.355728257641028,15.981991985672538,8.0,0.44,-9.08264026537205e-05,0.43698080061336747,-9.08264026537205e-05,0.58,0.5841512130253087,0.9999997723525267,https://www.valottery.com/-/media/val/images/digital-scratcher-teaser-images/2194_teaser.ashx,,,,2023-04-25,77,57.333333333333336,50.666666666666664,47.0,50.0,41.166666666666664,49.233333333333334,59.0,16.0,/virginia-statistics-for-each-scratcher-game
51,5,2219,250000,"1,387,200",4.32,2,,eXTRA Chances,,4/4/2023,,,2023-04-25,https://www.valottery.com/scratchers/2219,Power 5s,25000050005502501505025155,929380,776201,4014921.6,3353188.3200000003,3085541.6,2576987.3200000003,1676594.0,0.20861735870818915,4.32,-9.543156244664042e-08,7.63,7.606725500746478,0.002503540093105016,0.231481503572123,0.2314815160746625,1.2502539503689292e-08,0.13113431158646638,0.13146261159310482,0.0003283000066384434,0.042896775824558336,0.034755729341314996,7.770513982479812,9.590535702561185,10.0,0.44,-0.0038326630520147814,0.44250456580424363,-0.0038326630520147814,0.82,0.8188624499260874,1.0000002736888005,https://www.valottery.com/-/media/val/images/digital-scratcher-teaser-images/2219_teaser.ashx,,,,2023-04-25,21,36.333333333333336,35.0,52.0,88.33333333333333,60.0,54.333333333333336,75.0,20.0,/virginia-statistics-for-each-scratcher-game
52,5,2178,200,360,4.00,4895,,eXTRA Chances,,11/1/2022,1/6/2023,7/5/2023,2023-04-25,https://www.valottery.com/scratchers/2178,Holiday Winnings,200100502520105,893244,453602,3572976.0,1814408.0,2679732.0,1360806.0,370.6655771195097,0.029626603109749145,4.0,0.0,6.74,6.661128428462766,0.012397164911887028,0.25,0.25,0.0,0.1482863832170052,0.1501247139639337,0.0018383307469284904,0.04538206946831601,0.03814523925802305,7.344925865138621,8.738246602904018,9.0,0.42,-0.006496191513369494,0.4210591002685174,-0.006496191513369494,0.49,0.49010627543110113,1.0,https://www.valottery.com/-/media/val/images/digital-scratcher-teaser-images/2178_teaser.ashx,,,,2023-04-25,175,33.333333333333336,32.666666666666664,33.0,62.333333333333336,57.75,43.81666666666667,38.5,11.0,/virginia-statistics-for-each-scratcher-game
53,5,2099,50000,"1,530,000",4.17,1,,eXTRA Chances,,8/3/2021,1/6/2023,7/5/2023,2023-04-25,https://www.valottery.com/scratchers/2099,Ca$h Craze,50000200025010050251510,1467282,458715,6118565.9399999995,1912841.55,4651283.9399999995,1454126.55,1912841.0,0.2502228758169935,4.17,-2.8753034975607874e-07,4.17,4.169999359359687,-1.3389959976529056e-07,0.2398082224293603,0.23980819031913528,-3.2110225034465145e-08,0.2398082224293603,0.23980819031913528,-3.2110225034465145e-08,0.056408468703437846,0.056408468703437846,5.909202057230718,5.909202057230718,5.0,0.43,-0.0021057242060346986,0.4345301046976722,-0.0021057242060346986,0.3,0.3010744670984369,0.9999999390999793,https://www.valottery.com/-/media/val/images/digital-scratcher-teaser-images/2099_teaser.ashx,,,,2023-04-25,630,31.333333333333332,31.333333333333332,44.0,37.333333333333336,42.666666666666664,37.33333333333333,15.0,4.0,/virginia-statistics-for-each-scratcher-game
54,5,2184,100000,"1,632,000",4.03,2,,eXTRA Chances,,1/3/2023,,,2023-04-25,https://www.valottery.com/scratchers/2184,"$100,000 Jumbo Cash",100000200050010050402015105,1187401,691437,4785226.03,2786491.1100000003,3597825.0300000003,2095054.1100000003,1393245.5,-0.14629564950980392,4.03,-3.947617132548409e-08,6.79,6.75173688517651,0.005467691754475549,0.24813896761195353,0.24813895937203384,-8.23991969101101e-09,0.1473046207577918,0.14811003701810532,0.000805416260313524,0.03565072430258787,0.02504379976601482,9.349847230508441,13.30958272524203,8.0,0.43,-0.0010153572275897812,0.42982374606628915,-0.0010153572275897812,0.58,0.5776581946905371,0.9999999537053877,https://www.valottery.com/-/media/val/images/digital-scratcher-teaser-images/2184_teaser.ashx,,,,2023-04-25,112,46.333333333333336,45.0,39.0,62.333333333333336,48.166666666666664,48.16666666666667,54.0,14.0,/virginia-statistics-for-each-scratcher-game
55,5,2160,200000,"1,632,000",4.02,2,,eXTRA Chances,,12/6/2022,,,2023-04-25,https://www.valottery.com/scratchers/2160,MONEY STACKS,20000015005002001005020105,1217358,541524,4893779.159999999,2176926.48,3676421.159999999,1635402.48,1088463.0,-0.33304963235294116,4.02,-2.2049435489165676e-07,6.81,6.7213098768162025,0.01349046767902399,0.24875627375482676,0.24875622703845024,-4.67163765172085e-08,0.14680012090443129,0.14878052319076934,0.0019804022863380566,0.04109278227110558,0.03228359360353145,8.11160310497784,10.324828395091535,9.0,0.43,0.0015221175580814026,0.43477683669541367,0.0015221175580814026,0.46,0.46213746078010043,0.9999998495221023,https://www.valottery.com/-/media/val/images/digital-scratcher-teaser-images/2160_teaser.ashx,,,,2023-04-25,140,38.666666666666664,38.333333333333336,45.0,46.666666666666664,40.5,41.83333333333333,32.0,10.0,/virginia-statistics-for-each-scratcher-game
56,5,2174,200000,"2,040,000",4.27,1,,,,10/4/2022,,,2023-04-25,https://www.valottery.com/scratchers/2174,The Price is Right,2000001000050020010050252015105,1399490,645210,5975822.3,2755046.6999999997,4576332.3,2109836.6999999997,2755046.0,0.3505127450980392,4.27,-2.540791776816637e-07,7.2,7.119633904573095,0.010905613587717671,0.2341920969740614,0.23419204922770456,-4.7746356840461246e-08,0.13894141876396982,0.14045666018833894,0.0015152414243691237,0.030791663659641297,0.01961885831581195,10.825259212670504,16.98970110007842,8.0,0.43,-0.005542305427308389,0.4336301462843089,-0.005542305427308389,0.45,0.4501210994120905,0.9999998256040377,https://www.valottery.com/-/media/val/images/digital-scratcher-teaser-images/2174_teaser.ashx,,,,2023-04-25,203,58.333333333333336,53.0,43.0,43.0,48.5,49.16666666666667,57.0,15.0,/virginia-statistics-for-each-scratcher-game
57,5,2168,100000,"1,224,000",3.83,3,,,,7/8/2022,,,2023-04-25,https://www.valottery.com/scratchers/2168,Crossword Connect 5X Series,100000200050020015010075502515105,1886898,868984,7226819.34,3328208.72,5339921.34,2459224.72,1109402.6666666667,-0.09362527233115463,3.83,-2.163325863094609e-07,6.24,6.207807413134046,0.005211579357537714,0.2610966622278415,0.26109661802793177,-4.4199909732256515e-08,0.16025230394254206,0.16108747154176686,0.0008351675992248064,0.03778117278719525,0.02979654327459895,8.822646955247203,11.186745348392668,8.0,0.43,-0.0009729705263566875,0.42671491685615803,-0.0009729705263566875,0.46,0.4634487308470495,0.999999855482416,https://www.valottery.com/-/media/val/images/digital-scratcher-teaser-images/2168_teaser.ashx,,,,2023-04-25,291,41.666666666666664,39.666666666666664,36.0,48.333333333333336,38.0,40.733333333333334,30.0,8.0,/virginia-statistics-for-each-scratcher-game
58,5,2163,88000,"2,040,000",4.03,1,,,,8/2/2022,,,2023-04-25,https://www.valottery.com/scratchers/2163,Extreme Crazy 8s,880002500500200100502520105,1472150,494111,5932764.5,1991267.33,4460614.5,1497156.33,1991267.0,-0.023888725490196078,4.03,-1.6572360489698253e-07,7.52,7.36623292773777,0.02021630554560553,0.24813899893886657,0.24813897872897017,-2.0209896395284588e-08,0.1330645262538876,0.13575459937391746,0.002690073120029862,0.041236129686257686,0.027954372473006528,8.083393924523836,11.923656432540902,10.0,0.41,-0.007960715882927127,0.41404643375298245,-0.007960715882927127,0.32,0.3191453910211174,0.9999999588530742,https://www.valottery.com/-/media/val/images/digital-scratcher-teaser-images/2163_teaser.ashx,,,,2023-04-25,266,38.333333333333336,42.333333333333336,28.0,42.0,47.0,39.53333333333334,22.0,5.0,/virginia-statistics-for-each-scratcher-game
59,5,2113,100000,"2,366,400",4.48,1,,eXTRA Chances,,12/7/2021,1/6/2023,7/5/2023,2023-04-25,https://www.valottery.com/scratchers/2113,10X The Money,10000050001000500100502515105,1583764,195554,7095262.720000001,876081.92,5511498.720000001,680527.92,876081.0,-0.629783215010142,4.48,-1.0501301066818362e-06,8.57,8.112106428735576,0.05601687702704951,0.2232145201185735,0.2232143083652161,-2.1175335740419854e-07,0.11673349838656472,0.12327254441062219,0.006539046024057471,0.03383339000179579,0.017437280004702457,9.851703908622385,19.112558700674647,10.0,0.44,-0.00959894201002994,0.43544147173606096,-0.00959894201002994,0.14,0.13870689531033353,0.9999998663652703,https://www.valottery.com/-/media/val/images/digital-scratcher-teaser-images/2113_teaser.ashx,,,,2023-04-25,504,51.666666666666664,58.666666666666664,46.0,16.666666666666668,32.833333333333336,41.166666666666664,31.0,9.0,/virginia-statistics-for-each-scratcher-game
60,5,2101,100000,"2,040,000",4.16,1,,,,7/6/2021,,,2023-04-25,https://www.valottery.com/scratchers/2101,HIGH ROLLER BLACKJACK,100000500050020010050302015105,1470232,500417,6116165.12,2081734.72,4645933.12,1581317.72,2081734.0,0.020457843137254902,4.16,-3.458653944440252e-07,6.1,6.047812621748993,0.009131436163525835,0.24038469852536395,0.24038462010099465,-7.842436930416419e-08,0.16385282653787658,0.1653490381636205,0.0014962116257439262,0.03601794650030406,0.03280275450772251,9.254474538742151,10.161445531101624,8.0,0.43,-0.003583723796888338,0.43154793071545167,-0.003583723796888338,0.33,0.33264821584019594,0.9999998316600089,https://www.valottery.com/-/media/val/images/digital-scratcher-teaser-images/2101_teaser.ashx,,,,2023-04-25,658,46.0,37.666666666666664,40.0,34.0,40.5,39.63333333333333,23.0,6.0,/virginia-statistics-for-each-scratcher-game
61,3,2162,70000,"1,632,000",3.81,1,,eXTRA Chances,,8/2/2022,,,2023-04-25,https://www.valottery.com/scratchers/2162,7X Bingo Multiplier,70000100050020017510050402515108653,1280326,443155,4878042.0600000005,1688420.55,3597716.0600000005,1245265.55,1688420.0,0.03457107843137255,3.81,-3.2574822664299323e-07,5.95,5.884347865947072,0.010388226002116623,0.26246727709929996,0.26246719482940084,-8.226989911541693e-08,0.16819511732862677,0.16994236621988904,0.0017472488912622652,0.027275187283452684,0.017758596847009547,12.220782853409817,18.76901117851873,7.0,0.38,-0.008537368785974487,0.37703572965652304,-0.008537368785974487,0.35,0.3483330554227014,0.9999998340767658,https://www.valottery.com/-/media/val/images/digital-scratcher-teaser-images/2162_teaser.ashx,,,,2023-04-25,266,60.0,56.0,12.0,36.666666666666664,32.666666666666664,39.46666666666666,21.0,2.0,/virginia-statistics-for-each-scratcher-game
62,3,2209,40000,"408,000",4.24,2,,eXTRA Chances,,12/6/2022,,,2023-04-25,https://www.valottery.com/scratchers/2209,Frosty Bingo Multiplier,40000100050020012510050402515108653,288284,82721,1222324.1600000001,350737.04000000004,934040.1600000001,268016.04000000004,175368.5,-0.5701752450980392,4.24,-1.1404555392301305e-07,6.51,6.415321310855919,0.014808154060763766,0.23584908350131295,0.23584908747598837,3.974675422124818e-09,0.15360227178769278,0.15587683789240822,0.0022745661047154364,0.026651580799770647,0.02000541207188932,12.505184770276832,16.657006145809046,7.0,0.43,0.01578706545080188,0.43323439880404213,0.01578706545080188,0.3,0.2992332855153344,1.0000000067816956,https://www.valottery.com/-/media/val/images/digital-scratcher-teaser-images/2209_teaser.ashx,,,,2023-04-25,140,60.333333333333336,52.333333333333336,42.0,45.0,49.166666666666664,49.766666666666666,60.5,5.0,/virginia-statistics-for-each-scratcher-game
63,3,2117,50000,"1,285,200",4.38,2,,,,10/5/2021,,,2023-04-25,https://www.valottery.com/scratchers/2117,Jewel Crossword Series,50000300010005003001501006050302010953,1172728,310121,5136548.64,1358329.98,3963820.6399999997,1048208.98,679164.5,-0.4715495642701525,4.38,-7.214741737574136e-07,8.66,8.4556266883522,0.024097778467904042,0.22831066700335487,0.22831053072997662,-1.3627337824839714e-07,0.11548159540140865,0.1182644453045119,0.002782849903103249,0.02984739404496267,0.013197368625094907,11.167518659479272,25.253494001064976,10.0,0.42,-0.0037132010968399802,0.41705679061062034,-0.0037132010968399802,0.28,0.27930329183563984,0.9999997854132393,https://www.valottery.com/-/media/val/images/digital-scratcher-teaser-images/2117_teaser.ashx,,,,2023-04-25,567,59.0,61.0,30.0,21.666666666666668,28.833333333333332,40.1,25.5,3.0,/virginia-statistics-for-each-scratcher-game
64,3,2139,70000,"1,632,000",3.81,2,,eXTRA Chances,,2/1/2022,,,2023-04-25,https://www.valottery.com/scratchers/2139,Wild Bingo 7X,70000100050020017510050402515108653,1233291,243010,4698838.71,925868.1,3465547.71,682858.1,462934.0,-0.7163394607843138,3.81,-1.080067452214469e-07,6.0,5.8844779177321875,0.01943567355089906,0.26246721994928,0.2624672312601541,1.1310874070691312e-08,0.16669870867121447,0.16993861035430463,0.0032399016830901572,0.027538464815328813,0.01765751893997514,12.103678731764091,18.87539064287655,7.0,0.41,0.014800538181164736,0.4050289386103994,0.014800538181164736,0.21,0.2119718801759836,1.0000000105751565,https://www.valottery.com/-/media/val/images/digital-scratcher-teaser-images/2139_teaser.ashx,,,,2023-04-25,448,59.333333333333336,57.333333333333336,23.0,34.666666666666664,44.0,43.66666666666667,36.5,4.0,/virginia-statistics-for-each-scratcher-game
65,3,2158,50000,"1,305,600",4.52,0,Top Prize Claimed,eXTRA Chances,,6/7/2022,,,2023-04-25,https://www.valottery.com/scratchers/2158,Cherries Jubilee Crossword 3X,50000300015001000500300150100605030201093,865163,215921,3910536.76,975962.9199999999,3045373.76,760041.9199999999,inf,inf,4.52,-9.426587640264561e-07,10.22,9.884026468372923,0.03411396852375151,0.22123914660611785,0.22123898105016807,-1.6555594978262533e-07,0.09783577639293334,0.10117334298929866,0.0033375665963653184,0.033772561429396046,0.0159788933714919,9.869494138216378,20.856295648488587,12.0,0.39,-0.02770548605557907,0.3917939427969532,-0.02770548605557907,0.23,0.22423416266232116,0.9999997511308947,https://www.valottery.com/-/media/val/images/digital-scratcher-teaser-images/2158_teaser.ashx,,,,2023-04-25,322,52.0,60.0,17.0,13.333333333333334,36.833333333333336,35.833333333333336,13.0,1.0,/virginia-statistics-for-each-scratcher-game
66,2,2145,20000,"1,762,560",4.53,3,,eXTRA Chances,,9/6/2022,,,2023-04-25,https://www.valottery.com/scratchers/2145,5X The Money,2000050010050252010542,1942468,1001189,8799380.040000001,4535386.17,6856912.040000001,3534197.17,1511795.3333333333,-0.14227298172355365,4.53,-3.748302664083037e-08,8.4,8.288392324784699,0.01288006213650791,0.2207505601507788,0.22075055287986198,-7.270916813073569e-09,0.1191164324271407,0.12065065947828142,0.0015342270511407158,0.03415115997653636,0.02080797824950773,9.760432264927974,16.019021426597906,10.0,0.41,-0.011656353573693379,0.4102468896803932,-0.011656353573693379,0.51,0.5111374762846448,0.9999999649663778,https://www.valottery.com/-/media/val/images/digital-scratcher-teaser-images/2145_teaser.ashx,,,,2023-04-25,231,51.333333333333336,51.333333333333336,25.0,61.0,46.666666666666664,47.06666666666667,51.0,10.0,/virginia-statistics-for-each-scratcher-game
67,2,2173,10000,"734,400",4.58,1,,eXTRA Chances,,10/4/2022,4/7/2023,10/4/2023,2023-04-25,https://www.valottery.com/scratchers/2173,Wicked Ca$h,100002000500100402010432,480199,179360,2199311.42,821468.8,1719112.42,642108.8,821468.0,0.1185566448801743,4.58,-9.7386534954669e-07,8.66,8.45436862600379,0.024049765968746823,0.21834082398827465,0.21834065304997793,-1.7093829671188665e-07,0.11550419492907818,0.11828204378553102,0.0027778488564528386,0.03225141107255157,0.016089294730751134,10.334869554850208,20.713186714727595,10.0,0.39,-0.032134272242706985,0.39480113650196963,-0.032134272242706985,0.34,0.33747287704930523,0.9999995332377942,https://www.valottery.com/-/media/val/images/digital-scratcher-teaser-images/2173_teaser.ashx,,,,2023-04-25,203,56.333333333333336,59.666666666666664,19.0,27.333333333333332,32.666666666666664,39.0,19.0,5.0,/virginia-statistics-for-each-scratcher-game
68,2,2167,17777,"1,713,600",4.68,1,,,,7/5/2022,,,2023-04-25,https://www.valottery.com/scratchers/2167,7 Series,177771000500100502010542,1097979,348782,5138541.72,1632299.76,4040562.7199999997,1283517.76,1632299.0,-0.04744456115779645,4.68,-4.656007545323659e-07,7.6,7.478690595568855,0.01568243633759267,0.21367531316260072,0.21367524361487045,-6.954773026923711e-08,0.13164867466070862,0.1337132466200036,0.002064571959294992,0.030664339682475002,0.023383626493636032,10.87005127789453,14.254043222073626,9.0,0.4,-0.02656157171151854,0.4030263450507535,-0.02656157171151854,0.32,0.3233457618497926,0.999999848474202,https://www.valottery.com/-/media/val/images/digital-scratcher-teaser-images/2167_teaser.ashx,,,,2023-04-25,294,58.666666666666664,48.333333333333336,21.0,33.666666666666664,31.666666666666668,38.666666666666664,17.0,4.0,/virginia-statistics-for-each-scratcher-game
69,2,2170,30000,"1,101,600",4.60,0,Top Prize Claimed,,,6/7/2022,,,2023-04-25,https://www.valottery.com/scratchers/2170,TRIPLE PLAY,30000500100302010542,694621,130596,3195256.5999999996,600741.6,2500635.5999999996,470145.6,inf,inf,4.6,-9.98765525742677e-07,8.98,8.519978348456528,0.05390918532453243,0.21739152147098334,0.21739134516921335,-1.7630176998850722e-07,0.11136746118543599,0.11737119028960434,0.006003729104168354,0.034787799074513785,0.017489162392762915,9.581200511008639,19.053994263266144,11.0,0.36,-0.0730863937734894,0.36097336456143325,-0.0730863937734894,0.15,0.14543273873019605,0.9999998122216537,https://www.valottery.com/-/media/val/images/digital-scratcher-teaser-images/2170_teaser.ashx,,,,2023-04-25,322,49.0,58.333333333333336,6.0,14.0,33.5,32.16666666666667,6.0,2.0,/virginia-statistics-for-each-scratcher-game
70,2,2112,20000,"2,284,800",4.53,2,,eXTRA Chances,,1/10/2022,,,2023-04-25,https://www.valottery.com/scratchers/2112,5X The Money,2000050010050252010542,1500740,826474,6798352.2,3743927.22,5297612.2,2917453.22,1871963.5,-0.18068824404761905,4.53,-5.876182601579502e-08,8.37,8.28172486800847,0.010889784196948945,0.22075056484808597,0.22075055837061688,-6.477469088883581e-09,0.11944704050052259,0.1207477929945375,0.0013007524940149146,0.03243166712039001,0.017648321611273138,10.277892493727544,18.886739653438205,10.0,0.41,-0.0100158547452017,0.4104711443358805,-0.0100158547452017,0.55,0.5505684029176465,0.9999999640332293,https://www.valottery.com/-/media/val/images/digital-scratcher-teaser-images/2112_teaser.ashx,,,,2023-04-25,470,56.0,57.666666666666664,26.0,61.333333333333336,44.5,49.1,56.0,11.0,/virginia-statistics-for-each-scratcher-game
71,2,2183,20000,"979,200",4.44,2,,eXTRA Chances,,1/3/2023,,,2023-04-25,https://www.valottery.com/scratchers/2183,"$20,000 Jumbo Cash",20000500100402010542,661612,228121,2937557.2800000003,1012857.2400000001,2275945.2800000003,784736.2400000001,506428.5,-0.4828140318627451,4.44,-2.3695343285099298e-07,8.22,7.980756900673766,0.029974261162849174,0.22522527859312816,0.22522524669308544,-3.1900042718469024e-08,0.12165488316712034,0.12530139840690752,0.003646515239787179,0.03533427450209962,0.020865356016312137,9.433320874438225,15.973373362780723,10.0,0.4,-0.011761611119862235,0.4043828497013892,-0.011761611119862235,0.37,0.36781295318804597,0.9999999254651672,https://www.valottery.com/-/media/val/images/digital-scratcher-teaser-images/2183_teaser.ashx,,,,2023-04-25,112,47.666666666666664,50.333333333333336,22.0,46.0,36.666666666666664,40.53333333333333,27.0,7.0,/virginia-statistics-for-each-scratcher-game
72,2,2197,50,204,4.65,4614,,eXTRA Chances,,2/7/2023,,,2023-04-25,https://www.valottery.com/scratchers/2197,Quick $50s,502010542,625860,212665,2910249.0,988892.2500000001,2284389.0,776227.2500000001,214.3242306025141,0.05060897354173575,4.65,-2.5280812950822235e-07,8.97,8.69353865455849,0.031607740718805434,0.21505381780821364,0.21505376344086022,-5.4367353424789044e-08,0.11150358178648427,0.11502795808880958,0.0035243763023253133,0.03671632250678312,0.017601169378953004,9.078226828533378,18.93488356486524,11.0,0.4,-0.02604073593012076,0.4029302492082048,-0.02604073593012076,0.33,0.32568330104674653,0.9999998698836291,https://www.valottery.com/-/media/val/images/digital-scratcher-teaser-images/2197_teaser.ashx,,,,2023-04-25,77,44.333333333333336,58.0,20.0,36.666666666666664,41.5,40.1,25.5,6.0,/virginia-statistics-for-each-scratcher-game
73,2,2177,50,306,4.32,3564,,eXTRA Chances,,11/1/2022,,,2023-04-25,https://www.valottery.com/scratchers/2177,Festive Bucks,50252010542,746421,289619,3224538.72,1251154.08,2478117.72,961535.0800000001,351.0533108866442,0.14723304211321642,4.32,-6.394096569090273e-08,6.49,6.352004664713843,0.02157005312211432,0.23148149628263187,0.2314815331684725,3.688584063188394e-08,0.15410652885256332,0.15743061486637774,0.0033240860138144257,0.03254353823520588,0.028510631475620045,10.242326530317825,11.69083618505975,8.0,0.38,-0.03305243350696403,0.3823290338359626,-0.03305243350696403,0.37,0.3602680609741671,1.0000001010281734,https://www.valottery.com/-/media/val/images/digital-scratcher-teaser-images/2177_teaser.ashx,,,,2023-04-25,175,55.0,41.0,15.0,56.666666666666664,57.166666666666664,44.96666666666666,44.0,9.0,/virginia-statistics-for-each-scratcher-game
74,2,2180,2023,"44,064",4.41,9,,eXTRA Chances,,12/6/2022,4/7/2023,10/4/2023,2023-04-25,https://www.valottery.com/scratchers/2180,2023,202310050402010542,499067,138130,2200885.47,609153.3,1701818.4700000002,471023.30000000005,67683.66666666667,0.5360309247155653,4.41,-4.924868666065763e-07,8.29,7.887713375408115,0.05146614101543765,0.22675748128959392,0.22675741803865263,-6.32509412901161e-08,0.12057397730947726,0.126779454628479,0.006205477319001743,0.034629334007355926,0.017786617883707345,9.625079886257854,18.735900511519045,10.0,0.37,-0.05650730280615902,0.3718802993664974,-0.05650730280615902,0.24,0.23749890436161916,0.9999998932514635,https://www.valottery.com/-/media/val/images/digital-scratcher-teaser-images/2180_teaser.ashx,,,,2023-04-25,140,50.0,55.666666666666664,9.0,26.0,39.333333333333336,36.0,14.0,3.0,/virginia-statistics-for-each-scratcher-game
75,2,2213,20000,"1,060,800",4.69,3,,eXTRA Chances,,3/7/2023,,,2023-04-25,https://www.valottery.com/scratchers/2213,Double Luck,20000500100402010542,643182,399606,3016523.58,1874152.1400000001,2373341.58,1474546.1400000001,624717.3333333334,-0.41108848667672193,4.69,-7.47004457816792e-08,8.56,8.451064604695468,0.012423057381924158,0.21321963213229236,0.213219657201354,2.5069061632132517e-08,0.11687632593300863,0.11832828723666287,0.0014519613036542423,0.031893402656460616,0.017725575751015448,10.451208953644159,18.803604653602342,10.0,0.42,-0.008526689306377325,0.4191845165173369,-0.008526689306377325,0.66,0.6590614401805048,1.0000001928894515,https://www.valottery.com/-/media/val/images/digital-scratcher-teaser-images/2213_teaser.ashx,,,,2023-04-25,49,58.0,56.333333333333336,31.0,77.33333333333333,47.333333333333336,54.0,74.0,13.0,/virginia-statistics-for-each-scratcher-game
76,2,2218,20000,"897,600",4.32,2,,eXTRA Chances,,4/4/2023,,,2023-04-25,https://www.valottery.com/scratchers/2218,Marvelous Money Vegas Nights,2000050010050252010542,581124,451387,2510455.68,1949991.84,1929331.6800000002,1498604.84,974995.5,0.08622493315508022,4.32,-4.30771033452957e-07,9.03,8.96949851369119,0.006991682615874989,0.23148158119704143,0.2314815441822299,-3.701481152140751e-08,0.11071486996606651,0.1114889531977271,0.0007740832316605883,0.03803604745382703,0.017437266232328868,8.763446366050553,19.114453874764752,11.0,0.41,-0.007195234347039582,0.4129308801938061,-0.007195234347039582,0.77,0.7706216319064129,0.9999994436551706,https://www.valottery.com/-/media/val/images/digital-scratcher-teaser-images/2218_teaser.ashx,,,,2023-04-25,21,40.666666666666664,59.0,27.0,58.333333333333336,37.5,44.5,42.0,8.0,/virginia-statistics-for-each-scratcher-game
77,2,2157,25000,"874,286",6.82,4,,,,5/3/2022,,,2023-04-25,https://www.valottery.com/scratchers/2157,Money Match,250005002501005020105,896780,440534,6116039.600000001,3004441.8800000004,5219259.600000001,2563907.8800000004,751110.25,-0.14088724971004912,6.82,-2.9289965838849384e-07,6.82,6.819999330939583,-1.9479697708117087e-07,0.14662760892958124,0.14662758036696627,-2.856261496764212e-08,0.14662760892958124,0.14662758036696627,-2.856261496764212e-08,0.03724150781731739,0.03724150781731739,8.950404548014802,8.950404548014802,9.0,0.49,-0.0028561361034109356,0.49025542521886767,-0.0028561361034109356,0.5,0.495535922579734,0.9999998119113912,https://www.valottery.com/-/media/val/images/digital-scratcher-teaser-images/2157_teaser.ashx,,,,2023-04-25,357,43.333333333333336,33.333333333333336,76.0,47.333333333333336,46.0,49.2,58.0,12.0,/virginia-statistics-for-each-scratcher-game
78,2,2135,13000,"1,713,600",4.39,1,,eXTRA Chances,,7/6/2021,1/6/2023,7/5/2023,2023-04-25,https://www.valottery.com/scratchers/2135,LUCKY NO. 13,1300010050251510542,1157328,120916,5080669.92,530821.24,3923341.92,409905.24,530821.0,-0.6902305088702148,4.39,-4.5212960947937647e-07,7.95,7.252358847426465,0.0966210557961168,0.22779053579266834,0.22779047404977573,-6.174289260418853e-08,0.1257373012748177,0.13788617207694498,0.012148870802127287,0.03503233908434979,0.021355541213277488,9.514269207508805,15.605101968617667,10.0,0.34,-0.0861900145646548,0.34073538914247925,-0.0861900145646548,0.11,0.11375906261804908,0.9999999683770324,https://www.valottery.com/-/media/val/images/digital-scratcher-teaser-images/2135_teaser.ashx,,,,2023-04-25,658,48.333333333333336,50.0,3.0,24.0,25.166666666666668,30.1,4.0,1.0,/virginia-statistics-for-each-scratcher-game
79,1,2166,1000,"122,400",4.69,41,,eXTRA Chances,,9/23/2022,,,2023-04-25,https://www.valottery.com/scratchers/2166,BLACKJACK,100050010050201054321,1770787,1040339,8304991.03,4879189.91,6534204.03,3838850.91,119004.60975609756,-0.02774011637175195,4.69,-1.865063704518295e-07,9.74,9.568017096872678,0.01790249071245574,0.21321965597151493,0.213219616974901,-3.899661393802489e-08,0.10267669483596557,0.1045148634116521,0.0018381685756865274,0.033712016771243324,0.015719661197245705,9.887577107374574,21.203970034409725,11.0,0.38,-0.03716094202733659,0.38179398256554525,-0.03716094202733659,0.57,0.5631904767315634,0.9999997395135586,https://www.valottery.com/-/media/val/images/digital-scratcher-teaser-images/2166_teaser.ashx,,,,2023-04-25,214,52.333333333333336,60.333333333333336,14.0,45.666666666666664,36.833333333333336,41.833333333333336,33.0,10.0,/virginia-statistics-for-each-scratcher-game
80,1,2191,500,"459,000",4.53,1,,eXTRA Chances,,7/5/2022,1/6/2023,7/5/2023,2023-04-25,https://www.valottery.com/scratchers/2191,Hot $500s,5005020105421,783559,109863,3549522.27,497679.39,2765963.27,387816.39,497679.0,0.08426797385620916,4.53,-7.836370318407252e-07,8.3,7.646190068954226,0.08574922378434767,0.2207507248648225,0.22075056866811926,-1.5619670323818724e-07,0.1204551528193876,0.13078408867447505,0.010328935855087457,0.03693992292249905,0.024191204294221856,9.022919667588344,13.775946408387986,10.0,0.33,-0.15751254767941694,0.32777151537436783,-0.15751254767941694,0.12,0.11578771919382322,0.9999998846129261,https://www.valottery.com/-/media/val/images/digital-scratcher-teaser-images/2191_teaser.ashx,,,,2023-04-25,294,43.666666666666664,46.0,2.0,17.333333333333332,30.166666666666668,27.833333333333332,1.0,1.0,/virginia-statistics-for-each-scratcher-game
81,1,2169,500,"12,240",4.86,195,,eXTRA Chances,,4/4/2023,,,2023-04-25,https://www.valottery.com/scratchers/2169,Pocket Change,500100402010521,670488,504287,3258571.68,2450834.8200000003,2588083.68,1946547.8200000003,12568.379487179487,0.026828389475448293,4.86,-3.3457987199254096e-07,10.56,10.441493980690787,0.010946836977498986,0.20576138571604605,0.20576135981078822,-2.5905257827751882e-08,0.09473469031358304,0.0957717355245597,0.0010370452109766531,0.0388228750668604,0.019294672329033227,8.585857114242284,17.274640734931975,13.0,0.39,-0.02931165939888319,0.39345667638036685,-0.02931165939888319,0.73,0.7212705156254039,0.9999996179959059,https://www.valottery.com/-/media/val/images/digital-scratcher-teaser-images/2169_teaser.ashx,,,,2023-04-25,21,39.333333333333336,53.666666666666664,18.0,55.666666666666664,36.666666666666664,40.666666666666664,29.0,9.0,/virginia-statistics-for-each-scratcher-game
82,1,2212,3000,"612,000",4.82,3,,eXTRA Chances,,3/7/2023,,,2023-04-25,https://www.valottery.com/scratchers/2212,3 Times Lucky,300050025010040301510521,740863,353579,3570959.66,1704250.78,2830096.66,1350671.78,568083.3333333334,-0.07175925925925919,4.82,-4.5767912171073036e-07,9.54,9.304969916798907,0.025588992941506006,0.20746897462226785,0.2074689180133404,-5.6608927462287184e-08,0.10478802992518703,0.10746945008329695,0.002681420158109918,0.03535564771560316,0.02302612733041244,9.427756721756868,14.4751355862346,12.0,0.38,-0.06468070399699931,0.376857855361596,-0.06468070399699931,0.45,0.4503332333997266,0.9999997508914888,https://www.valottery.com/-/media/val/images/digital-scratcher-teaser-images/2212_teaser.ashx,,,,2023-04-25,49,47.333333333333336,49.0,11.0,38.333333333333336,30.5,35.233333333333334,11.0,3.0,/virginia-statistics-for-each-scratcher-game
83,1,2108,1000,"122,400",4.69,14,,,,6/3/2021,,,2023-04-25,https://www.valottery.com/scratchers/2108,Blackjack,100050010050201054321,3450926,556934,16184842.940000001,2612020.4600000004,12733916.940000001,2055086.4600000004,186572.85714285713,0.5242880485527543,4.69,-1.761088809962966e-07,10.91,9.568908341556309,0.13985679994479033,0.21321965375456542,0.2132196285882803,-2.5166285111399844e-08,0.09168268236843516,0.10450512893483915,0.012822446566403994,0.036794886684587115,0.015128323493258624,9.05908242616118,22.031698824588222,13.0,0.3,-0.24389910503025447,0.2998384392156262,-0.24389910503025447,0.12,0.11803508509828901,0.9999999772857566,https://www.valottery.com/-/media/val/images/digital-scratcher-teaser-images/2108_teaser.ashx,,,,2023-04-25,691,44.0,60.666666666666664,1.0,26.0,47.333333333333336,35.8,12.0,4.0,/virginia-statistics-for-each-scratcher-game
84,1,2111,4000,"1,305,600",4.72,2,,eXTRA Chances,,6/11/2021,,,2023-04-25,https://www.valottery.com/scratchers/2111,2X The Money,40005001005020105421,1654841,548272,7810849.52,2587843.84,6156008.52,2039571.8399999999,1293921.5,-0.008944929534313726,4.72,-3.245945472859257e-07,9.21,8.947739881618574,0.028895941082080337,0.21186447554971458,0.21186442088433666,-5.466537791876114e-08,0.10862134990414797,0.11176006603123424,0.003138716127086272,0.033297069094221976,0.01766638971436267,10.010708335089625,18.866953891434438,11.0,0.38,-0.05807060272370433,0.3801277743665284,-0.05807060272370433,0.32,0.3160613072765894,0.9999998721585391,https://www.valottery.com/-/media/val/images/digital-scratcher-teaser-images/2111_teaser.ashx,,,,2023-04-25,683,53.666666666666664,57.0,13.0,34.333333333333336,35.333333333333336,38.66666666666667,18.0,6.0,/virginia-statistics-for-each-scratcher-game
85,1,2216,500,"459,000",4.53,7,,eXTRA Chances,,10/7/2022,,,2023-04-25,https://www.valottery.com/scratchers/2216,Hot $500s,5005020105421,794485,503970,3599017.0500000003,2282984.1,2804532.0500000003,1779014.1,326140.5714285714,-0.28945409274821043,4.53,-4.380232002471737e-08,7.7,7.646078933335599,0.007454531026644232,0.22075056154576642,0.22075055494319698,-6.6025694356319775e-09,0.12981825540608258,0.13078598961883203,0.0009677342127494548,0.0344081615563332,0.02484142425884214,9.68743782984782,13.4178394401861,10.0,0.38,-0.015334672151679921,0.3833596731295532,-0.015334672151679921,0.66,0.6581331952945051,0.9999999481143501,https://www.valottery.com/-/media/val/images/digital-scratcher-teaser-images/2216_teaser.ashx,,,,2023-04-25,200,50.666666666666664,45.333333333333336,16.0,66.66666666666667,39.666666666666664,43.66666666666667,36.5,11.0,/virginia-statistics-for-each-scratcher-game
86,1,2176,25,408,4.62,10185,,eXTRA Chances,,11/1/2022,1/6/2023,7/5/2023,2023-04-25,https://www.valottery.com/scratchers/2176,Holiday Cash Drop,2520105421,1666281,970761,7698218.22,4484915.82,6031937.22,3514154.8200000003,440.34511536573393,0.07927724354346552,4.62,-1.8283509271271988e-07,8.76,8.59344915965636,0.019888314838270273,0.2164502560249191,0.2164502226359399,-3.3388979192583434e-08,0.11409848347181607,0.11636771003367273,0.0022692265618566576,0.03750391561111254,0.022300636006222334,8.887879466504247,14.946820214055101,11.0,0.37,-0.0493300886453049,0.3747221519248414,-0.0493300886453049,0.56,0.5530292106064156,0.9999997846982093,https://www.valottery.com/-/media/val/images/digital-scratcher-teaser-images/2176_teaser.ashx,,,,2023-04-25,175,42.666666666666664,49.333333333333336,10.0,47.333333333333336,40.666666666666664,38.0,16.0,5.0,/virginia-statistics-for-each-scratcher-game
87,1,2208,500,"12,240",4.80,58,,eXTRA Chances,,12/6/2022,,,2023-04-25,https://www.valottery.com/scratchers/2208,$now Buck$,500100402010521,635273,219675,3049310.4,1054440.0,2414037.4,834765.0,18180.0,0.4852941176470588,4.8,0.0,10.86,10.171113505291844,0.06771785545497025,0.20833333333333334,0.20833336066192024,2.7328586893471396e-08,0.0920820530328895,0.09831765219016761,0.0062355991572781155,0.040723453735005195,0.019614978111737458,8.184986363394627,16.990842446422466,14.0,0.34,-0.14996006727795888,0.342009976859755,-0.14996006727795888,0.29,0.28345092501199026,1.000000069337093,https://www.valottery.com/-/media/val/images/digital-scratcher-teaser-images/2208_teaser.ashx,,,,2023-04-25,140,39.0,53.333333333333336,4.0,44.333333333333336,59.083333333333336,39.95,24.0,8.0,/virginia-statistics-for-each-scratcher-game
88,1,2210,5000,"1,224,000",4.64,2,,eXTRA Chances,,1/3/2023,,,2023-04-25,https://www.valottery.com/scratchers/2210,"$5,000 Jumbo Cash",5000500100402010521,766220,209488,3555260.8,972024.32,2789040.8,762536.32,486012.0,-0.6029313725490196,4.64,-3.2920986990121317e-07,9.17,8.65996005261363,0.058910686740125666,0.21551731232973673,0.21551728987472082,-2.2455015902256292e-08,0.10904977654872719,0.11547397377406997,0.006424197225342779,0.0377862163323299,0.02318073134886394,8.82118744823739,14.377808648749939,12.0,0.36,-0.09395193331736301,0.3577504259154095,-0.09395193331736301,0.28,0.2800152941297311,0.9999999607947568,https://www.valottery.com/-/media/val/images/digital-scratcher-teaser-images/2210_teaser.ashx,,,,2023-04-25,112,41.333333333333336,48.666666666666664,5.0,36.333333333333336,31.333333333333332,32.53333333333334,8.0,2.0,/virginia-statistics-for-each-scratcher-game
89,1,2144,4000,"1,762,560",4.70,1,,eXTRA Chances,,9/6/2022,,,2023-04-25,https://www.valottery.com/scratchers/2144,2X The Money,40005001005020105421,1832096,586622,8610851.200000001,2757123.4,6778755.200000001,2170501.4,2757123.0,0.5642718545751634,4.7,-1.4507874410093279e-07,9.25,8.866781789574272,0.043045799133135894,0.21276598831463087,0.21276596238861872,-2.5926012142685195e-08,0.10812611551969209,0.11278049056939901,0.004654375049706921,0.033705723783930684,0.01768858177712471,9.889350428822485,18.84335715686638,11.0,0.37,-0.08591607515203342,0.36543491168148823,-0.08591607515203342,0.27,0.26464931583494966,0.9999999426072322,https://www.valottery.com/-/media/val/images/digital-scratcher-teaser-images/2144_teaser.ashx,,,,2023-04-25,231,52.666666666666664,56.666666666666664,7.0,31.333333333333332,48.166666666666664,39.166666666666664,20.0,7.0,/virginia-statistics-for-each-scratcher-game
90,0,2034,50,102,2.00,1210,,,,12/15/2020,,,2023-04-25,https://www.valottery.com/scratchers/2034,PROMOTIONAL GAME,502010521,101983,75676,203966.0,151352.0,101983.0,75676.0,125.08429752066115,0.22631664235942306,2.0,0.0,2.0,2.0,0.0,0.5,0.5,0.0,0.5,0.5,0.0,0.08314622458522553,0.08314622458522553,4.008789061805378,4.008789061805378,2.0,1.92,-0.0870017685043254,1.9176158887890482,-0.0870017685043254,0.69,0.6867989046545512,1.0,https://www.valottery.com/-/media/val/images/digital-scratcher-teaser-images/2034_teaser.ashx,,,,2023-04-25,861,31.0,31.0,91.0,76.33333333333333,72.08333333333333,60.283333333333324,86.0,1.0,/virginia-statistics-for-each-scratcher-game
