,price,gameNumber,topprize,overallodds,topprizeavail,extrachances,secondChance,startDate,endDate,lastdatetoclaim,dateexported,gameName,Winning Tickets At Start,Winning Tickets Unclaimed,Photo,topprizestarting,topprizeremain,Total at start,Total remaining,Non-prize at start,Non-prize remaining,topprizeodds,Current Odds of Top Prize,Change in Current Odds of Top Prize,Current Odds of Any Prize,Change in Current Odds of Any Prize,Odds of Profit Prize,Starting Odds of Profit Prize,Change in Odds of Profit Prize,Probability of Winning Any Prize,Starting Probability of Winning Any Prize,Change in Probability of Any Prize,Probability of Winning Profit Prize,Starting Probability of Winning Profit Prize,Change in Probability of Profit Prize,StdDev of All Prizes,StdDev of Profit Prizes,Odds of Any Prize + 3 StdDevs,Odds of Profit Prize + 3 StdDevs,Max Tickets to Buy,Expected Value of Any Prize (as % of cost),Change in Expected Value of Any Prize,Expected Value of Profit Prize (as % of cost),Change in Expected Value of Profit Prize,Percent of Prizes Remaining,Percent of Profit Prizes Remaining,Ratio of Decline in Prizes to Decline in Losing Ticket,FAQ,About,Directory,Data Date,Days Since Start,Rank by Best Probability of Winning Any Prize,Rank by Best Probability of Winning Profit Prize,Rank by Least Expected Losses,Rank by Most Available Prizes,Rank by Best Change in Probabilities,Rank Average,Overall Rank,Rank by Cost,Stats Page
0,1,1915,5000,3.84,,,,None,,,12/16/2024 12:35:03 AM,JINGLE JANGLE,477535,287468,https://www.walottery.com/scratch/assets/imgs/tickets/grid/1915.jpg,3,2,1833734.4,1103877.1199999999,1356199.4,816409.1199999999,611244.7999999999,611244.7999999999,0.0,3.84,-1.0870775182802994e-07,7.75,7.588670796760484,0.021020814054148004,0.26041669497598013,0.26041672347243383,2.8496453696735813e-08,0.12906238647965307,0.13177538290722646,0.0027129964275733887,0.04303287981721632,0.023300753756774175,7.745806302168394,14.30425252727931,9.0,0.34,-0.02664792272520107,0.34271209564109045,-0.02664792272520107,0.59,0.5870944484029849,1.0000001655026127,,,,12/16/2024 12:35:03 AM,,35.0,34.333333333333336,20.0,50.333333333333336,34.833333333333336,34.900000000000006,40.0,6.0,/washington-statistics-for-each-scratcher-game
1,1,1916,2000,3.83,,,,None,,,12/16/2024 12:35:03 AM,OH CASHMAS TREE,482694,324802,https://www.walottery.com/scratch/assets/imgs/tickets/grid/1916.jpg,3,2,1848718.02,1243991.66,1366024.02,919189.6599999999,616239.34,616239.34,0.0,3.83,-5.305501807539076e-07,7.66,7.561435296716061,0.012479781486719122,0.26109674426905016,0.2610966085687487,-1.3570030144016698e-07,0.13061991606048598,0.1322500240707344,0.0016301080102484322,0.04285700636353713,0.023525852997034098,7.777616303870967,14.16757428077098,9.0,0.34,-0.023574822093896435,0.3442653524020672,-0.023574822093896435,0.64,0.6381898983442158,0.9999989308529046,,,,12/16/2024 12:35:03 AM,,35.333333333333336,33.333333333333336,21.0,35.0,26.0,30.133333333333336,23.0,4.0,/washington-statistics-for-each-scratcher-game
2,1,1920,2025,3.98,,,,None,,,12/16/2024 12:35:03 AM,2025,340101,340088,https://www.walottery.com/scratch/assets/imgs/tickets/grid/1920.jpg,4,4,1353601.98,1353550.24,1013500.98,1013462.24,338400.495,338400.495,0.0,3.98,-1.773114827492852e-07,7.28,7.279107535613072,-2.1544862832749248e-05,0.2512563259576669,0.2512564633152606,1.3735759368804779e-07,0.13738243877211775,0.1373794788863188,-2.9598857989587835e-06,0.03893817847162609,0.024734196478204996,8.5603630183954,13.47564202285303,9.0,0.36,3.156648270232047e-05,0.36262864319751764,3.156648270232047e-05,1.0,0.9999956278419027,1.0145090694220977,,,,12/16/2024 12:35:03 AM,,38.666666666666664,31.0,28.0,62.666666666666664,33.0,38.666666666666664,51.0,7.0,/washington-statistics-for-each-scratcher-game
3,3,1921,30000,4.15,,,,None,,,12/16/2024 12:35:03 AM,LOTERIA EXTRA!,614304,614294,https://www.walottery.com/scratch/assets/imgs/tickets/grid/1921.jpg,4,4,2549361.6,2549320.1,1935057.6,1935026.1,637340.4,637340.4,0.0,4.15,-3.9226145223569416e-08,7.23,7.225342652110329,-1.9115989455060187e-06,0.24096386487377025,0.24096391213327575,4.7259505503438604e-08,0.1384020052406132,0.13840174067148592,-2.645691272729067e-07,0.034333884167360856,0.023548448971183744,9.70842866597889,14.154646078386389,9.0,0.41,5.784701888843136e-07,0.41010700892787094,5.784701888843136e-07,1.0,0.9999923958575875,1.0121948837280215,,,,12/16/2024 12:35:03 AM,,39.666666666666664,33.0,42.0,62.333333333333336,39.166666666666664,43.233333333333334,61.0,6.0,/washington-statistics-for-each-scratcher-game
4,5,1917,50000,3.38,,,,None,,,12/16/2024 12:35:03 AM,MINTY MONEY,382102,178912,https://www.walottery.com/scratch/assets/imgs/tickets/grid/1917.jpg,4,1,1291504.76,604722.5599999999,909402.76,425810.55999999994,322876.19,322876.19,0.0,3.38,-9.260444988086899e-07,8.92,8.64749916303984,0.0314656346465362,0.29585826214359656,0.2958581622666287,-9.987696786284417e-08,0.11211267326143252,0.11564036967752327,0.003527696416090742,0.05822614695598381,0.02265707366811988,5.7246217574067595,14.708916949694917,11.0,0.35,-0.01738203714834876,0.3463558461574079,-0.01738203714834876,0.45,0.4420989207417958,0.9999997027521933,,,,12/16/2024 12:35:03 AM,,23.333333333333332,35.333333333333336,22.0,32.333333333333336,27.333333333333332,28.06666666666667,19.0,12.0,/washington-statistics-for-each-scratcher-game
5,5,1909,50000,3.32,,,,None,,,12/16/2024 12:35:03 AM,LOTERIA GRANDE 11TH EDITION,984086,984069,https://www.walottery.com/scratch/assets/imgs/tickets/grid/1909.jpg,4,4,3267165.52,3267109.08,2283079.52,2283040.08,816791.38,816791.38,0.0,3.32,-2.4486479644460967e-08,8.6,8.597621629018336,-1.3511224331611233e-06,0.30120482665255427,0.3012048672166848,4.056413055453234e-08,0.11631139334500318,0.1163112361940704,-1.5715093278079184e-07,0.05220905278570652,0.019943727464812436,6.384547370857286,16.71295767099689,10.0,0.37,-1.5602191747105355e-08,0.3733009826118443,-1.5602191747105355e-08,1.0,0.9999812516289358,1.0078569824458088,,,,12/16/2024 12:35:03 AM,,28.333333333333332,39.0,32.0,59.666666666666664,36.0,39.0,52.0,21.0,/washington-statistics-for-each-scratcher-game
6,5,1929,50000,3.37,,,,None,,,12/16/2024 12:35:03 AM,MONEY MAKER SLINGO TRIO,933949,933914,https://www.walottery.com/scratch/assets/imgs/tickets/grid/1929.jpg,5,5,3147408.13,3147290.18,2213459.13,2213376.18,629481.6259999999,629481.6259999999,0.0,3.37,-5.7192057222641236e-08,8.56,8.555784803829624,6.002837447476025e-06,0.2967359220154482,0.2967359173008393,-4.714608869971215e-09,0.11687928344702903,0.11687998505436854,7.016073395177402e-07,0.05482541587106097,0.02198110616943003,6.079865660969013,15.163913492174776,11.0,0.38,4.317242045266151e-07,0.37767762106447134,4.317242045266151e-07,1.0,0.9999882830444493,0.9995762298967487,,,,12/16/2024 12:35:03 AM,,27.0,36.0,35.0,40.666666666666664,34.666666666666664,34.666666666666664,39.0,18.0,/washington-statistics-for-each-scratcher-game
7,10,1928,250000,3.54,,,,None,,,12/16/2024 12:35:03 AM,DIAMOND CROSSWORD,626939,626922,https://www.walottery.com/scratch/assets/imgs/tickets/grid/1928.jpg,3,3,2219364.06,2219303.88,1592425.06,1592381.88,739788.02,739788.02,0.0,3.54,-3.965207325071422e-07,7.03,7.027084190862173,-2.1553236144532057e-06,0.28248598771776545,0.28248588334315594,-1.0437460951084887e-07,0.1423068413821817,0.14230653466488596,-3.067172957282871e-07,0.04638810827431988,0.0260916943339401,7.185667299804482,12.774940783696492,9.0,0.45,9.449557311564582e-07,0.4496830761730147,9.449557311564582e-07,1.0,0.9999897016732225,0.9865573503816573,,,,12/16/2024 12:35:03 AM,,32.0,28.333333333333332,52.0,41.0,34.333333333333336,37.53333333333333,48.0,8.0,/washington-statistics-for-each-scratcher-game
8,10,1918,250000,3.8,,,,None,,,12/16/2024 12:35:03 AM,IT'S GOLD OUTSIDE!,275698,128794,https://www.walottery.com/scratch/assets/imgs/tickets/grid/1918.jpg,3,1,1047652.3999999999,489417.19999999995,771954.3999999999,360623.19999999995,349217.4666666666,349217.4666666666,0.0,3.8,-4.086493077259945e-07,8.26,8.133249489562226,0.015249306296187917,0.2631580022761776,0.2631579952121506,-7.064026974479276e-09,0.12110531509939376,0.12295208714344076,0.0018467720440469987,0.04718411016231601,0.018104873617784147,7.064137681206904,18.405531558034834,10.0,0.43,-0.006598511727505242,0.43496445771193076,-0.006598511727505242,0.44,0.4397262702879548,0.9999999764658906,,,,12/16/2024 12:35:03 AM,,30.666666666666668,40.333333333333336,46.0,40.0,39.0,39.2,53.0,9.0,/washington-statistics-for-each-scratcher-game
9,20,1919,500000,3.91,,,,None,,,12/16/2024 12:35:03 AM,HOLIDAY ICE,199627,124264,https://www.walottery.com/scratch/assets/imgs/tickets/grid/1919.jpg,2,1,780541.5700000001,485872.24,580914.5700000001,361608.24,390270.78500000003,390270.78500000003,0.0,3.91,-4.939570122637984e-07,5.3,5.290476287304202,0.001155420822636674,0.2557546020351039,0.2557546624712859,6.043618200335388e-08,0.18880075410807784,0.18901889843070382,0.00021814432262598493,0.031683073139819815,0.030626670777560313,10.519974260129061,10.882468804907509,6.0,0.48,-0.0013372518479891045,0.4793767700135015,-0.0013372518479891045,0.59,0.5887053270346264,1.000000389637622,,,,12/16/2024 12:35:03 AM,,40.333333333333336,24.0,56.0,52.0,41.666666666666664,42.8,60.0,7.0,/washington-statistics-for-each-scratcher-game
10,1,1831,2000,3.64,,,,None,,,12/16/2024 12:35:03 AM,FAST MONEY,726560,348246,https://www.walottery.com/scratch/assets/imgs/tickets/grid/1831.jpg,4,3,2644678.4,1267615.44,1918118.4,919369.44,661169.6,661169.6,0.0,3.64,-3.471084258849294e-07,6.95,6.786776876470754,0.023318813623557845,0.2747253700847655,0.2747253162766885,-5.380807699406631e-08,0.14398772497958764,0.14734534790246676,0.003357622922879111,0.04364049500194952,0.025719397031282,7.637998203188934,12.959466561084765,8.0,0.33,-0.03403531025504241,0.3278653218840105,-0.03403531025504241,0.48,0.47505997256478977,0.9999998197055536,,,,12/16/2024 12:35:03 AM,,33.333333333333336,29.333333333333332,8.0,37.333333333333336,27.166666666666668,27.03333333333333,17.0,2.0,/washington-statistics-for-each-scratcher-game
11,1,1901,2000,3.91,,,,None,,06/03/25,12/16/2024 12:35:03 AM,FUNNY FACES,409901,118741,https://www.walottery.com/scratch/assets/imgs/tickets/grid/1901.jpg,4,1,1602712.9100000001,464277.31,1192811.9100000001,345536.31,400678.22750000004,400678.22750000004,0.0,3.91,-6.677043941904082e-07,7.8,7.297493454752419,0.06892646460922067,0.2557546464718261,0.25575462091754475,-2.5554281357642594e-08,0.12819717539313816,0.13703335346587533,0.008836178072737177,0.04205351868642684,0.023346745189737356,7.9258785941817065,14.27408357343758,10.0,0.32,-0.09551405551083764,0.32318637365193625,-0.09551405551083764,0.25,0.2408193488930016,0.9999999592517359,,,,12/16/2024 12:35:03 AM,,36.666666666666664,33.666666666666664,6.0,33.0,27.833333333333332,27.43333333333333,18.0,3.0,/washington-statistics-for-each-scratcher-game
12,1,1804,1000,4.46,,,,None,,07/10/25,12/16/2024 12:35:03 AM,TIC TAC BONUS,605441,217101,https://www.walottery.com/scratch/assets/imgs/tickets/grid/1804.jpg,4,1,2700266.86,968270.46,2094825.8599999999,751169.46,675066.715,675066.715,0.0,4.46,-4.7507387560496597e-07,11.2,10.480364836017854,0.0688589293115363,0.22421535315562807,0.22421531804644432,-3.510918375471128e-08,0.08926952193086639,0.09541652563117856,0.0061470037003121675,0.04174793385352501,0.01421898025600757,7.984133437467655,23.43648753216956,13.0,0.34,-0.1332228307330863,0.3374027905439599,-0.1332228307330863,0.31,0.29789405077677267,0.999999912460302,,,,12/16/2024 12:35:03 AM,,37.0,42.0,14.0,35.0,30.166666666666668,31.633333333333333,29.0,5.0,/washington-statistics-for-each-scratcher-game
13,1,1757,5000,3.91,Top Prize Claimed,,,None,,01/07/25,12/16/2024 12:35:03 AM,LUCKY STARS,677838,148277,https://www.walottery.com/scratch/assets/imgs/tickets/grid/1757.jpg,3,0,2650346.58,579763.0700000001,1972508.58,431486.07000000007,883448.86,883448.86,0.0,3.91,-1.207389770999023e-07,7.82,7.297308608323353,0.07140384275420582,0.2557545065828623,0.2557545316724684,2.5089606114914176e-08,0.12790398835386182,0.13703682462591676,0.00913283627205494,0.04228205768231126,0.023631332215447325,7.88314547446625,14.102884074385525,10.0,0.31,-0.1278812351035843,0.31173945215544974,-0.1278812351035843,0.16,0.15157696031862045,1.0000000274680834,,,,12/16/2024 12:35:03 AM,,36.333333333333336,32.333333333333336,4.0,28.0,32.833333333333336,26.7,16.0,1.0,/washington-statistics-for-each-scratcher-game
14,2,1833,20000,3.31,,,,None,,,12/16/2024 12:35:03 AM,CROSSWORD XPLOSION,1491673,875594,https://www.walottery.com/scratch/assets/imgs/tickets/grid/1833.jpg,4,2,4937437.63,2898216.14,3445764.63,2022622.1400000001,1234359.4075,1234359.4075,0.0,3.31,-4.830557598770088e-08,7.74,7.565782154792898,0.022523283266092278,0.30211481821920794,0.30211484217418877,2.3954980832296968e-08,0.12926262224761714,0.1321740409042181,0.002911418656600967,0.05513863306773894,0.024380674283014603,6.045326359554359,13.671532010205318,10.0,0.34,-0.017170540655513964,0.34076411143958907,-0.017170540655513964,0.56,0.5602853679791768,1.000000112691256,,,,12/16/2024 12:35:03 AM,,26.666666666666668,31.666666666666668,18.0,49.333333333333336,34.5,32.03333333333334,32.0,4.0,/washington-statistics-for-each-scratcher-game
15,2,1816,20000,4.38,,,,None,,,12/16/2024 12:35:03 AM,POT OF GOLD,629876,330180,https://www.walottery.com/scratch/assets/imgs/tickets/grid/1816.jpg,4,2,2758856.88,1446188.4,2128980.88,1116008.4,689714.22,689714.22,0.0,4.38,-2.76589135968034e-07,4.93,4.918755181543454,0.003241737173879993,0.22831056543132705,0.22831057510794328,9.67661623052507e-09,0.2026465438794956,0.2033034707139481,0.0006569268344525092,0.02545194839500142,0.026975214688117442,13.096054849462405,12.35650143480542,6.0,0.41,-0.00996331503473725,0.41386424171684455,-0.00996331503473725,0.52,0.5140897362830043,1.000000046694674,,,,12/16/2024 12:35:03 AM,,41.666666666666664,27.333333333333332,43.0,46.0,38.166666666666664,39.233333333333334,54.0,6.0,/washington-statistics-for-each-scratcher-game
16,2,1834,20000,3.63,,,,None,,,12/16/2024 12:35:03 AM,LOTERIA 28TH EDITION,1455193,710406,https://www.walottery.com/scratch/assets/imgs/tickets/grid/1834.jpg,5,3,5282350.59,2578773.78,3827157.59,1868367.7799999998,1056470.118,1056470.118,0.0,3.63,-3.0246933870923886e-07,6.87,6.754534585605688,0.017016605447373063,0.27548217698882377,0.27548212443325415,-5.2555569618473186e-08,0.14557155670545643,0.14804869045027308,0.0024771337448166453,0.0431525931582596,0.0233108997335043,7.72444213687853,14.298917690978623,8.0,0.36,-0.01826244353542608,0.3607723518122766,-0.01826244353542608,0.48,0.48329209643185167,0.9999998180300418,,,,12/16/2024 12:35:03 AM,,34.666666666666664,34.0,27.0,37.666666666666664,32.833333333333336,33.233333333333334,35.5,5.0,/washington-statistics-for-each-scratcher-game
17,2,1792,20000,4.38,,,,None,,04/02/25,12/16/2024 12:35:03 AM,PHARAOH'S FORTUNE,633757,83965,https://www.walottery.com/scratch/assets/imgs/tickets/grid/1792.jpg,4,1,2775855.66,367766.7,2142098.66,283801.7,693963.915,693963.915,0.0,4.38,-1.903380594283592e-06,5.0,4.919582947863166,0.0163628965971552,0.2283109368457117,0.22831055656725585,-3.8027845583599174e-07,0.19999673705562776,0.2032692629838374,0.0032725259282096464,0.025161854778598267,0.0266098324773939,13.245476255326764,12.524564858721254,6.0,0.41,-0.017757665150301728,0.4072208958957598,-0.017757665150301728,0.13,0.13039195777041634,0.9999997456247981,,,,12/16/2024 12:35:03 AM,,42.0,27.666666666666668,41.0,14.666666666666666,27.833333333333332,30.633333333333336,24.0,3.0,/washington-statistics-for-each-scratcher-game
18,2,1779,20000,3.93,,,,None,,,12/16/2024 12:35:03 AM,HIGH VOLTAGE BINGO,2608490,1148526,https://www.walottery.com/scratch/assets/imgs/tickets/grid/1779.jpg,8,3,10251365.700000001,4513707.180000001,7642875.700000001,3365181.1800000006,1281420.7125000001,1281420.7125000001,0.0,3.93,-3.98785284127502e-08,7.68,7.57972999051366,0.012913769915387152,0.25445293635586,0.2544529435836106,7.227750564720026e-09,0.1302488176569724,0.1319308209199458,0.0016820032629733805,0.030737626988930386,0.012750092401727312,10.844369544981483,26.14243885140261,9.0,0.39,-0.01104425707269029,0.3873121361222605,-0.01104425707269029,0.42,0.42030387748693876,1.0000000223457215,,,,12/16/2024 12:35:03 AM,,41.0,42.333333333333336,37.0,40.666666666666664,39.166666666666664,40.03333333333333,58.0,7.0,/washington-statistics-for-each-scratcher-game
19,2,1791,20000,3.63,,,,None,,02/27/25,12/16/2024 12:35:03 AM,LOTERIA 27TH EDITION,1506866,171521,https://www.walottery.com/scratch/assets/imgs/tickets/grid/1791.jpg,5,1,5469923.58,622621.23,3963057.58,451100.23,1093984.716,1093984.716,0.0,3.63,-3.694059708875187e-07,7.49,6.754734246243784,0.10926517564677013,0.27548219542867974,0.2754821228744902,-7.255418954521531e-08,0.13346160826570258,0.148044314334955,0.01458270606925241,0.04725825456134711,0.023611936497600718,7.053151441086405,14.114755606352931,9.0,0.29,-0.11335440171218861,0.28919278341077476,-0.11335440171218861,0.1,0.10168691119162268,0.9999999661707195,,,,12/16/2024 12:35:03 AM,,30.333333333333332,32.666666666666664,3.0,18.0,28.666666666666668,22.533333333333335,8.0,2.0,/washington-statistics-for-each-scratcher-game
20,2,1795,20000,3.31,Top Prize Claimed,,,None,,02/27/25,12/16/2024 12:35:03 AM,CROSSWORD MULTIPLIER,1495286,224267,https://www.walottery.com/scratch/assets/imgs/tickets/grid/1795.jpg,4,0,4949396.66,742323.77,3454110.66,518056.77,1237349.165,1237349.165,0.0,3.31,-1.0372832329228214e-06,8.85,7.570036738277247,0.1688919870923391,0.3021151170043229,0.3021148439122673,-2.730920556359706e-07,0.11301279901067325,0.13209975520245298,0.019086956191779733,0.0591132821758512,0.020609432593899486,5.638748857427477,16.170706288768326,11.0,0.28,-0.10567853471752323,0.2777705931245563,-0.10567853471752323,0.11,0.10176886569560832,0.9999998405039722,,,,12/16/2024 12:35:03 AM,,22.333333333333332,37.333333333333336,1.0,15.666666666666666,22.333333333333332,19.733333333333334,3.0,1.0,/washington-statistics-for-each-scratcher-game
21,3,1914,30000,3.91,,,,None,,,12/16/2024 12:35:03 AM,CUCKOO FOR CROSSWORD,662552,604466,https://www.walottery.com/scratch/assets/imgs/tickets/grid/1914.jpg,5,4,2590578.3200000003,2363462.06,1928026.3200000003,1758996.06,518115.66400000005,518115.66400000005,0.0,3.91,-2.538648756968504e-08,7.39,7.363780557134736,0.0030178578486745643,0.25575448219603275,0.25575450729528315,2.509925040028449e-08,0.1353912184752706,0.1357998099265878,0.00040859145131719177,0.04118968831042172,0.027063519311064436,8.092531999441196,12.316229082262188,9.0,0.39,-0.004001748584458336,0.38906612418562264,-0.004001748584458336,0.89,0.8911295198542802,1.0000010212647648,,,,12/16/2024 12:35:03 AM,,38.0,27.0,38.0,58.0,38.666666666666664,39.93333333333333,57.0,5.0,/washington-statistics-for-each-scratcher-game
22,3,1829,30000,4.17,,,,None,,,12/16/2024 12:35:03 AM,FLAMINGO SLINGO,935059,282449,https://www.walottery.com/scratch/assets/imgs/tickets/grid/1829.jpg,6,1,3899196.03,1177812.33,2964137.03,895363.3300000001,649866.005,649866.005,0.0,4.17,-2.8018045970165614e-07,7.19,6.788341144436939,0.05855192011248644,0.23980822066679572,0.2398081553222767,-6.534451901796245e-08,0.13916312620350277,0.14731139445157412,0.008148268248071355,0.029410864109976613,0.016679814770249754,11.333225611282824,19.981798462196775,8.0,0.37,-0.03517523473214148,0.36688509428216615,-0.03517523473214148,0.27,0.26012510344137957,0.9999998820680811,,,,12/16/2024 12:35:03 AM,,41.333333333333336,40.666666666666664,30.0,32.0,36.333333333333336,36.06666666666667,44.0,4.0,/washington-statistics-for-each-scratcher-game
23,3,1817,30000,3.93,,,,None,,07/10/25,12/16/2024 12:35:03 AM,A WHOLE LATTE CASH CROSSWORD,625904,135381,https://www.walottery.com/scratch/assets/imgs/tickets/grid/1817.jpg,5,1,2459802.72,532047.3300000001,1833898.7200000002,396666.3300000001,491960.54400000005,491960.54400000005,0.0,3.93,-6.202455710471867e-07,8.0,7.445912893968931,0.07441291318926481,0.2544530840320498,0.2544530006886733,-8.334337647797341e-08,0.12500023494164988,0.13430186657300058,0.009301631631350699,0.04139570443424839,0.024630628852721,8.051886364516827,13.530532217760737,10.0,0.35,-0.03872159883040209,0.3506062434333809,-0.03872159883040209,0.2,0.19349612539539948,0.9999999096014062,,,,12/16/2024 12:35:03 AM,,37.333333333333336,31.333333333333332,25.0,27.333333333333332,33.333333333333336,30.866666666666667,26.0,2.0,/washington-statistics-for-each-scratcher-game
24,3,1805,30000,3.93,,,,None,,03/18/25,12/16/2024 12:35:03 AM,CROSSWORD BONUS CASH,645805,148203,https://www.walottery.com/scratch/assets/imgs/tickets/grid/1805.jpg,5,1,2538013.65,582437.79,1892208.65,434234.79000000004,507602.73,507602.73,0.0,3.93,-1.356368033778315e-06,7.91,7.445626376979109,0.0620224331127123,0.2544532713409347,0.2544529913755367,-2.7996539803121223e-07,0.12646346300114863,0.13430703467633934,0.007843571675190703,0.041284379999363366,0.025117003171857943,8.073638852622018,13.268831604287655,10.0,0.36,-0.03433046996918206,0.3557975655163849,-0.03433046996918206,0.2,0.19522023437895394,0.9999996723040641,,,,12/16/2024 12:35:03 AM,,37.666666666666664,30.333333333333332,26.0,22.0,27.166666666666668,28.633333333333333,20.0,1.0,/washington-statistics-for-each-scratcher-game
25,3,1794,30000,4.17,,,,None,,03/18/25,12/16/2024 12:35:03 AM,SUPER SLINGO,933513,165048,https://www.walottery.com/scratch/assets/imgs/tickets/grid/1794.jpg,6,1,3892749.21,688250.16,2959236.21,523202.16000000003,648791.535,648791.535,0.0,4.17,-2.3247361105161248e-07,7.58,6.788486556430208,0.11595922378994686,0.23980820922629859,0.23980816641401745,-4.2812281136894725e-08,0.13200145296040683,0.1473082389848408,0.015306786024433972,0.030933560297241876,0.01604534405668989,10.775079513116125,20.76970908336972,9.0,0.35,-0.050757583962585014,0.3476546797433104,-0.050757583962585014,0.15,0.14909621645598073,0.9999999616566123,,,,12/16/2024 12:35:03 AM,,40.666666666666664,41.0,23.0,24.0,37.5,33.233333333333334,35.5,3.0,/washington-statistics-for-each-scratcher-game
26,5,1912,50000,3.36,,,,None,,,12/16/2024 12:35:03 AM,WASHINGTON CASH,656956,579764,https://www.walottery.com/scratch/assets/imgs/tickets/grid/1912.jpg,4,4,2207372.16,1948007.04,1550416.1600000001,1368243.04,551843.04,551843.04,0.0,3.36,-2.0533806665583364e-08,8.55,8.518593414735802,0.004171978036110708,0.29761905373029973,0.297619069191781,1.5461481261969112e-08,0.11690255733167283,0.11739027223322575,0.00048771490155291586,0.05726542383222416,0.022898551805364525,5.820789656019523,14.556030875145247,11.0,0.38,-8.686154879518014e-05,0.37773683564792127,-8.686154879518014e-05,0.87,0.8688375620752682,1.0000003901840282,,,,12/16/2024 12:35:03 AM,,24.333333333333332,34.666666666666664,36.0,57.0,38.166666666666664,38.03333333333333,49.0,19.0,/washington-statistics-for-each-scratcher-game
27,5,1904,2600000,4.72,,,,None,,,12/16/2024 12:35:03 AM,LUCKY FOR LIFE V18,1021284,833464,https://www.walottery.com/scratch/assets/imgs/tickets/grid/1904.jpg,4,3,4820460.4799999995,3933950.0799999996,3799176.4799999995,3100486.0799999996,1205115.1199999999,1205115.1199999999,0.0,4.72,-2.033579425380712e-08,7.91,7.885510693498837,0.0037025993962688246,0.21186441108809212,0.2118644278761778,1.6788085671626263e-08,0.1263470557582074,0.1268148682905781,0.0004678125323706872,0.03326272655438984,0.025039800497775443,10.021106507132222,13.311783616022558,10.0,0.68,-0.01025272504529636,0.682167287332071,-0.01025272504529636,0.81,0.8042960311211115,1.00000035163195,,,,12/16/2024 12:35:03 AM,,40.0,30.666666666666668,61.0,55.333333333333336,46.833333333333336,46.76666666666667,63.0,22.0,/washington-statistics-for-each-scratcher-game
28,5,1903,50000,4.21,,,,None,,,12/16/2024 12:35:03 AM,CA$H PAYOUT,526172,336033,https://www.walottery.com/scratch/assets/imgs/tickets/grid/1903.jpg,4,2,2215184.12,1414698.93,1689012.12,1078665.93,553796.03,553796.03,0.0,4.21,-6.573836879445479e-07,4.21,4.209999771937693,-6.032121513062051e-07,0.2375298473596485,0.23752970407875823,-1.4328089026349744e-07,0.2375298473596485,0.23752970407875823,-1.4328089026349744e-07,0.03833819768221702,0.03833819768221702,8.694323912197088,8.694323912197088,5.0,0.43,-0.0036580027632925087,0.4287153866054805,-0.0036580027632925087,0.6,0.6007960305655928,0.9999989339432059,,,,12/16/2024 12:35:03 AM,,39.0,23.666666666666668,44.0,34.666666666666664,29.666666666666668,34.2,38.0,17.0,/washington-statistics-for-each-scratcher-game
29,5,1900,50000,3.41,,,,None,,,12/16/2024 12:35:03 AM,SEATTLE SEAHAWKS,417681,106831,https://www.walottery.com/scratch/assets/imgs/tickets/grid/1900.jpg,4,1,1424292.21,364293.71,1006611.21,257462.71000000002,356073.0525,356073.0525,0.0,3.41,-1.94897682977761e-06,8.64,8.114930347833518,0.06481884523158742,0.2932557035133807,0.2932551752028376,-5.283105430908819e-07,0.11572827366982072,0.12322964672974362,0.007501373059922906,0.05558157569110979,0.025507964761700704,5.996854494420434,13.063764467339094,11.0,0.34,-0.022095348358462316,0.34014104031644854,-0.022095348358462316,0.2,0.19622299329859752,0.9999993808598568,,,,12/16/2024 12:35:03 AM,,25.666666666666668,29.666666666666668,17.0,19.0,21.0,22.46666666666667,6.0,3.0,/washington-statistics-for-each-scratcher-game
30,5,1799,50000,3.31,,,,None,,,12/16/2024 12:35:03 AM,LUCKY STARS (100),661448,427687,https://www.walottery.com/scratch/assets/imgs/tickets/grid/1799.jpg,4,3,2189392.88,1415643.97,1527944.88,987956.97,547348.22,547348.22,0.0,3.31,-6.852005310239115e-07,8.59,8.536639762935236,0.005910631629108521,0.3021150106347434,0.3021149250568194,-8.557792396945985e-08,0.11645379520119126,0.11714211068643715,0.0006883154852458939,0.05627474198079937,0.021447142651649806,5.923238474499065,15.540620786676984,11.0,0.37,-2.2706202116108256e-05,0.37249857485255816,-2.2706202116108256e-05,0.64,0.6431820499142283,0.9999994817453458,,,,12/16/2024 12:35:03 AM,,25.0,36.666666666666664,31.0,38.0,28.5,31.833333333333332,30.0,15.0,/washington-statistics-for-each-scratcher-game
31,5,1902,50000,3.34,,,,None,,06/03/25,12/16/2024 12:35:03 AM,FRANKENBUCKS,360236,76087,https://www.walottery.com/scratch/assets/imgs/tickets/grid/1902.jpg,4,1,1203188.24,254130.58,842952.24,178043.58,300797.06,300797.06,0.0,3.34,-2.282291253524117e-06,9.4,8.71382841582294,0.07926835361400197,0.2994018809270846,0.29940125732636963,-6.236007149551526e-07,0.10633140518632196,0.11476012061290505,0.008428715426583092,0.05619899658993645,0.01976780979002617,5.930841666894534,16.851915205517177,12.0,0.34,-0.017608581823277448,0.34197064494550033,-0.017608581823277448,0.19,0.1822936816881855,0.9999994422800669,,,,12/16/2024 12:35:03 AM,,25.333333333333332,39.333333333333336,19.0,17.0,21.666666666666668,24.46666666666667,13.0,9.0,/washington-statistics-for-each-scratcher-game
32,5,1905,75000,3.38,,,,None,,,12/16/2024 12:35:03 AM,MONEY FEVER,730960,402721,https://www.walottery.com/scratch/assets/imgs/tickets/grid/1905.jpg,4,2,2470644.8,1361196.98,1739684.7999999998,958475.98,617661.2,617661.2,0.0,3.38,-7.19954579976647e-07,8.77,8.61836523971647,0.017079909491440268,0.29585820117014744,0.2958580839651524,-1.1720499504264126e-07,0.1140827625117911,0.11603128577002596,0.0019485232582348577,0.05760818538719505,0.022729736089552123,5.786131639021856,14.663692349337996,11.0,0.37,-0.006103557131231714,0.36636090614430256,-0.006103557131231714,0.54,0.539549055828854,0.999999513955097,,,,12/16/2024 12:35:03 AM,,24.0,35.0,29.0,33.333333333333336,28.166666666666668,29.9,22.0,13.0,/washington-statistics-for-each-scratcher-game
33,5,1836,50000,3.33,,,,None,,05/20/25,12/16/2024 12:35:03 AM,"RED, WHITE & BLUE 7S",648709,103520,https://www.walottery.com/scratch/assets/imgs/tickets/grid/1836.jpg,4,1,2160200.97,344721.60000000003,1511491.9700000002,241201.60000000003,540050.2425,540050.2425,0.0,3.33,-1.7405349708723975e-06,9.54,8.66732200533633,0.10112105656668315,0.3003008229843845,0.300300435144894,-3.878394904677229e-07,0.10478038761781266,0.11537589112119248,0.010595503503379816,0.058961038519237806,0.020100143611459644,5.6531421196932214,16.57601895899826,12.0,0.34,-0.020565458482478573,0.33606597799379784,-0.020565458482478573,0.15,0.14391698259753444,0.9999997547705763,,,,12/16/2024 12:35:03 AM,,22.666666666666668,38.0,13.0,17.666666666666668,22.666666666666668,22.800000000000004,9.0,5.0,/washington-statistics-for-each-scratcher-game
34,5,1835,50000,3.37,,,,None,,,12/16/2024 12:35:03 AM,JUNGLE JACKPOT,703305,280137,https://www.walottery.com/scratch/assets/imgs/tickets/grid/1835.jpg,4,2,2370137.85,944061.6900000001,1666832.85,663924.6900000001,592534.4625,592534.4625,0.0,3.37,-7.30884440473766e-07,8.76,8.55592617059603,0.023638233156407576,0.2967361219243248,0.2967360114626285,-1.1046169628992075e-07,0.11417906258176114,0.11687805388464886,0.0026989913028877266,0.05777457460255387,0.022557499056707394,5.769431806536454,14.77502637002538,11.0,0.37,-0.001932131160874986,0.37435504697260025,-0.001932131160874986,0.4,0.40047349696125506,0.9999997535670142,,,,12/16/2024 12:35:03 AM,,23.666666666666668,35.666666666666664,34.0,32.333333333333336,30.333333333333332,31.2,27.0,14.0,/washington-statistics-for-each-scratcher-game
35,5,1798,50000,3.33,Top Prize Claimed,,,None,,03/28/25,12/16/2024 12:35:03 AM,ALL ABOUT THE BENJAMINS,658876,125774,https://www.walottery.com/scratch/assets/imgs/tickets/grid/1798.jpg,4,0,2194057.08,418827.42,1535181.08,293053.42,548514.27,548514.27,0.0,3.33,-1.002799673396434e-06,9.41,8.667776776966594,0.08562320014869965,0.30030060144164533,0.30030031124989004,-2.9019175529221286e-07,0.10627060815085942,0.11536983770248449,0.009099229551625065,0.05855485837688511,0.020297659202806993,5.69240975434097,16.41619790214841,12.0,0.32,-0.03156192753008437,0.31504893428551645,-0.03156192753008437,0.15,0.147587248625643,0.9999997720133961,,,,12/16/2024 12:35:03 AM,,23.0,37.666666666666664,5.0,19.0,22.0,21.333333333333332,4.0,2.0,/washington-statistics-for-each-scratcher-game
36,5,1832,50000,3.32,Top Prize Claimed,,,None,,07/09/25,12/16/2024 12:35:03 AM,LOTERIA GRANDE 10TH EDITION,962791,217724,https://www.walottery.com/scratch/assets/imgs/tickets/grid/1832.jpg,4,0,3196466.1199999996,722843.6799999999,2233675.1199999996,505119.67999999993,799116.5299999999,799116.5299999999,0.0,3.32,-9.407289830654889e-07,9.14,8.597388345728156,0.063297301269824,0.3012051026294783,0.30120483058477704,-2.7204470126607205e-07,0.10939028253714846,0.11631439220689349,0.006924109669745035,0.053944437788633406,0.019326679184155267,6.179022100785196,17.24355430103192,11.0,0.32,-0.026525702814845037,0.32408697324315233,-0.026525702814845037,0.2,0.20226171604173063,0.9999997360699694,,,,12/16/2024 12:35:03 AM,,27.333333333333332,40.0,7.0,25.0,22.166666666666668,24.3,12.0,8.0,/washington-statistics-for-each-scratcher-game
37,5,1797,50000,3.37,,,,None,,05/07/25,12/16/2024 12:35:03 AM,BOLT BUCKS (100),724877,110326,https://www.walottery.com/scratch/assets/imgs/tickets/grid/1797.jpg,4,1,2442835.49,371798.62,1717958.4900000002,261472.62,610708.8725,610708.8725,0.0,3.37,-1.6675693955926143e-06,9.26,8.57721950106213,0.07960318880711173,0.29673639987304934,0.2967359645657607,-4.3530728865981416e-07,0.107991436209985,0.11658789889615959,0.008596462686174589,0.059554926817869114,0.021811399227633484,5.596790077459283,15.276713918218423,12.0,0.35,-0.014869955036665503,0.3500395375983733,-0.014869955036665503,0.16,0.1562088805970284,0.9999997366429528,,,,12/16/2024 12:35:03 AM,,22.0,36.333333333333336,24.0,18.666666666666668,25.166666666666668,25.233333333333338,15.0,11.0,/washington-statistics-for-each-scratcher-game
38,5,1823,75000,3.38,Top Prize Claimed,,,None,,03/18/25,12/16/2024 12:35:03 AM,EXTRA PLAY,730937,85759,https://www.walottery.com/scratch/assets/imgs/tickets/grid/1823.jpg,4,0,2470567.06,289865.42,1739630.06,204106.41999999998,617641.765,617641.765,0.0,3.38,-1.4489482739208083e-06,9.78,8.617345141386203,0.13540100192142984,0.2958584168492229,0.2958579953508648,-4.214983581052323e-07,0.10220619943766926,0.11604502124411117,0.013838821806441914,0.061004429837661404,0.02116962604133201,5.463735952238126,15.737465768272289,12.0,0.29,-0.047243882776565146,0.28857571628171735,-0.047243882776565146,0.08,0.07645649706968091,0.9999998106296271,,,,12/16/2024 12:35:03 AM,,21.666666666666668,37.0,2.0,11.333333333333334,19.333333333333332,18.266666666666666,2.0,1.0,/washington-statistics-for-each-scratcher-game
39,5,1821,50000,3.32,,,,None,,07/07/25,12/16/2024 12:35:03 AM,5X THE CASH,651130,65718,https://www.walottery.com/scratch/assets/imgs/tickets/grid/1821.jpg,4,1,2161751.6,218183.75999999998,1510621.6,152465.75999999998,540437.9,540437.9,0.0,3.32,-3.483302331849223e-06,9.86,8.62458009176142,0.1433005529182847,0.30120586846821246,0.3012049028773434,-9.655908690398007e-07,0.10141486733613526,0.11594767389953792,0.014532806563402653,0.04690381323332198,0.01512027382384488,7.1059742822074865,22.023513783744907,12.0,0.34,-0.019601662882747388,0.3381610849607899,-0.019601662882747388,0.09,0.09377257254111607,0.9999996401244992,,,,12/16/2024 12:35:03 AM,,31.333333333333332,41.333333333333336,16.0,7.666666666666667,21.666666666666668,23.6,10.0,6.0,/washington-statistics-for-each-scratcher-game
40,5,1788,50000,3.31,Top Prize Claimed,,,None,,03/24/25,12/16/2024 12:35:03 AM,ROLL THE DICE (100),663921,183409,https://www.walottery.com/scratch/assets/imgs/tickets/grid/1788.jpg,4,0,2197578.5100000002,607083.79,1533657.5100000002,423674.79000000004,549394.6275000001,549394.6275000001,0.0,3.31,-1.3013030705366535e-06,8.91,8.53398521993406,0.04424503748270443,0.3021151967688109,0.30211487373827006,-3.230305408163936e-07,0.11221365118113998,0.11717854838372062,0.004964897202580643,0.05530237789692882,0.020101492906085032,6.02727028849278,16.578480740719513,11.0,0.33,-0.021840255799012737,0.331730587086115,-0.021840255799012737,0.24,0.23997573147417264,0.9999995918805986,,,,12/16/2024 12:35:03 AM,,26.333333333333332,38.333333333333336,10.0,23.666666666666668,20.333333333333332,23.733333333333334,11.0,7.0,/washington-statistics-for-each-scratcher-game
41,5,1822,50000,3.55,,,,None,,,12/16/2024 12:35:03 AM,CROSSWORD CORNER,882660,287693,https://www.walottery.com/scratch/assets/imgs/tickets/grid/1822.jpg,4,1,3133443.0,1021310.1499999999,2250783.0,733617.1499999999,783360.75,783360.75,0.0,3.55,-1.4687017448857621e-07,8.47,8.213308764167461,0.03149853932099711,0.28169018221695663,0.28169014084507044,-4.137188619468546e-08,0.1180356600836181,0.12175361096404179,0.00371795088042369,0.05712250346308812,0.025775908487598614,5.835293485163206,12.930585138158984,11.0,0.37,-0.009500211177494128,0.3741381167324319,-0.009500211177494128,0.32,0.3224310550081982,0.9999999289817451,,,,12/16/2024 12:35:03 AM,,24.666666666666668,29.0,33.0,36.0,37.333333333333336,32.0,31.0,16.0,/washington-statistics-for-each-scratcher-game
42,5,1806,50000,3.32,Top Prize Claimed,,,None,,01/03/25,12/16/2024 12:35:03 AM,LOTERIA GRANDE 9TH EDITION,967580,228853,https://www.walottery.com/scratch/assets/imgs/tickets/grid/1806.jpg,4,0,3212365.5999999996,759791.96,2244785.5999999996,530938.96,803091.3999999999,803091.3999999999,0.0,3.32,-1.2635037622591586e-06,9.0,8.601861025572365,0.04637473073493076,0.3012051998510117,0.30120487553562564,-3.2431538604660304e-07,0.11110160557311155,0.11625391261578308,0.005152307042671528,0.05351654107498207,0.0194913691054283,6.2284343247901655,17.098122486948604,11.0,0.33,-0.021611577138969346,0.3330442187391006,-0.021611577138969346,0.21,0.20188716341793966,0.9999996664372234,,,,12/16/2024 12:35:03 AM,,27.666666666666668,39.666666666666664,11.0,24.0,21.0,24.666666666666664,14.0,10.0,/washington-statistics-for-each-scratcher-game
43,5,1786,2600000,4.72,,,,None,,04/29/25,12/16/2024 12:35:03 AM,LUCKY FOR LIFE V17 (100),1020033,117016,https://www.walottery.com/scratch/assets/imgs/tickets/grid/1786.jpg,4,1,4814555.76,552315.52,3794522.76,435299.52,1203638.94,1203638.94,0.0,4.72,-9.414908348229459e-07,8.86,7.883653375383371,0.12447643275174505,0.21186460624824602,0.21186444022344744,-1.6602479857574792e-07,0.11280338212795235,0.1268447447375718,0.01404136260961944,0.03672249380388739,0.0238735932404316,9.07638462691035,13.959299924830592,11.0,1.18,0.1269147152977228,1.1761730172093823,0.1269147152977228,0.1,0.1008675878469353,0.9999998984537641,,,,12/16/2024 12:35:03 AM,,39.333333333333336,32.0,63.0,15.666666666666666,43.166666666666664,38.63333333333333,50.0,20.0,/washington-statistics-for-each-scratcher-game
44,5,1739,50000,3.31,Top Prize Claimed,,,None,,01/21/25,12/16/2024 12:35:03 AM,CASH $PIN,645125,151103,https://www.walottery.com/scratch/assets/imgs/tickets/grid/1739.jpg,4,0,2135363.75,500150.93,1490238.75,349047.93,533840.9375,533840.9375,0.0,3.31,-1.8594387098873105e-06,8.94,8.534146770364568,0.04800954119338919,0.30211536539038286,0.30211490973665833,-4.556537245292702e-07,0.11180845746276118,0.11717633020708891,0.005367872744327734,0.05539418381257474,0.02001656088311204,6.017239290439741,16.647919716437574,11.0,0.33,-0.022996194883259213,0.3302209337198841,-0.022996194883259213,0.2,0.1990859862456194,0.99999953869442,,,,12/16/2024 12:35:03 AM,,26.0,38.666666666666664,9.0,20.666666666666668,18.166666666666668,22.5,7.0,4.0,/washington-statistics-for-each-scratcher-game
45,10,1906,1000,3.42,,,,None,,,12/16/2024 12:35:03 AM,"$1,000 DREAMIN'",612677,332564,https://www.walottery.com/scratch/assets/imgs/tickets/grid/1906.jpg,510,292,2095355.3399999999,1137368.88,1482678.3399999999,804804.8799999999,4108.539882352941,4108.539882352941,0.0,3.42,-7.737155601066658e-07,6.6,6.566267325584675,0.004860203529190629,0.2923978870515084,0.29239770826423206,-1.787872763170384e-07,0.15155692792482292,0.15229352544079644,0.0007365975159735194,0.04965658206190417,0.02837241995551189,6.712636901836806,11.747697822764723,8.0,0.44,-0.0005526806315802664,0.43671001821749866,-0.0005526806315802664,0.54,0.542933477038701,0.9999992740544735,,,,12/16/2024 12:35:03 AM,,30.0,24.666666666666668,48.0,32.0,32.333333333333336,33.400000000000006,37.0,3.0,/washington-statistics-for-each-scratcher-game
46,10,1810,250000,3.45,,,,None,,,12/16/2024 12:35:03 AM,BONUS MONEY,604355,336195,https://www.walottery.com/scratch/assets/imgs/tickets/grid/1810.jpg,3,2,2085024.75,1159872.75,1480669.75,823677.75,695008.25,695008.25,0.0,3.45,-6.466226576407053e-07,6.72,6.666508931740211,0.008695924426482768,0.28985525989074656,0.2898551767269825,-8.316376404193804e-08,0.1487103749379242,0.15000354911981828,0.0012931741818940912,0.043557915665224926,0.027451364668307346,7.652472367137468,12.14183239493698,8.0,0.44,0.00024610967197135426,0.4401580519229708,0.00024610967197135426,0.55,0.5505124995517575,0.9999996402920397,,,,12/16/2024 12:35:03 AM,,34.0,26.333333333333332,50.0,36.666666666666664,36.166666666666664,36.63333333333333,45.0,7.0,/washington-statistics-for-each-scratcher-game
47,10,1824,250000,3.61,,,,None,,,12/16/2024 12:35:03 AM,"$250,000 LOTERIA 6TH EDITION",603139,326808,https://www.walottery.com/scratch/assets/imgs/tickets/grid/1824.jpg,3,1,2177331.79,1179776.88,1574192.79,852968.8799999999,725777.2633333333,725777.2633333333,0.0,3.61,-7.459037508303076e-07,7.33,7.290577599196384,0.0053742354390034115,0.27700851687099926,0.2770084107561046,-1.0611489464906754e-07,0.1364301358902029,0.13716334356145207,0.0007332076712491808,0.046550634249655165,0.025849596837111195,7.160504582348316,12.8940746153658,9.0,0.44,-0.0033304309434730394,0.4368553861071932,-0.0033304309434730394,0.52,0.5117537056464152,0.9999995469500377,,,,12/16/2024 12:35:03 AM,,31.666666666666668,28.666666666666668,49.0,32.666666666666664,33.666666666666664,35.13333333333333,42.0,5.0,/washington-statistics-for-each-scratcher-game
48,10,1807,200000,3.43,Top Prize Claimed,,,None,,03/12/25,12/16/2024 12:35:03 AM,"$200,000 CASH STACKS",611885,121678,https://www.walottery.com/scratch/assets/imgs/tickets/grid/1807.jpg,3,0,2098765.5500000003,417355.54000000004,1486880.5500000003,295677.54000000004,699588.5166666667,699588.5166666667,0.0,3.43,-1.2938608650305807e-06,6.77,6.594104543498,0.025954220690973504,0.29154556672377235,0.29154526590637825,-3.0081739410547925e-07,0.1478142109235543,0.15165061357512633,0.003836402651572035,0.05052597634849135,0.028032653524426108,6.596908865152299,11.888603255855143,8.0,0.39,-0.01081771634206093,0.39033197158294497,-0.01081771634206093,0.17,0.16207757960012567,0.999999743888579,,,,12/16/2024 12:35:03 AM,,29.666666666666668,25.0,39.0,20.333333333333332,30.166666666666668,28.833333333333332,21.0,1.0,/washington-statistics-for-each-scratcher-game
49,10,1744,100,10.0,,,,None,,,12/16/2024 12:35:03 AM,$20 MILLION CASH BLOWOUT,296635,135264,https://www.walottery.com/scratch/assets/imgs/tickets/grid/1744.jpg,118654,53989,2966350.0,1352640.0,2669715.0,1217376.0,25.0,25.0,0.0,10.0,0.0,10.0,10.0,0.0,0.1,0.1,0.0,0.1,0.1,0.0,0.014264043375514648,0.014264043375514648,23.36474633629995,23.36474633629995,12.0,0.6,-7.183483163786993e-05,0.5995689910101728,-7.183483163786993e-05,0.46,0.45583095948443936,1.0,,,,12/16/2024 12:35:03 AM,,42.333333333333336,41.666666666666664,60.0,42.0,44.833333333333336,46.16666666666667,62.0,10.0,/washington-statistics-for-each-scratcher-game
50,10,1808,250000,3.61,,,,None,,04/02/25,12/16/2024 12:35:03 AM,"$250,000 LOTERIA 5TH EDITION",607015,71012,https://www.walottery.com/scratch/assets/imgs/tickets/grid/1808.jpg,3,1,2191324.15,256353.31999999998,1584309.15,185341.31999999998,730441.3833333333,730441.3833333333,0.0,3.61,-1.2482771824505995e-06,7.47,7.290585522791772,0.02480826547725946,0.27700865603289215,0.2770083292110158,-3.2682187633970017e-07,0.13384278709435818,0.13716319448881134,0.003320407394453162,0.04713343333035078,0.025447313104714656,7.071416535027209,13.093960976553785,9.0,0.55,0.02239795938764225,0.5521546461324816,0.02239795938764225,0.14,0.14569745688775046,0.9999998436916296,,,,12/16/2024 12:35:03 AM,,31.0,30.0,59.0,19.666666666666668,35.833333333333336,35.1,41.0,4.0,/washington-statistics-for-each-scratcher-game
51,10,1781,250000,3.47,,,,None,,06/11/25,12/16/2024 12:35:03 AM,24 KARAT GOLD,787402,119226,https://www.walottery.com/scratch/assets/imgs/tickets/grid/1781.jpg,3,1,2732284.94,413714.22000000003,1944882.94,294488.22000000003,910761.6466666666,910761.6466666666,0.0,3.47,-5.317680402964877e-07,7.05,6.740754629469727,0.04592752876747314,0.2881845912877012,0.2881845371857391,-5.410196207700224e-08,0.141837114528394,0.1483513426861922,0.006514228157798202,0.051190460107844754,0.027181447710944908,6.511274333934505,12.260704051346885,9.0,0.44,0.0008145460408203227,0.44447250999482735,0.0008145460408203227,0.17,0.17135729967033958,0.9999999665017325,,,,12/16/2024 12:35:03 AM,,29.333333333333332,26.666666666666668,51.0,28.333333333333332,41.333333333333336,35.333333333333336,43.0,6.0,/washington-statistics-for-each-scratcher-game
52,10,1723,250000,3.37,,,,None,,06/11/25,12/16/2024 12:35:03 AM,GEM 7,797585,82645,https://www.walottery.com/scratch/assets/imgs/tickets/grid/1723.jpg,3,1,2687861.45,278513.65,1890276.4500000002,195868.65000000002,895953.8166666668,895953.8166666668,0.0,3.37,-2.3338173909746492e-06,6.77,6.38407366765948,0.060355823259307426,0.29673659757354237,0.29673595472384917,-6.428496931998318e-07,0.147723804633895,0.15663979647757081,0.008915991843675808,0.05195993286618773,0.027637930791080578,6.414701529323061,12.057185129517418,8.0,0.46,0.005603679376496857,0.45829279064172945,0.005603679376496857,0.13,0.1333259012223568,0.999999749570661,,,,12/16/2024 12:35:03 AM,,28.666666666666668,25.666666666666668,54.0,15.0,33.5,31.366666666666667,28.0,2.0,/washington-statistics-for-each-scratcher-game
53,20,1825,500000,3.36,,,,None,,,12/16/2024 12:35:03 AM,LOTERIA SUPER GRANDE!,550932,433688,https://www.walottery.com/scratch/assets/imgs/tickets/grid/1825.jpg,3,3,1851131.52,1457191.68,1300199.52,1023503.6799999999,617043.84,617043.84,0.0,3.36,-4.6665103104444265e-07,4.33,4.33011073632404,0.00044031512657213097,0.2976191865033479,0.29761913122301986,-5.5280328037365933e-08,0.23083933403376772,0.2309409760843506,0.00010164205058288411,0.04349988154732818,0.04402779125839753,7.662720722365874,7.570805200637299,5.0,0.46,0.001010603319413613,0.457456675205927,0.001010603319413613,0.78,0.7819112146949752,0.9999993129376252,,,,12/16/2024 12:35:03 AM,,34.333333333333336,23.333333333333332,53.0,38.333333333333336,36.5,37.1,46.5,5.0,/washington-statistics-for-each-scratcher-game
54,20,1780,1000000,3.4,,,,None,,,12/16/2024 12:35:03 AM,"$1,000,000 DIAMOND DAZZLER",760361,536930,https://www.walottery.com/scratch/assets/imgs/tickets/grid/1780.jpg,5,2,2585227.4,1825562.0,1824866.4,1288632.0,517045.48,517045.48,0.0,3.4,0.0,4.4,4.394992698322569,0.0005351276976838643,0.29411764705882354,0.2941176925662621,4.5507438539704737e-08,0.22740997019000175,0.22753166356377988,0.00012169337377812561,0.04360798600463209,0.0441154296000117,7.643751031174407,7.5557978160716015,5.0,0.43,-0.004619849060417765,0.4338247619089355,-0.004619849060417765,0.67,0.6661598116237725,1.0000003718225374,,,,12/16/2024 12:35:03 AM,,33.666666666666664,23.0,45.0,54.333333333333336,42.166666666666664,39.63333333333333,55.0,6.0,/washington-statistics-for-each-scratcher-game
55,20,1827,500000,3.51,Top Prize Claimed,,,None,03/12/25,12/17/24,12/16/2024 12:35:03 AM,50X THE CASH,260121,22599,https://www.walottery.com/scratch/assets/imgs/tickets/grid/1827.jpg,3,0,913024.71,79322.48999999999,652903.71,56723.48999999999,304341.57,304341.57,0.0,3.51,-6.1773149077757595e-06,4.67,4.584029120120497,0.017881841003084393,0.2849020448299337,0.28490050644889947,-1.5383810342273208e-06,0.2143163309044149,0.21814870145801205,0.003832370553597142,0.04621247534740386,0.04687332631473938,7.210757977357436,7.108391473459188,6.0,0.34,-0.01341236918118518,0.3378476336955699,-0.01341236918118518,0.06,0.051106906774038355,0.9999994862480204,,,,12/16/2024 12:35:03 AM,,32.333333333333336,22.333333333333332,15.0,4.333333333333333,17.166666666666668,18.233333333333334,1.0,1.0,/washington-statistics-for-each-scratcher-game
56,20,1732,1000000,2.97,,,,None,,,12/16/2024 12:35:03 AM,LET IT RIDE,853093,258931,https://www.walottery.com/scratch/assets/imgs/tickets/grid/1732.jpg,5,1,2533686.21,769025.0700000001,1680593.21,510094.07000000007,506737.24199999997,506737.24199999997,0.0,2.97,-9.10243407770988e-08,3.91,3.894856584184062,0.002631898256871103,0.33670036734826564,0.3367003646071376,-2.741128046768182e-09,0.25607490003575956,0.25674886311879214,0.0006739630830325805,0.05292195901925363,0.05333480582002813,6.298429447125135,6.249629105677945,5.0,0.4,-0.004528376078712858,0.3981544813237541,-0.004528376078712858,0.29,0.2849677275286455,0.9999999964521527,,,,12/16/2024 12:35:03 AM,,28.0,21.666666666666668,40.0,37.0,38.0,32.93333333333334,33.0,4.0,/washington-statistics-for-each-scratcher-game
57,20,1789,500000,3.36,,,,None,,04/29/25,12/16/2024 12:35:03 AM,LOTERIA SUPER GRANDE!,550747,50527,https://www.walottery.com/scratch/assets/imgs/tickets/grid/1789.jpg,3,1,1850509.92,169770.72,1299762.92,119243.72,616836.64,616836.64,0.0,3.36,-4.241013998186274e-06,4.38,4.33008393372348,0.010570203743434226,0.2976203098309477,0.29761919558348543,-1.1142474622971577e-06,0.22852683041762384,0.23094240557597936,0.0024155751583555263,0.04475089170007757,0.04514550528075243,7.4475432385705105,7.382128209914205,5.0,0.52,0.008168204380264433,0.5216277905401425,0.008168204380264433,0.11,0.1073430077617406,0.9999996218349524,,,,12/16/2024 12:35:03 AM,,32.666666666666664,22.666666666666668,58.0,10.333333333333334,30.166666666666668,30.766666666666662,25.0,3.0,/washington-statistics-for-each-scratcher-game
58,20,1718,500000,3.04,Top Prize Claimed,,,None,,02/28/25,12/16/2024 12:35:03 AM,SIX FIGURES,595110,95753,https://www.walottery.com/scratch/assets/imgs/tickets/grid/1718.jpg,5,0,1809134.4,291089.12,1214024.4,195336.12,361826.88,361826.88,0.0,3.04,-4.1224488223663773e-07,4.04,4.016780862977749,0.0061119306373272324,0.3289475040279777,0.32894744115140173,-6.287657594583607e-08,0.24744322183249798,0.24895557764101497,0.0015123558085169964,0.051527049559467374,0.05123101978052672,6.4686570962185765,6.505886992348296,5.0,0.33,-0.009956261682524623,0.3345179652958373,-0.009956261682524623,0.14,0.13863909987572304,0.9999999633475071,,,,12/16/2024 12:35:03 AM,,29.0,22.0,12.0,21.666666666666668,25.333333333333332,22.0,5.0,2.0,/washington-statistics-for-each-scratcher-game
59,30,1801,2000000,2.86,,,,None,,,12/16/2024 12:35:03 AM,SERIOUS MONEY,1171485,1125320,https://www.walottery.com/scratch/assets/imgs/tickets/grid/1801.jpg,4,4,3350447.0999999996,3218415.1999999997,2178962.0999999996,2093095.1999999997,837611.7749999999,837611.7749999999,0.0,2.86,-6.214238603106694e-08,4.62,4.622855660586928,-9.625598129719677e-06,0.349650371378458,0.34965036008628103,-1.1292176971267054e-08,0.21631859160487382,0.21631650940904304,-2.0821958307826183e-06,0.0428280669960376,0.027888313116182614,7.783004260841377,11.952232799608659,5.0,0.44,0.00025568808784997736,0.43563689994402005,0.00025568808784997736,0.97,0.9695169730378244,0.9999992127611116,,,,12/16/2024 12:35:03 AM,,35.666666666666664,25.333333333333332,47.0,40.333333333333336,37.166666666666664,37.1,46.5,2.0,/washington-statistics-for-each-scratcher-game
60,30,1809,2000000,2.86,,,,None,,,12/16/2024 12:35:03 AM,CHROME,647354,160750,https://www.walottery.com/scratch/assets/imgs/tickets/grid/1809.jpg,3,1,1851432.44,459745.0,1204078.44,298995.0,617144.1466666666,617144.1466666666,0.0,2.86,0.0,4.63,4.624210121435244,0.0010905314252006595,0.34965034965034963,0.3496504327461122,8.309576254861284e-08,0.21601757496003218,0.21625314891392178,0.00023557395388959512,0.04265187867404216,0.027450711541779027,7.8148287663480565,12.141491531981906,5.0,0.47,0.0025826001224742647,0.4734008345205857,0.0025826001224742647,0.26,0.2651650300854795,1.0000000785091459,,,,12/16/2024 12:35:03 AM,,36.0,26.0,55.0,38.0,46.333333333333336,40.266666666666666,59.0,4.0,/washington-statistics-for-each-scratcher-game
61,30,1784,2000000,2.91,,,,None,,07/10/25,12/16/2024 12:35:03 AM,SUPREME 7S,622796,39431,https://www.walottery.com/scratch/assets/imgs/tickets/grid/1784.jpg,3,1,1812336.36,114744.21,1189540.36,75313.21,604112.12,604112.12,0.0,2.91,-1.8301577048048392e-06,4.77,4.758136164582086,0.00213285402833576,0.34364324060517326,0.3436426799445577,-5.6066061554505e-07,0.20971902670292128,0.21016632677384325,0.0004473000709219743,0.04365713397120565,0.02879249025219693,7.6337764355003985,11.571525846270344,6.0,0.91,0.0344821959175317,0.9121667944874388,0.0344821959175317,0.1,0.10265134842278079,0.999999889721813,,,,12/16/2024 12:35:03 AM,,33.0,24.333333333333332,62.0,15.666666666666666,30.833333333333332,33.16666666666667,34.0,1.0,/washington-statistics-for-each-scratcher-game
62,30,1752,2000000,2.93,,,,None,,,12/16/2024 12:35:03 AM,"$2,000,000 MONEY MILLIONAIRE",1128609,167657,https://www.walottery.com/scratch/assets/imgs/tickets/grid/1752.jpg,3,1,3306824.37,491235.01,2178215.37,323578.01,1102274.79,1102274.79,0.0,2.93,-2.035685537468434e-08,4.83,4.810422603643431,0.00318175279000015,0.34129693527537736,0.3412969665153029,3.123992553533128e-08,0.2072226123952894,0.20788194352042927,0.0006593311251398559,0.040367934871476975,0.026181378588968376,8.256972223036339,12.73010306837796,6.0,0.51,0.005428989796723464,0.5077189803929552,0.005428989796723464,0.16,0.16473572906855047,1.000000015969731,,,,12/16/2024 12:35:03 AM,,38.333333333333336,28.0,57.0,28.666666666666668,46.666666666666664,39.733333333333334,56.0,3.0,/washington-statistics-for-each-scratcher-game
